uriPer,labelPer,birthYear,gender,labelPlace,geometry,uriPlace,periods,FID,REGION,CNTR_ID,CNTR_NAME,NAME_ENGL,ISO3_CODE,coded_country,activityYear,periodsActivity
http://www.wikidata.org/entity/Q18291610,Charles Lewis Gruneisen,1806,male,Bloomsbury,POINT (-0.125 51.523056),http://www.wikidata.org/entity/Q150120,1801-1810,24,Northern Europe,UK,United Kingdom,United Kingdom,GBR,United Kingdom,1851,1846-1870
http://www.wikidata.org/entity/Q5940332,José Gómez de la Carrera,1801,male,Spain,POINT (-3.5 40.2),http://www.wikidata.org/entity/Q29,1801-1810,19,Southern Europe,ES,España,Spain,ESP,Spain Port.,1846,1846-1870
http://www.wikidata.org/entity/Q21079155,John McCosh,1805,male,Kirkmichael,POINT (-4.61467 55.3461),http://www.wikidata.org/entity/Q3776817,1801-1810,24,Northern Europe,UK,United Kingdom,United Kingdom,GBR,United Kingdom,1850,1846-1870
http://www.wikidata.org/entity/Q1388736,Julius von Wickede,1819,male,Schwerin,POINT (11.415 53.628889),http://www.wikidata.org/entity/Q1709,1811-1820,22,Western Europe,DE,Deutschland,Germany,DEU,Germany,1864,1846-1870
http://www.wikidata.org/entity/Q1348650,James Robertson,1813,male,Middlesex,POINT (-0.416667 51.5),http://www.wikidata.org/entity/Q19186,1811-1820,24,Northern Europe,UK,United Kingdom,United Kingdom,GBR,United Kingdom,1858,1846-1870
http://www.wikidata.org/entity/Q74465,Friedrich Wilhelm Hackländer,1816,male,Burtscheid,POINT (6.093438 50.763723),http://www.wikidata.org/entity/Q328649,1811-1820,22,Western Europe,DE,Deutschland,Germany,DEU,Germany,1861,1846-1870
http://www.wikidata.org/entity/Q75265,Otto von Corvin,1812,male,Gusev,POINT (22.19972 54.59222),http://www.wikidata.org/entity/Q5663,1811-1820,9,European Russia,RU,Россия,Russian Federation,RUS,Russian Federation,1857,1846-1870
http://www.wikidata.org/entity/Q721574,Carol Szathmari,1812,male,Cluj-Napoca,POINT (23.59066 46.76891),http://www.wikidata.org/entity/Q100188,1811-1820,8,Eastern Europe,RO,România,Romania,ROU,Central Europe,1857,1846-1870
http://www.wikidata.org/entity/Q93862,Ferdinando Petruccelli della Gattina,1815,male,Moliterno,POINT (15.86 40.24),http://www.wikidata.org/entity/Q52609,1811-1820,19,Southern Europe,IT,Italia,Italy,ITA,Italy,1860,1846-1870
http://www.wikidata.org/entity/Q76632,Theodor Fontane,1819,male,Neuruppin,POINT (12.8 52.922222),http://www.wikidata.org/entity/Q16085,1811-1820,22,Western Europe,DE,Deutschland,Germany,DEU,Germany,1864,1846-1870
http://www.wikidata.org/entity/Q345666,Roger Fenton,1819,male,"Crimble Hall, Heywood",POINT (-2.20857 53.6045),http://www.wikidata.org/entity/Q114876258,1811-1820,24,Northern Europe,UK,United Kingdom,United Kingdom,GBR,United Kingdom,1864,1846-1870
http://www.wikidata.org/entity/Q2853930,Antoine Fauchery,1823,male,Paris,POINT (2.352222 48.856667),http://www.wikidata.org/entity/Q90,1821-1830,22,Western Europe,FR,France,France,FRA,France,1868,1846-1870
http://www.wikidata.org/entity/Q661176,Alexander Gardner,1821,male,Paisley,POINT (-4.423889 55.845556),http://www.wikidata.org/entity/Q211870,1821-1830,24,Northern Europe,UK,United Kingdom,United Kingdom,GBR,United Kingdom,1866,1846-1870
http://www.wikidata.org/entity/Q2095810,William Simpson,1823,male,Glasgow,POINT (-4.25 55.861111),http://www.wikidata.org/entity/Q4093,1821-1830,24,Northern Europe,UK,United Kingdom,United Kingdom,GBR,United Kingdom,1868,1846-1870
http://www.wikidata.org/entity/Q6937407,Murat Halstead,1829,male,Butler County,POINT (-84.58 39.44),http://www.wikidata.org/entity/Q485561,1821-1830,23,Northern America,US,United States,United States,USA,United States Can.,1874,1871-1895
http://www.wikidata.org/entity/Q18526918,Frank Vizetelly,1830,male,London,POINT (-0.1275 51.507222),http://www.wikidata.org/entity/Q84,1821-1830,24,Northern Europe,UK,United Kingdom,United Kingdom,GBR,United Kingdom,1875,1871-1895
http://www.wikidata.org/entity/Q41692082,John Reekie,1829,male,Scotland,POINT (-5 57),http://www.wikidata.org/entity/Q22,1821-1830,24,Northern Europe,UK,United Kingdom,United Kingdom,GBR,United Kingdom,1874,1871-1895
http://www.wikidata.org/entity/Q38455487,Egbert Guy Fowx,1821,male,Kentucky,POINT (-85 37.5),http://www.wikidata.org/entity/Q1603,1821-1830,23,Northern America,US,United States,United States,USA,United States Can.,1866,1846-1870
http://www.wikidata.org/entity/Q96098920,Carlos Massa Sanguinetti,1823,male,Madrid,POINT (-3.703333 40.416944),http://www.wikidata.org/entity/Q2807,1821-1830,19,Southern Europe,ES,España,Spain,ESP,Spain Port.,1868,1846-1870
http://www.wikidata.org/entity/Q8006207,William Bury Westall,1834,male,Accrington,POINT (-2.36384 53.75337),http://www.wikidata.org/entity/Q1622949,1831-1840,24,Northern Europe,UK,United Kingdom,United Kingdom,GBR,United Kingdom,1879,1871-1895
http://www.wikidata.org/entity/Q1452890,Frederick Gutekunst,1831,male,Germantown,POINT (-75.181944 40.043611),http://www.wikidata.org/entity/Q279890,1831-1840,23,Northern America,US,United States,United States,USA,United States Can.,1876,1871-1895
http://www.wikidata.org/entity/Q22919701,Pyotr Sokalsky,1832,male,Kharkiv,POINT (36.231111 49.9925),http://www.wikidata.org/entity/Q42308,1831-1840,8,Eastern Europe,UA,Україна,Ukraine,UKR,Ukraine,1877,1871-1895
http://www.wikidata.org/entity/Q52170382,Vasily Timiryazev,1840,male,Saint Petersburg,POINT (30.316667 59.95),http://www.wikidata.org/entity/Q656,1831-1840,9,European Russia,RU,Россия,Russian Federation,RUS,Russian Federation,1885,1871-1895
http://www.wikidata.org/entity/Q15431075,John L. Gihon,1839,male,Milford,POINT (-75.094722 40.568611),http://www.wikidata.org/entity/Q1083131,1831-1840,23,Northern America,US,United States,United States,USA,United States Can.,1884,1871-1895
http://www.wikidata.org/entity/Q29877791,Eliza Archard Conner,1838,female,Clermont County,POINT (-84.15 39.05),http://www.wikidata.org/entity/Q485582,1831-1840,23,Northern America,US,United States,United States,USA,United States Can.,1883,1871-1895
http://www.wikidata.org/entity/Q91417,Henry Villard,1835,male,Speyer,POINT (8.433615 49.316555),http://www.wikidata.org/entity/Q6829,1831-1840,22,Western Europe,DE,Deutschland,Germany,DEU,Germany,1880,1871-1895
http://www.wikidata.org/entity/Q20035913,George G. Rockwood,1832,male,Troy,POINT (-73.6925 42.731667),http://www.wikidata.org/entity/Q600301,1831-1840,23,Northern America,US,United States,United States,USA,United States Can.,1877,1871-1895
http://www.wikidata.org/entity/Q6210407,"Joe Howard, Jr.",1833,male,Brooklyn,POINT (-73.949722 40.650833),http://www.wikidata.org/entity/Q18419,1831-1840,23,Northern America,US,United States,United States,USA,United States Can.,1878,1871-1895
http://www.wikidata.org/entity/Q1607516,Archibald Forbes,1838,male,Cambridge,POINT (0.1225 52.208055),http://www.wikidata.org/entity/Q350,1831-1840,24,Northern Europe,UK,United Kingdom,United Kingdom,GBR,United Kingdom,1883,1871-1895
http://www.wikidata.org/entity/Q639274,G. A. Henty,1832,male,Cambridge,POINT (0.1225 52.208055),http://www.wikidata.org/entity/Q350,1831-1840,24,Northern Europe,UK,United Kingdom,United Kingdom,GBR,United Kingdom,1877,1871-1895
http://www.wikidata.org/entity/Q1976958,Nikolay Karazin,1842,male,Kharkov Governorate,POINT (36.229167 50),http://www.wikidata.org/entity/Q2363136,1841-1850,8,Eastern Europe,UA,Україна,Ukraine,UKR,Ukraine,1887,1871-1895
http://www.wikidata.org/entity/Q597124,Josep Lluis Pellicer,1842,male,Barcelona,POINT (2.176944 41.3825),http://www.wikidata.org/entity/Q1492,1841-1850,19,Southern Europe,ES,España,Spain,ESP,Spain Port.,1887,1871-1895
http://www.wikidata.org/entity/Q64685794,Jacob B. de Liefde,1847,male,Holland,POINT (4.667 52.25),http://www.wikidata.org/entity/Q102911,1841-1850,22,Western Europe,NL,Nederland,Netherlands,NLD,Belgium Netherl.,1892,1871-1895
http://www.wikidata.org/entity/Q60623342,Alphons Danzer,1842,male,Timișoara,POINT (21.23 45.759722),http://www.wikidata.org/entity/Q83404,1841-1850,8,Eastern Europe,RO,România,Romania,ROU,Central Europe,1887,1871-1895
http://www.wikidata.org/entity/Q44426442,G. O. Brown,1843,male,New York,POINT (-75 43),http://www.wikidata.org/entity/Q1384,1841-1850,23,Northern America,US,United States,United States,USA,United States Can.,1888,1871-1895
http://www.wikidata.org/entity/Q3814766,Mikhail P. Fyodorov,1845,male,Kursk,POINT (36.187222 51.737222),http://www.wikidata.org/entity/Q3159,1841-1850,9,European Russia,RU,Россия,Russian Federation,RUS,Russian Federation,1890,1871-1895
http://www.wikidata.org/entity/Q4276223,Nikolay Maksimov,1848,male,Parfenyevo,POINT (43.409167 58.482222),http://www.wikidata.org/entity/Q4346173,1841-1850,9,European Russia,RU,Россия,Russian Federation,RUS,Russian Federation,1893,1871-1895
http://www.wikidata.org/entity/Q1678898,Jakob Baechtold,1848,male,Schleitheim,POINT (8.4851 47.7493),http://www.wikidata.org/entity/Q69111,1841-1850,22,Western Europe,DE,Deutschland,Germany,DEU,Germany,1893,1871-1895
http://www.wikidata.org/entity/Q1977210,Vasily Nemirovich-Danchenko,1845,male,Tbilisi,POINT (44.7925 41.7225),http://www.wikidata.org/entity/Q994,1841-1850,21,Western Asia,GE,საქართველო,Georgia,GEO,Russian Federation,1890,1871-1895
http://www.wikidata.org/entity/Q55419434,Edith Dickenson,1851,female,England,POINT (-1 53),http://www.wikidata.org/entity/Q21,1851-1860,24,Northern Europe,UK,United Kingdom,United Kingdom,GBR,United Kingdom,1896,1896-1920
http://www.wikidata.org/entity/Q77475,Ludwig Ganghofer,1855,male,Kaufbeuren,POINT (10.6225 47.88),http://www.wikidata.org/entity/Q14805,1851-1860,22,Western Europe,DE,Deutschland,Germany,DEU,Germany,1900,1896-1920
http://www.wikidata.org/entity/Q5084065,Charles à Court Repington,1858,male,Heytesbury,POINT (-2.1 51.1833),http://www.wikidata.org/entity/Q5749803,1851-1860,24,Northern Europe,UK,United Kingdom,United Kingdom,GBR,United Kingdom,1903,1896-1920
http://www.wikidata.org/entity/Q12292428,Richard von Mach,1853,male,"Jawory, Pomeranian Voivodeship",POINT (17.41916 54.315491),http://www.wikidata.org/entity/Q584495,1851-1860,8,Eastern Europe,PL,Polska,Poland,POL,Poland,1898,1896-1920
http://www.wikidata.org/entity/Q112074603,Edwin Cleary,1857,male,Kentucky,POINT (-85 37.5),http://www.wikidata.org/entity/Q1603,1851-1860,23,Northern America,US,United States,United States,USA,United States Can.,1902,1896-1920
http://www.wikidata.org/entity/Q6200287,Jimmy Hare,1856,male,London,POINT (-0.1275 51.507222),http://www.wikidata.org/entity/Q84,1851-1860,24,Northern Europe,UK,United Kingdom,United Kingdom,GBR,United Kingdom,1901,1896-1920
http://www.wikidata.org/entity/Q94879455,Richard Gädke,1852,male,Spandau,POINT (13.2044 52.5367),http://www.wikidata.org/entity/Q569827,1851-1860,22,Western Europe,DE,Deutschland,Germany,DEU,Germany,1897,1896-1920
http://www.wikidata.org/entity/Q1072114,Nikolai Samokysh,1860,male,Nizhyn,POINT (31.8805 51.047361),http://www.wikidata.org/entity/Q952457,1851-1860,8,Eastern Europe,UA,Україна,Ukraine,UKR,Ukraine,1905,1896-1920
http://www.wikidata.org/entity/Q15963314,Andrew Hilliard Atteridge,1852,male,Liverpool,POINT (-2.991667 53.407222),http://www.wikidata.org/entity/Q24826,1851-1860,24,Northern Europe,UK,United Kingdom,United Kingdom,GBR,United Kingdom,1897,1896-1920
http://www.wikidata.org/entity/Q4722249,Alfred Arthur Greenwood Hales,1860,male,Adelaide,POINT (138.6 -34.9275),http://www.wikidata.org/entity/Q5112,1851-1860,2,Australia/New Zealand,AU,Australia,Australia,AUS,Australia New Z.,1905,1896-1920
http://www.wikidata.org/entity/Q72417490,Adolf Strausz,1853,male,Cece,POINT (18.634611 46.77148),http://www.wikidata.org/entity/Q378836,1851-1860,8,Eastern Europe,HU,Magyarország,Hungary,HUN,Austria Hungary,1898,1896-1920
http://www.wikidata.org/entity/Q3436576,Robert Wilton,1868,male,Norfolk,POINT (0.95 52.6725),http://www.wikidata.org/entity/Q23109,1861-1870,24,Northern Europe,UK,United Kingdom,United Kingdom,GBR,United Kingdom,1913,1896-1920
http://www.wikidata.org/entity/Q1950313,Bas Veth,1861,male,Arnhem,POINT (5.916667 51.983333),http://www.wikidata.org/entity/Q1310,1861-1870,22,Western Europe,NL,Nederland,Netherlands,NLD,Belgium Netherl.,1906,1896-1920
http://www.wikidata.org/entity/Q6688835,Louise Mack,1870,female,Hobart,POINT (147.316667 -42.883333),http://www.wikidata.org/entity/Q40191,1861-1870,2,Australia/New Zealand,AU,Australia,Australia,AUS,Australia New Z.,1915,1896-1920
http://www.wikidata.org/entity/Q90730190,Charles Mills Sheldon,1866,male,Lawrenceburg,POINT (-84.857778 39.096111),http://www.wikidata.org/entity/Q1026789,1861-1870,23,Northern America,US,United States,United States,USA,United States Can.,1911,1896-1920
http://www.wikidata.org/entity/Q123531486,Herbert Henry William Russell,1869,male,Royal Borough of Kensington and Chelsea,POINT (-0.195278 51.502222),http://www.wikidata.org/entity/Q188801,1861-1870,24,Northern Europe,UK,United Kingdom,United Kingdom,GBR,United Kingdom,1914,1896-1920
http://www.wikidata.org/entity/Q1711704,Jules Gervais-Courtellemont,1863,male,Avon,POINT (2.725 48.408889),http://www.wikidata.org/entity/Q791277,1861-1870,22,Western Europe,FR,France,France,FRA,France,1908,1896-1920
http://www.wikidata.org/entity/Q16721278,Vladimir Shuf,1863,male,Moscow,POINT (37.6175 55.750556),http://www.wikidata.org/entity/Q649,1861-1870,9,European Russia,RU,Россия,Russian Federation,RUS,Russian Federation,1908,1896-1920
http://www.wikidata.org/entity/Q18385268,Arthur Radclyffe Dugmore,1870,male,Wales,POINT (-3.633333 52.35),http://www.wikidata.org/entity/Q25,1861-1870,24,Northern Europe,UK,United Kingdom,United Kingdom,GBR,United Kingdom,1915,1896-1920
http://www.wikidata.org/entity/Q5644949,Hamilton Fyfe,1869,male,London,POINT (-0.1275 51.507222),http://www.wikidata.org/entity/Q84,1861-1870,24,Northern Europe,UK,United Kingdom,United Kingdom,GBR,United Kingdom,1914,1896-1920
http://www.wikidata.org/entity/Q2920090,"William Peel, 1st Earl Peel",1867,male,London,POINT (-0.1275 51.507222),http://www.wikidata.org/entity/Q84,1861-1870,24,Northern Europe,UK,United Kingdom,United Kingdom,GBR,United Kingdom,1912,1896-1920
http://www.wikidata.org/entity/Q287994,Edith Durham,1863,female,London,POINT (-0.1275 51.507222),http://www.wikidata.org/entity/Q84,1861-1870,24,Northern Europe,UK,United Kingdom,United Kingdom,GBR,United Kingdom,1908,1896-1920
http://www.wikidata.org/entity/Q7789792,Thomas Franklin Fairfax Millard,1868,male,Missouri,POINT (-92.5 38.5),http://www.wikidata.org/entity/Q1581,1861-1870,23,Northern America,US,United States,United States,USA,United States Can.,1913,1896-1920
http://www.wikidata.org/entity/Q19832950,Basil Gotto,1866,male,London,POINT (-0.1275 51.507222),http://www.wikidata.org/entity/Q84,1861-1870,24,Northern Europe,UK,United Kingdom,United Kingdom,GBR,United Kingdom,1911,1896-1920
http://www.wikidata.org/entity/Q1642328,Edgar Amphlett,1867,male,Dorchester,POINT (-2.439722 50.710833),http://www.wikidata.org/entity/Q503331,1861-1870,24,Northern Europe,UK,United Kingdom,United Kingdom,GBR,United Kingdom,1912,1896-1920
http://www.wikidata.org/entity/Q76289129,Cecil William Battine,1867,male,Paddington,POINT (-0.173 51.5172),http://www.wikidata.org/entity/Q124230,1861-1870,24,Northern Europe,UK,United Kingdom,United Kingdom,GBR,United Kingdom,1912,1896-1920
http://www.wikidata.org/entity/Q1619108,Alejandro Pérez Lugín,1870,male,Madrid,POINT (-3.703333 40.416944),http://www.wikidata.org/entity/Q2807,1861-1870,19,Southern Europe,ES,España,Spain,ESP,Spain Port.,1915,1896-1920
http://www.wikidata.org/entity/Q7422914,Sarah Wilson,1865,female,Hove,POINT (-0.1725 50.831111),http://www.wikidata.org/entity/Q989616,1861-1870,24,Northern Europe,UK,United Kingdom,United Kingdom,GBR,United Kingdom,1910,1896-1920
http://www.wikidata.org/entity/Q13562982,Rheta Childe Dorr,1866,female,Omaha,POINT (-95.9375 41.258611),http://www.wikidata.org/entity/Q43199,1861-1870,23,Northern America,US,United States,United States,USA,United States Can.,1911,1896-1920
http://www.wikidata.org/entity/Q15968007,William Beach Thomas,1868,male,Godmanchester,POINT (-0.1725 52.3176),http://www.wikidata.org/entity/Q1533868,1861-1870,24,Northern Europe,UK,United Kingdom,United Kingdom,GBR,United Kingdom,1913,1896-1920
http://www.wikidata.org/entity/Q1566535,Theodor Bumiller,1864,male,Landstuhl,POINT (7.572222 49.412222),http://www.wikidata.org/entity/Q22950,1861-1870,22,Western Europe,DE,Deutschland,Germany,DEU,Germany,1909,1896-1920
http://www.wikidata.org/entity/Q8007849,William Dinwiddie,1867,male,Charlottesville,POINT (-78.479 38.0299),http://www.wikidata.org/entity/Q123766,1861-1870,23,Northern America,US,United States,United States,USA,United States Can.,1912,1896-1920
http://www.wikidata.org/entity/Q922457,Richard Harding Davis,1864,male,Philadelphia,POINT (-75.163611 39.952778),http://www.wikidata.org/entity/Q1345,1861-1870,23,Northern America,US,United States,United States,USA,United States Can.,1909,1896-1920
http://www.wikidata.org/entity/Q18057549,Edwin Emerson Jr.,1869,male,Dresden,POINT (13.738144 51.049329),http://www.wikidata.org/entity/Q1731,1861-1870,22,Western Europe,DE,Deutschland,Germany,DEU,Germany,1914,1896-1920
http://www.wikidata.org/entity/Q436699,Andrew Barton Paterson,1864,male,Orange,POINT (149.101111 -33.281667),http://www.wikidata.org/entity/Q580973,1861-1870,2,Australia/New Zealand,AU,Australia,Australia,AUS,Australia New Z.,1909,1896-1920
http://www.wikidata.org/entity/Q107760,Hans Hildenbrand,1870,male,Bad Boll,POINT (9.615556 48.639444),http://www.wikidata.org/entity/Q81572,1861-1870,22,Western Europe,DE,Deutschland,Germany,DEU,Germany,1915,1896-1920
http://www.wikidata.org/entity/Q94130218,Edward Marshall,1870,male,Tioga County,POINT (-76.3 42.17),http://www.wikidata.org/entity/Q56154,1861-1870,23,Northern America,US,United States,United States,USA,United States Can.,1915,1896-1920
http://www.wikidata.org/entity/Q12281166,Ivan Radoslavov,1880,male,Gorna Oryahovitsa,POINT (25.704082 43.130393),http://www.wikidata.org/entity/Q115998,1871-1880,8,Eastern Europe,BG,България,Bulgaria,BGR,Central Europe,1925,1921-1945
http://www.wikidata.org/entity/Q23041503,George Abel Schreiner,1875,male,Avricourt,POINT (6.806389 48.650833),http://www.wikidata.org/entity/Q22110,1871-1880,22,Western Europe,FR,France,France,FRA,France,1920,1896-1920
http://www.wikidata.org/entity/Q23035828,James Francis Jewell Archibald,1871,male,Chautauqua County,POINT (-79.41 42.3),http://www.wikidata.org/entity/Q115061,1871-1880,23,Northern America,US,United States,United States,USA,United States Can.,1916,1896-1920
http://www.wikidata.org/entity/Q109102739,Frank E. Kleinschmidt,1871,male,Germany,POINT (10 51),http://www.wikidata.org/entity/Q183,1871-1880,22,Western Europe,DE,Deutschland,Germany,DEU,Germany,1916,1896-1920
http://www.wikidata.org/entity/Q112546143,Percival Phillips,1877,male,Brownsville,POINT (-79.8894 40.02),http://www.wikidata.org/entity/Q1132976,1871-1880,23,Northern America,US,United States,United States,USA,United States Can.,1922,1921-1945
http://www.wikidata.org/entity/Q73503174,Antonio Got Insausti,1878,male,San Sebastián,POINT (-1.98 43.32),http://www.wikidata.org/entity/Q10313,1871-1880,19,Southern Europe,ES,España,Spain,ESP,Spain Port.,1923,1921-1945
http://www.wikidata.org/entity/Q1392250,Robert W. Service,1874,male,Preston,POINT (-2.698056 53.759445),http://www.wikidata.org/entity/Q184090,1871-1880,24,Northern Europe,UK,United Kingdom,United Kingdom,GBR,United Kingdom,1919,1896-1920
http://www.wikidata.org/entity/Q111489917,Julien Bouchetal,1873,male,20th arrondissement of Paris,POINT (2.39905 48.865061),http://www.wikidata.org/entity/Q210720,1871-1880,22,Western Europe,FR,France,France,FRA,France,1918,1896-1920
http://www.wikidata.org/entity/Q1398619,Karl Henry von Wiegand,1874,male,Alsace,POINT (7.5 48.5),http://www.wikidata.org/entity/Q1142,1871-1880,22,Western Europe,FR,France,France,FRA,France,1919,1896-1920
http://www.wikidata.org/entity/Q1363814,Maurice Baring,1874,male,London,POINT (-0.1275 51.507222),http://www.wikidata.org/entity/Q84,1871-1880,24,Northern Europe,UK,United Kingdom,United Kingdom,GBR,United Kingdom,1919,1896-1920
http://www.wikidata.org/entity/Q135110495,Francisco Hernández Mir,1871,male,Madrid Province,POINT (-3.724331 40.398753),http://www.wikidata.org/entity/Q24004405,1871-1880,19,Southern Europe,ES,España,Spain,ESP,Spain Port.,1916,1896-1920
http://www.wikidata.org/entity/Q55590161,Stéphane Lauzanne,1874,male,Paris,POINT (2.352222 48.856667),http://www.wikidata.org/entity/Q90,1871-1880,22,Western Europe,FR,France,France,FRA,France,1919,1896-1920
http://www.wikidata.org/entity/Q94623592,Herbert Corey,1872,male,Toledo,POINT (-83.537778 41.652778),http://www.wikidata.org/entity/Q49239,1871-1880,23,Northern America,US,United States,United States,USA,United States Can.,1917,1896-1920
http://www.wikidata.org/entity/Q12356531,Vilmos Simon,1876,male,Clopotiva,POINT (22.821898 45.495737),http://www.wikidata.org/entity/Q256374,1871-1880,8,Eastern Europe,RO,România,Romania,ROU,Central Europe,1921,1921-1945
http://www.wikidata.org/entity/Q2646947,Alice Schalek,1874,female,Vienna,POINT (16.3725 48.208333),http://www.wikidata.org/entity/Q1741,1871-1880,22,Western Europe,AT,Österreich,Austria,AUT,Austria Hungary,1919,1896-1920
http://www.wikidata.org/entity/Q131562224,Henri Dufour,1874,male,20th arrondissement of Paris,POINT (2.39905 48.865061),http://www.wikidata.org/entity/Q210720,1871-1880,22,Western Europe,FR,France,France,FRA,France,1919,1896-1920
http://www.wikidata.org/entity/Q1291529,E. Alexander Powell,1879,male,Syracuse,POINT (-76.144423 43.046899),http://www.wikidata.org/entity/Q128069,1871-1880,23,Northern America,US,United States,United States,USA,United States Can.,1924,1921-1945
http://www.wikidata.org/entity/Q27927553,Réginald Kann,1876,male,Paris,POINT (2.352222 48.856667),http://www.wikidata.org/entity/Q90,1871-1880,22,Western Europe,FR,France,France,FRA,France,1921,1921-1945
http://www.wikidata.org/entity/Q50602896,Etelka Kamenyitzky,1875,female,Baraolt,POINT (25.6 46.075),http://www.wikidata.org/entity/Q533078,1871-1880,8,Eastern Europe,RO,România,Romania,ROU,Central Europe,1920,1896-1920
http://www.wikidata.org/entity/Q77713414,William Ivor Castle,1877,male,Bristol,POINT (-2.5975 51.453611),http://www.wikidata.org/entity/Q23154,1871-1880,24,Northern Europe,UK,United Kingdom,United Kingdom,GBR,United Kingdom,1922,1921-1945
http://www.wikidata.org/entity/Q111470738,Jacques Agié,1871,male,Cahors,POINT (1.440556 44.4475),http://www.wikidata.org/entity/Q23047,1871-1880,22,Western Europe,FR,France,France,FRA,France,1916,1896-1920
http://www.wikidata.org/entity/Q21531390,Francisco Goñi,1873,male,Madrid,POINT (-3.703333 40.416944),http://www.wikidata.org/entity/Q2807,1871-1880,19,Southern Europe,ES,España,Spain,ESP,Spain Port.,1918,1896-1920
http://www.wikidata.org/entity/Q3141534,Howard Chandler Christy,1873,male,Zanesville,POINT (-82.0122 39.9461),http://www.wikidata.org/entity/Q146811,1871-1880,23,Northern America,US,United States,United States,USA,United States Can.,1918,1896-1920
http://www.wikidata.org/entity/Q7087149,Olive Edis,1876,female,London,POINT (-0.1275 51.507222),http://www.wikidata.org/entity/Q84,1871-1880,24,Northern Europe,UK,United Kingdom,United Kingdom,GBR,United Kingdom,1921,1921-1945
http://www.wikidata.org/entity/Q18011880,Henry Bidou,1873,male,Givet,POINT (4.824167 50.138055),http://www.wikidata.org/entity/Q241940,1871-1880,22,Western Europe,FR,France,France,FRA,France,1918,1896-1920
http://www.wikidata.org/entity/Q17478062,Ángela Graupera,1876,female,Barcelona,POINT (2.176944 41.3825),http://www.wikidata.org/entity/Q1492,1871-1880,19,Southern Europe,ES,España,Spain,ESP,Spain Port.,1921,1921-1945
http://www.wikidata.org/entity/Q113086720,Victor Dietsch,1872,male,17th arrondissement of Paris,POINT (2.307839 48.882244),http://www.wikidata.org/entity/Q197297,1871-1880,22,Western Europe,FR,France,France,FRA,France,1917,1896-1920
http://www.wikidata.org/entity/Q1743447,Kiril Christov,1875,male,Stara Zagora,POINT (25.634595 42.425668),http://www.wikidata.org/entity/Q170415,1871-1880,8,Eastern Europe,BG,България,Bulgaria,BGR,Central Europe,1920,1896-1920
http://www.wikidata.org/entity/Q112151876,Ernest Baguet,1874,male,Paris,POINT (2.352222 48.856667),http://www.wikidata.org/entity/Q90,1871-1880,22,Western Europe,FR,France,France,FRA,France,1919,1896-1920
http://www.wikidata.org/entity/Q700323,Mikhail Prishvin,1873,male,Xruşyovo-Lyovşino,POINT (38.596389 52.755556),http://www.wikidata.org/entity/Q4501932,1871-1880,9,European Russia,RU,Россия,Russian Federation,RUS,Russian Federation,1918,1896-1920
http://www.wikidata.org/entity/Q21289424,Lucien Adolphe Labaudt,1880,male,17th arrondissement of Paris,POINT (2.307839 48.882244),http://www.wikidata.org/entity/Q197297,1871-1880,22,Western Europe,FR,France,France,FRA,France,1925,1921-1945
http://www.wikidata.org/entity/Q45765,Jack London,1876,male,San Francisco,POINT (-122.419445 37.775),http://www.wikidata.org/entity/Q62,1871-1880,23,Northern America,US,United States,United States,USA,United States Can.,1921,1921-1945
http://www.wikidata.org/entity/Q112147348,Paul Ernest Maurice Ribar,1873,male,Le Havre,POINT (0.108056 49.494167),http://www.wikidata.org/entity/Q42810,1871-1880,22,Western Europe,FR,France,France,FRA,France,1918,1896-1920
http://www.wikidata.org/entity/Q47462061,Arthur Gleason,1878,male,Newark,POINT (-74.172222 40.735556),http://www.wikidata.org/entity/Q25395,1871-1880,23,Northern America,US,United States,United States,USA,United States Can.,1923,1921-1945
http://www.wikidata.org/entity/Q105763844,Alfred Grohs,1880,male,Böhmisch-Rixdorf,POINT (13.4439 52.4739),http://www.wikidata.org/entity/Q325748,1871-1880,22,Western Europe,DE,Deutschland,Germany,DEU,Germany,1925,1921-1945
http://www.wikidata.org/entity/Q19802861,Elsie Reasoner Ralph,1878,female,Osborne,POINT (-98.6972 39.4406),http://www.wikidata.org/entity/Q2774002,1871-1880,23,Northern America,US,United States,United States,USA,United States Can.,1923,1921-1945
http://www.wikidata.org/entity/Q5758296,Philip Gibbs,1877,male,London,POINT (-0.1275 51.507222),http://www.wikidata.org/entity/Q84,1871-1880,24,Northern Europe,UK,United Kingdom,United Kingdom,GBR,United Kingdom,1922,1921-1945
http://www.wikidata.org/entity/Q3266155,Ludovic Naudeau,1872,male,Boulogne-sur-Mer,POINT (1.613889 50.725555),http://www.wikidata.org/entity/Q81997,1871-1880,22,Western Europe,FR,France,France,FRA,France,1917,1896-1920
http://www.wikidata.org/entity/Q4422452,Georges Scott,1873,male,6th arrondissement of Paris,POINT (2.332233 48.850531),http://www.wikidata.org/entity/Q245546,1871-1880,22,Western Europe,FR,France,France,FRA,France,1918,1896-1920
http://www.wikidata.org/entity/Q847938,Ernest Bethell,1872,male,Bristol,POINT (-2.5975 51.453611),http://www.wikidata.org/entity/Q23154,1871-1880,24,Northern Europe,UK,United Kingdom,United Kingdom,GBR,United Kingdom,1917,1896-1920
http://www.wikidata.org/entity/Q958587,Frank Hurley,1885,male,Glebe,POINT (151.184444 -33.881667),http://www.wikidata.org/entity/Q2296779,1881-1890,2,Australia/New Zealand,AU,Australia,Australia,AUS,Australia New Z.,1930,1921-1945
http://www.wikidata.org/entity/Q6779734,Mary Hastings Bradley,1882,female,Chicago,POINT (-87.627778 41.881944),http://www.wikidata.org/entity/Q1297,1881-1890,23,Northern America,US,United States,United States,USA,United States Can.,1927,1921-1945
http://www.wikidata.org/entity/Q57781270,Nino Jorjadze,1884,female,Tbilisi,POINT (44.7925 41.7225),http://www.wikidata.org/entity/Q994,1881-1890,21,Western Asia,GE,საქართველო,Georgia,GEO,Russian Federation,1929,1921-1945
http://www.wikidata.org/entity/Q102407351,Harold Denny,1889,male,Des Moines,POINT (-93.620833 41.590833),http://www.wikidata.org/entity/Q39709,1881-1890,23,Northern America,US,United States,United States,USA,United States Can.,1934,1921-1945
http://www.wikidata.org/entity/Q12758342,Rista Marjanovic,1885,male,Šabac,POINT (19.693889 44.755833),http://www.wikidata.org/entity/Q204472,1881-1890,19,Southern Europe,RS,Србија,Serbia,SRB,Central Europe,1930,1921-1945
http://www.wikidata.org/entity/Q18911407,Hawthorne Daniel,1890,male,Norfolk,POINT (-97.417 42.028333),http://www.wikidata.org/entity/Q959951,1881-1890,23,Northern America,US,United States,United States,USA,United States Can.,1935,1921-1945
http://www.wikidata.org/entity/Q12792181,Janko Lavrin,1887,male,Krupa,POINT (15.21945 45.635722),http://www.wikidata.org/entity/Q2954410,1881-1890,19,Southern Europe,SI,Slovinsko,Slovenia,SVN,Central Europe,1932,1921-1945
http://www.wikidata.org/entity/Q21584916,Henry Armytage Sanders,1886,male,Leytonstone,POINT (0.01 51.569),http://www.wikidata.org/entity/Q1368969,1881-1890,24,Northern Europe,UK,United Kingdom,United Kingdom,GBR,United Kingdom,1931,1921-1945
http://www.wikidata.org/entity/Q4069303,Fedor Aristov,1888,male,Varnavino,POINT (45.092222 57.402778),http://www.wikidata.org/entity/Q3739708,1881-1890,9,European Russia,RU,Россия,Russian Federation,RUS,Russian Federation,1933,1921-1945
http://www.wikidata.org/entity/Q131424754,Guido Buggelli,1885,male,Cremona,POINT (10.024722 45.133333),http://www.wikidata.org/entity/Q6231,1881-1890,19,Southern Europe,IT,Italia,Italy,ITA,Italy,1930,1921-1945
http://www.wikidata.org/entity/Q1373218,Eugeni Xammar,1888,male,Barcelona,POINT (2.176944 41.3825),http://www.wikidata.org/entity/Q1492,1881-1890,19,Southern Europe,ES,España,Spain,ESP,Spain Port.,1933,1921-1945
http://www.wikidata.org/entity/Q18934250,Kostia Vlastos,1883,male,Paris,POINT (2.352222 48.856667),http://www.wikidata.org/entity/Q90,1881-1890,22,Western Europe,FR,France,France,FRA,France,1928,1921-1945
http://www.wikidata.org/entity/Q107154540,Albert-Louis Deschamps,1889,male,Bordeaux,POINT (-0.579444 44.837778),http://www.wikidata.org/entity/Q1479,1881-1890,22,Western Europe,FR,France,France,FRA,France,1934,1921-1945
http://www.wikidata.org/entity/Q15997458,James W. Bagley,1881,male,Fayetteville,POINT (-86.571389 35.152778),http://www.wikidata.org/entity/Q588257,1881-1890,23,Northern America,US,United States,United States,USA,United States Can.,1926,1921-1945
http://www.wikidata.org/entity/Q6136813,James Jarché,1890,male,Commercial Road,POINT (-0.058611 51.514444),http://www.wikidata.org/entity/Q5152522,1881-1890,24,Northern Europe,UK,United Kingdom,United Kingdom,GBR,United Kingdom,1935,1921-1945
http://www.wikidata.org/entity/Q20752233,Johannes Heinrich Braach,1887,male,Trier,POINT (6.63935 49.75565),http://www.wikidata.org/entity/Q3138,1881-1890,22,Western Europe,DE,Deutschland,Germany,DEU,Germany,1932,1921-1945
http://www.wikidata.org/entity/Q6133484,James Erasmus Tracey Phillips,1888,male,Hillington,POINT (0.547339 52.800181),http://www.wikidata.org/entity/Q683759,1881-1890,24,Northern Europe,UK,United Kingdom,United Kingdom,GBR,United Kingdom,1933,1921-1945
http://www.wikidata.org/entity/Q7410005,Samoila Marza,1886,male,Galtiu,POINT (23.666241 46.142972),http://www.wikidata.org/entity/Q3888563,1881-1890,8,Eastern Europe,RO,România,Romania,ROU,Central Europe,1931,1921-1945
http://www.wikidata.org/entity/Q21535477,Alice Mabel Jackson,1887,female,Ulmarra,POINT (153.034445 -29.631667),http://www.wikidata.org/entity/Q1405461,1881-1890,2,Australia/New Zealand,AU,Australia,Australia,AUS,Australia New Z.,1932,1921-1945
http://www.wikidata.org/entity/Q133572148,Раковский Григорий Николаевич,1889,male,Mogilev,POINT (30.34296 53.90894),http://www.wikidata.org/entity/Q154835,1881-1890,8,Eastern Europe,BY,Беларусь,Belarus,BLR,Baltic States Fin. Belar.,1934,1921-1945
http://www.wikidata.org/entity/Q56260741,Nencho Iliev,1881,male,Kalenik,POINT (24.511246 43.161208),http://www.wikidata.org/entity/Q12107770,1881-1890,8,Eastern Europe,BG,България,Bulgaria,BGR,Central Europe,1926,1921-1945
http://www.wikidata.org/entity/Q111850677,Maurice Grosclaude,1883,male,12th arrondissement of Paris,POINT (2.388183 48.840808),http://www.wikidata.org/entity/Q171689,1881-1890,22,Western Europe,FR,France,France,FRA,France,1928,1921-1945
http://www.wikidata.org/entity/Q5363503,Elizabeth Shepley Sergeant,1881,female,Winchester,POINT (-71.1375 42.452222),http://www.wikidata.org/entity/Q991443,1881-1890,23,Northern America,US,United States,United States,USA,United States Can.,1926,1921-1945
http://www.wikidata.org/entity/Q11718772,Jan Przybyła,1884,male,"Sierakowice, Silesian Voivodeship",POINT (18.46842 50.27895),http://www.wikidata.org/entity/Q979581,1881-1890,8,Eastern Europe,PL,Polska,Poland,POL,Poland,1929,1921-1945
http://www.wikidata.org/entity/Q111838992,Jehan Fouquet,1890,male,Pantin,POINT (2.407222 48.898055),http://www.wikidata.org/entity/Q209086,1881-1890,22,Western Europe,FR,France,France,FRA,France,1935,1921-1945
http://www.wikidata.org/entity/Q5341389,Edvarts Virza,1883,male,Rāceņi,POINT (25.191111 57.250833),http://www.wikidata.org/entity/Q28113496,1881-1890,8,Eastern Europe,LV,Latvija,Latvia,LVA,Baltic States Fin. Belar.,1928,1921-1945
http://www.wikidata.org/entity/Q3425759,René Arcos,1881,male,Clichy,POINT (2.305556 48.903611),http://www.wikidata.org/entity/Q201982,1881-1890,22,Western Europe,FR,France,France,FRA,France,1926,1921-1945
http://www.wikidata.org/entity/Q111836593,Amédée Eywinger,1883,male,Paris,POINT (2.352222 48.856667),http://www.wikidata.org/entity/Q90,1881-1890,22,Western Europe,FR,France,France,FRA,France,1928,1921-1945
http://www.wikidata.org/entity/Q112147423,Edmond Famechon,1883,male,Marseille,POINT (5.376389 43.296667),http://www.wikidata.org/entity/Q23482,1881-1890,22,Western Europe,FR,France,France,FRA,France,1928,1921-1945
http://www.wikidata.org/entity/Q3121101,Gustave Alaux,1887,male,Bordeaux,POINT (-0.579444 44.837778),http://www.wikidata.org/entity/Q1479,1881-1890,22,Western Europe,FR,France,France,FRA,France,1932,1921-1945
http://www.wikidata.org/entity/Q51568743,Csaba Sassy,1884,male,Miskolc,POINT (20.783333 48.1),http://www.wikidata.org/entity/Q102397,1881-1890,8,Eastern Europe,HU,Magyarország,Hungary,HUN,Austria Hungary,1929,1921-1945
http://www.wikidata.org/entity/Q112263,Colin Ross,1885,male,Vienna,POINT (16.3725 48.208333),http://www.wikidata.org/entity/Q1741,1881-1890,22,Western Europe,AT,Österreich,Austria,AUT,Austria Hungary,1930,1921-1945
http://www.wikidata.org/entity/Q5365836,Ellis Ashmead-Bartlett,1881,male,London,POINT (-0.1275 51.507222),http://www.wikidata.org/entity/Q84,1881-1890,24,Northern Europe,UK,United Kingdom,United Kingdom,GBR,United Kingdom,1926,1921-1945
http://www.wikidata.org/entity/Q5662367,Harold Sherwood Spencer,1890,male,Wisconsin,POINT (-89.5 44.5),http://www.wikidata.org/entity/Q1537,1881-1890,23,Northern America,US,United States,United States,USA,United States Can.,1935,1921-1945
http://www.wikidata.org/entity/Q3132687,Keith Murdoch,1885,male,Melbourne,POINT (144.963056 -37.814167),http://www.wikidata.org/entity/Q3141,1881-1890,2,Australia/New Zealand,AU,Australia,Australia,AUS,Australia New Z.,1930,1921-1945
http://www.wikidata.org/entity/Q113008750,Jules-Louis Tétart,1882,male,Argoules,POINT (1.832778 50.342778),http://www.wikidata.org/entity/Q30694,1881-1890,22,Western Europe,FR,France,France,FRA,France,1927,1921-1945
http://www.wikidata.org/entity/Q111490185,Maurice Boulay,1885,male,Neuilly-sur-Seine,POINT (2.2675 48.887222),http://www.wikidata.org/entity/Q48958,1881-1890,22,Western Europe,FR,France,France,FRA,France,1930,1921-1945
http://www.wikidata.org/entity/Q84121088,Albert Moreau,1886,male,Reims,POINT (4.028611 49.265278),http://www.wikidata.org/entity/Q41876,1881-1890,22,Western Europe,FR,France,France,FRA,France,1931,1921-1945
http://www.wikidata.org/entity/Q124652448,Louis Well,1886,male,17th arrondissement of Paris,POINT (2.307839 48.882244),http://www.wikidata.org/entity/Q197297,1881-1890,22,Western Europe,FR,France,France,FRA,France,1931,1921-1945
http://www.wikidata.org/entity/Q112144414,Marcel Lorée,1888,male,7th arrondissement of Paris,POINT (2.312778 48.859167),http://www.wikidata.org/entity/Q259463,1881-1890,22,Western Europe,FR,France,France,FRA,France,1933,1921-1945
http://www.wikidata.org/entity/Q786531,Jack Turner,1889,male,O'Leary,POINT (-64.2306 46.7069),http://www.wikidata.org/entity/Q3347411,1881-1890,23,Northern America,CA,Canada-Canada,Canada,CAN,United States Can.,1934,1921-1945
http://www.wikidata.org/entity/Q4354075,Alexander Prokofyev,1900,male,Kobona,POINT (31.550556 60.024444),http://www.wikidata.org/entity/Q1961380,1891-1900,9,European Russia,RU,Россия,Russian Federation,RUS,Russian Federation,1945,1921-1945
http://www.wikidata.org/entity/Q112144255,Pierre Pansier,1894,male,Marseille,POINT (5.376389 43.296667),http://www.wikidata.org/entity/Q23482,1891-1900,22,Western Europe,FR,France,France,FRA,France,1939,1921-1945
http://www.wikidata.org/entity/Q108649,Edwin Erich Dwinger,1898,male,Kiel,POINT (10.139445 54.323333),http://www.wikidata.org/entity/Q1707,1891-1900,22,Western Europe,DE,Deutschland,Germany,DEU,Germany,1943,1921-1945
http://www.wikidata.org/entity/Q84515001,Luis Armiñán Odriozola,1899,male,Madrid,POINT (-3.703333 40.416944),http://www.wikidata.org/entity/Q2807,1891-1900,19,Southern Europe,ES,España,Spain,ESP,Spain Port.,1944,1921-1945
http://www.wikidata.org/entity/Q55101974,Daniil Fibikh,1899,male,Koło,POINT (18.633333 52.2),http://www.wikidata.org/entity/Q52853,1891-1900,8,Eastern Europe,PL,Polska,Poland,POL,Poland,1944,1921-1945
http://www.wikidata.org/entity/Q49080,Isaak Babel,1894,male,Odesa,POINT (30.73262 46.47747),http://www.wikidata.org/entity/Q1874,1891-1900,8,Eastern Europe,UA,Україна,Ukraine,UKR,Ukraine,1939,1921-1945
http://www.wikidata.org/entity/Q43427815,Vyacheslav Kovalevsky,1897,male,Rylsk,POINT (34.683333 51.566667),http://www.wikidata.org/entity/Q193425,1891-1900,9,European Russia,RU,Россия,Russian Federation,RUS,Russian Federation,1942,1921-1945
http://www.wikidata.org/entity/Q21029733,Alfred Detig,1896,male,Frankfurt,POINT (8.682222 50.110556),http://www.wikidata.org/entity/Q1794,1891-1900,22,Western Europe,DE,Deutschland,Germany,DEU,Germany,1941,1921-1945
http://www.wikidata.org/entity/Q7287683,Ralph Ingersoll,1900,male,New Haven,POINT (-72.925 41.308333),http://www.wikidata.org/entity/Q49145,1891-1900,23,Northern America,US,United States,United States,USA,United States Can.,1945,1921-1945
http://www.wikidata.org/entity/Q4357901,Ruvim Frayerman,1891,male,Mogilev,POINT (30.34296 53.90894),http://www.wikidata.org/entity/Q154835,1891-1900,8,Eastern Europe,BY,Беларусь,Belarus,BLR,Baltic States Fin. Belar.,1936,1921-1945
http://www.wikidata.org/entity/Q21289743,Richard Wyndham,1896,male,Canterbury,POINT (1.08 51.28),http://www.wikidata.org/entity/Q1094104,1891-1900,24,Northern Europe,UK,United Kingdom,United Kingdom,GBR,United Kingdom,1941,1921-1945
http://www.wikidata.org/entity/Q15976304,Costică Acsinte,1897,male,Perieți,POINT (27.240833 44.565833),http://www.wikidata.org/entity/Q250253,1891-1900,8,Eastern Europe,RO,România,Romania,ROU,Central Europe,1942,1921-1945
http://www.wikidata.org/entity/Q4354891,Leonid Sobolev,1898,male,Irkutsk,POINT (104.28 52.289167),http://www.wikidata.org/entity/Q6576,1891-1900,1,Asiatic Russia,RU,Россия,Russian Federation,RUS,Russian Federation,1943,1921-1945
http://www.wikidata.org/entity/Q16654136,Maks Zinger,1899,male,Tambov,POINT (41.453889 52.723056),http://www.wikidata.org/entity/Q3544,1891-1900,9,European Russia,RU,Россия,Russian Federation,RUS,Russian Federation,1944,1921-1945
http://www.wikidata.org/entity/Q106926237,Eustaquio Berriochoa,1899,male,Urretxu,POINT (-2.313889 43.091667),http://www.wikidata.org/entity/Q904269,1891-1900,19,Southern Europe,ES,España,Spain,ESP,Spain Port.,1944,1921-1945
http://www.wikidata.org/entity/Q4718929,Alexander Gault MacGowan,1894,male,Manchester,POINT (-2.233333 53.466667),http://www.wikidata.org/entity/Q18125,1891-1900,24,Northern Europe,UK,United Kingdom,United Kingdom,GBR,United Kingdom,1939,1921-1945
http://www.wikidata.org/entity/Q102311108,Demaree Bess,1893,male,Kansas City,POINT (-94.583333 39.05),http://www.wikidata.org/entity/Q41819,1891-1900,23,Northern America,US,United States,United States,USA,United States Can.,1938,1921-1945
http://www.wikidata.org/entity/Q3574217,Yvonne Pagniez,1896,female,Cauroir,POINT (3.301944 50.174445),http://www.wikidata.org/entity/Q1064854,1891-1900,22,Western Europe,FR,France,France,FRA,France,1941,1921-1945
http://www.wikidata.org/entity/Q69776,Germaine Krull,1897,female,Poznań,POINT (16.933611 52.408333),http://www.wikidata.org/entity/Q268,1891-1900,8,Eastern Europe,PL,Polska,Poland,POL,Poland,1942,1921-1945
http://www.wikidata.org/entity/Q6793132,Maurice G. Hindus,1891,male,Mogilev region,POINT (30.3863 53.7254),http://www.wikidata.org/entity/Q189822,1891-1900,8,Eastern Europe,BY,Беларусь,Belarus,BLR,Baltic States Fin. Belar.,1936,1921-1945
http://www.wikidata.org/entity/Q51973534,Franz-Peter Weixler,1899,male,Munich,POINT (11.575 48.1375),http://www.wikidata.org/entity/Q1726,1891-1900,22,Western Europe,DE,Deutschland,Germany,DEU,Germany,1944,1921-1945
http://www.wikidata.org/entity/Q1133092,Vsevolod Vishnevsky,1900,male,Saint Petersburg,POINT (30.316667 59.95),http://www.wikidata.org/entity/Q656,1891-1900,9,European Russia,RU,Россия,Russian Federation,RUS,Russian Federation,1945,1921-1945
http://www.wikidata.org/entity/Q3646655,Melchior Wańkowicz,1892,male,Kaliužyca,POINT (28.818056 53.988889),http://www.wikidata.org/entity/Q6398138,1891-1900,8,Eastern Europe,BY,Беларусь,Belarus,BLR,Baltic States Fin. Belar.,1937,1921-1945
http://www.wikidata.org/entity/Q3502694,Arkady Shaikhet,1898,male,Mykolaiv,POINT (31.995 46.975),http://www.wikidata.org/entity/Q41572,1891-1900,8,Eastern Europe,UA,Україна,Ukraine,UKR,Ukraine,1943,1921-1945
http://www.wikidata.org/entity/Q1609233,Herbert Volck,1894,male,Tartu,POINT (26.7225 58.38),http://www.wikidata.org/entity/Q13972,1891-1900,8,Eastern Europe,EE,Eesti,Estonia,EST,Baltic States Fin. Belar.,1939,1921-1945
http://www.wikidata.org/entity/Q3492049,Iosif Berman,1892,male,Burdujeni,POINT (26.279722 47.672222),http://www.wikidata.org/entity/Q18537031,1891-1900,8,Eastern Europe,RO,România,Romania,ROU,Central Europe,1937,1921-1945
http://www.wikidata.org/entity/Q112147638,Jacques Ridel,1896,male,6th arrondissement of Paris,POINT (2.332233 48.850531),http://www.wikidata.org/entity/Q245546,1891-1900,22,Western Europe,FR,France,France,FRA,France,1941,1921-1945
http://www.wikidata.org/entity/Q19692677,Osip Yevseyevich Chorny,1899,male,Minsk,POINT (27.561837 53.902246),http://www.wikidata.org/entity/Q2280,1891-1900,8,Eastern Europe,BY,Беларусь,Belarus,BLR,Baltic States Fin. Belar.,1944,1921-1945
http://www.wikidata.org/entity/Q1704676,Josef Grabler,1899,male,Sarre-Union,POINT (7.088611 48.940833),http://www.wikidata.org/entity/Q21569,1891-1900,22,Western Europe,FR,France,France,FRA,France,1944,1921-1945
http://www.wikidata.org/entity/Q103992387,Semyon Valdimirovich Alperin,1897,male,Simferopol,POINT (34.100039 44.948376),http://www.wikidata.org/entity/Q19566,1891-1900,8,Eastern Europe,UA,Україна,Ukraine,UKR,Ukraine,1942,1921-1945
http://www.wikidata.org/entity/Q89017951,August Ahrens,1893,male,Uhlenhorst,POINT (10.012736 53.571509),http://www.wikidata.org/entity/Q1143,1891-1900,22,Western Europe,DE,Deutschland,Germany,DEU,Germany,1938,1921-1945
http://www.wikidata.org/entity/Q472783,Yuri Libedinsky,1898,male,Odesa,POINT (30.73262 46.47747),http://www.wikidata.org/entity/Q1874,1891-1900,8,Eastern Europe,UA,Україна,Ukraine,UKR,Ukraine,1943,1921-1945
http://www.wikidata.org/entity/Q333873,Valentin Kataev,1897,male,Odesa,POINT (30.73262 46.47747),http://www.wikidata.org/entity/Q1874,1891-1900,8,Eastern Europe,UA,Україна,Ukraine,UKR,Ukraine,1942,1921-1945
http://www.wikidata.org/entity/Q3161503,James de Coquet,1898,male,Bordeaux,POINT (-0.579444 44.837778),http://www.wikidata.org/entity/Q1479,1891-1900,22,Western Europe,FR,France,France,FRA,France,1943,1921-1945
http://www.wikidata.org/entity/Q16222982,Diego González Ragel,1893,male,Jerez de la Frontera,POINT (-6.116667 36.7),http://www.wikidata.org/entity/Q12303,1891-1900,19,Southern Europe,ES,España,Spain,ESP,Spain Port.,1938,1921-1945
http://www.wikidata.org/entity/Q4422872,Lev Slavin,1896,male,Odesa,POINT (30.73262 46.47747),http://www.wikidata.org/entity/Q1874,1891-1900,8,Eastern Europe,UA,Україна,Ukraine,UKR,Ukraine,1941,1921-1945
http://www.wikidata.org/entity/Q98665900,Ferdinand Reyher,1891,male,Philadelphia,POINT (-75.163611 39.952778),http://www.wikidata.org/entity/Q1345,1891-1900,23,Northern America,US,United States,United States,USA,United States Can.,1936,1921-1945
http://www.wikidata.org/entity/Q5077053,Charles E. Brown,1896,male,Wimbledon,POINT (-0.2171 51.4235),http://www.wikidata.org/entity/Q736742,1891-1900,24,Northern Europe,UK,United Kingdom,United Kingdom,GBR,United Kingdom,1941,1921-1945
http://www.wikidata.org/entity/Q5004336,Byron Darnton,1897,male,Adrian,POINT (-84.037222 41.8975),http://www.wikidata.org/entity/Q372304,1891-1900,23,Northern America,US,United States,United States,USA,United States Can.,1942,1921-1945
http://www.wikidata.org/entity/Q3019247,Michał Dadlez,1895,male,Rava-Ruska,POINT (23.616666 50.25),http://www.wikidata.org/entity/Q997343,1891-1900,8,Eastern Europe,UA,Україна,Ukraine,UKR,Ukraine,1940,1921-1945
http://www.wikidata.org/entity/Q4137820,Semyon Gekht,1900,male,Odesa,POINT (30.73262 46.47747),http://www.wikidata.org/entity/Q1874,1891-1900,8,Eastern Europe,UA,Україна,Ukraine,UKR,Ukraine,1945,1921-1945
http://www.wikidata.org/entity/Q135035388,Alice Cantacuzino,1899,female,Bucharest,POINT (26.097778 44.413361),http://www.wikidata.org/entity/Q19660,1891-1900,8,Eastern Europe,RO,România,Romania,ROU,Central Europe,1944,1921-1945
http://www.wikidata.org/entity/Q38415,Ernie Pyle,1900,male,Dana,POINT (-87.4942 39.8067),http://www.wikidata.org/entity/Q389733,1891-1900,23,Northern America,US,United States,United States,USA,United States Can.,1945,1921-1945
http://www.wikidata.org/entity/Q737545,Evelyn Irons,1900,female,Glasgow,POINT (-4.25 55.861111),http://www.wikidata.org/entity/Q4093,1891-1900,24,Northern Europe,UK,United Kingdom,United Kingdom,GBR,United Kingdom,1945,1921-1945
http://www.wikidata.org/entity/Q110136807,Tadeusz Rozek,1897,male,Przemyśl,POINT (22.78424 49.78345),http://www.wikidata.org/entity/Q208473,1891-1900,8,Eastern Europe,PL,Polska,Poland,POL,Poland,1942,1921-1945
http://www.wikidata.org/entity/Q6097562,Rafael López Rienda,1897,male,Granada,POINT (-3.6 37.175),http://www.wikidata.org/entity/Q8810,1891-1900,19,Southern Europe,ES,España,Spain,ESP,Spain Port.,1942,1921-1945
http://www.wikidata.org/entity/Q111493746,Paul Bressolles,1891,male,Paris,POINT (2.352222 48.856667),http://www.wikidata.org/entity/Q90,1891-1900,22,Western Europe,FR,France,France,FRA,France,1936,1921-1945
http://www.wikidata.org/entity/Q23434,Ernest Hemingway,1899,male,Oak Park,POINT (-87.789444 41.888333),http://www.wikidata.org/entity/Q331397,1891-1900,23,Northern America,US,United States,United States,USA,United States Can.,1944,1921-1945
http://www.wikidata.org/entity/Q5920326,Howard Marshall,1900,male,Surrey,POINT (-0.45 51.25),http://www.wikidata.org/entity/Q23276,1891-1900,24,Northern Europe,UK,United Kingdom,United Kingdom,GBR,United Kingdom,1945,1921-1945
http://www.wikidata.org/entity/Q831101,Wilhelm Petersen,1900,male,Elmshorn,POINT (9.653611 53.754722),http://www.wikidata.org/entity/Q6845,1891-1900,22,Western Europe,DE,Deutschland,Germany,DEU,Germany,1945,1921-1945
http://www.wikidata.org/entity/Q28096541,Georg Schödl,1899,male,Munich,POINT (11.575 48.1375),http://www.wikidata.org/entity/Q1726,1891-1900,22,Western Europe,DE,Deutschland,Germany,DEU,Germany,1944,1921-1945
http://www.wikidata.org/entity/Q312407,John Dos Passos,1896,male,Chicago,POINT (-87.627778 41.881944),http://www.wikidata.org/entity/Q1297,1891-1900,23,Northern America,US,United States,United States,USA,United States Can.,1941,1921-1945
http://www.wikidata.org/entity/Q124790656,William George Horton,1893,male,Hamsey,POINT (0 50.9),http://www.wikidata.org/entity/Q5646409,1891-1900,24,Northern Europe,UK,United Kingdom,United Kingdom,GBR,United Kingdom,1938,1921-1945
http://www.wikidata.org/entity/Q7987177,Westbrook Pegler,1894,male,Minneapolis,POINT (-93.269167 44.981945),http://www.wikidata.org/entity/Q36091,1891-1900,23,Northern America,US,United States,United States,USA,United States Can.,1939,1921-1945
http://www.wikidata.org/entity/Q312637,Curzio Malaparte,1898,male,Prato,POINT (11.096561 43.880814),http://www.wikidata.org/entity/Q13377,1891-1900,19,Southern Europe,IT,Italia,Italy,ITA,Italy,1943,1921-1945
http://www.wikidata.org/entity/Q2991025,Boris Gorbatov,1908,male,Sokolohirsk,POINT (38.561945 48.629722),http://www.wikidata.org/entity/Q1844446,1901-1910,8,Eastern Europe,UA,Україна,Ukraine,UKR,Ukraine,1953,1946-1970
http://www.wikidata.org/entity/Q2636873,Alan Winnington,1910,male,London,POINT (-0.1275 51.507222),http://www.wikidata.org/entity/Q84,1901-1910,24,Northern Europe,UK,United Kingdom,United Kingdom,GBR,United Kingdom,1955,1946-1970
http://www.wikidata.org/entity/Q55615144,John Cashman,1910,male,Queens,POINT (-73.828055 40.713611),http://www.wikidata.org/entity/Q18424,1901-1910,23,Northern America,US,United States,United States,USA,United States Can.,1955,1946-1970
http://www.wikidata.org/entity/Q6722979,Macdonald Hastings,1909,male,London,POINT (-0.1275 51.507222),http://www.wikidata.org/entity/Q84,1901-1910,24,Northern Europe,UK,United Kingdom,United Kingdom,GBR,United Kingdom,1954,1946-1970
http://www.wikidata.org/entity/Q5702619,Helen Kirkpatrick,1909,female,Rochester,POINT (-77.611389 43.165556),http://www.wikidata.org/entity/Q49218,1901-1910,23,Northern America,US,United States,United States,USA,United States Can.,1954,1946-1970
http://www.wikidata.org/entity/Q28482313,Vagram Apresyan,1907,male,Ijevan,POINT (45.149167 40.875556),http://www.wikidata.org/entity/Q62367,1901-1910,21,Western Asia,AM,Հայաստան,Armenia,ARM,Russian Federation,1952,1946-1970
http://www.wikidata.org/entity/Q4496689,Zakhar Khatsrevin,1903,male,Vitebsk,POINT (30.166667 55.183333),http://www.wikidata.org/entity/Q102217,1901-1910,8,Eastern Europe,BY,Беларусь,Belarus,BLR,Baltic States Fin. Belar.,1948,1946-1970
http://www.wikidata.org/entity/Q18405199,Aleksandr Khamadan,1908,male,Derbent,POINT (48.288889 42.057778),http://www.wikidata.org/entity/Q131416,1901-1910,9,European Russia,RU,Россия,Russian Federation,RUS,Russian Federation,1953,1946-1970
http://www.wikidata.org/entity/Q4484890,Konstantin Finn,1904,male,Moscow,POINT (37.6175 55.750556),http://www.wikidata.org/entity/Q649,1901-1910,9,European Russia,RU,Россия,Russian Federation,RUS,Russian Federation,1949,1946-1970
http://www.wikidata.org/entity/Q4121800,Liya Solomyanskaya,1907,female,Minsk,POINT (27.561837 53.902246),http://www.wikidata.org/entity/Q2280,1901-1910,8,Eastern Europe,BY,Беларусь,Belarus,BLR,Baltic States Fin. Belar.,1952,1946-1970
http://www.wikidata.org/entity/Q56071900,Raoul Bailly,1903,male,Reims,POINT (4.028611 49.265278),http://www.wikidata.org/entity/Q41876,1901-1910,22,Western Europe,FR,France,France,FRA,France,1948,1946-1970
http://www.wikidata.org/entity/Q5055977,Cecil Brown,1907,male,New Brighton,POINT (-80.31006 40.73034),http://www.wikidata.org/entity/Q1185640,1901-1910,23,Northern America,US,United States,United States,USA,United States Can.,1952,1946-1970
http://www.wikidata.org/entity/Q265131,Lee Miller,1907,female,Poughkeepsie,POINT (-73.930555 41.705278),http://www.wikidata.org/entity/Q178093,1901-1910,23,Northern America,US,United States,United States,USA,United States Can.,1952,1946-1970
http://www.wikidata.org/entity/Q26934893,Éric Schwab,1910,male,Hamburg,POINT (10 53.55),http://www.wikidata.org/entity/Q1055,1901-1910,22,Western Europe,DE,Deutschland,Germany,DEU,Germany,1955,1946-1970
http://www.wikidata.org/entity/Q5077626,Charles Fenno Jacobs,1904,male,Waltham,POINT (-71.235005 42.380596),http://www.wikidata.org/entity/Q49190,1901-1910,23,Northern America,US,United States,United States,USA,United States Can.,1949,1946-1970
http://www.wikidata.org/entity/Q27178338,Charles Tory Bruce,1906,male,Port Shoreham,POINT (-61.4208 45.4238),http://www.wikidata.org/entity/Q7230935,1901-1910,23,Northern America,CA,Canada-Canada,Canada,CAN,United States Can.,1951,1946-1970
http://www.wikidata.org/entity/Q19321666,Erich Andres,1905,male,Leipzig,POINT (12.374733 51.340632),http://www.wikidata.org/entity/Q2079,1901-1910,22,Western Europe,DE,Deutschland,Germany,DEU,Germany,1950,1946-1970
http://www.wikidata.org/entity/Q39212,John Steinbeck,1902,male,Salinas,POINT (-121.655555 36.677778),http://www.wikidata.org/entity/Q488125,1901-1910,23,Northern America,US,United States,United States,USA,United States Can.,1947,1946-1970
http://www.wikidata.org/entity/Q27924793,Leo Leixner,1908,male,Thörl-Maglern,POINT (13.6525 46.543333),http://www.wikidata.org/entity/Q1289133,1901-1910,22,Western Europe,AT,Österreich,Austria,AUT,Austria Hungary,1953,1946-1970
http://www.wikidata.org/entity/Q4057482,Ğädel Qutuy,1903,male,Tatarsky Kanadey,POINT (46.9094 53.0917),http://www.wikidata.org/entity/Q16014737,1901-1910,9,European Russia,RU,Россия,Russian Federation,RUS,Russian Federation,1948,1946-1970
http://www.wikidata.org/entity/Q3530288,Todd Webb,1905,male,Detroit,POINT (-83.0475 42.331667),http://www.wikidata.org/entity/Q12439,1901-1910,23,Northern America,US,United States,United States,USA,United States Can.,1950,1946-1970
http://www.wikidata.org/entity/Q5676958,Dmitri Kessel,1902,male,Kyiv,POINT (30.523611 50.45),http://www.wikidata.org/entity/Q1899,1901-1910,8,Eastern Europe,UA,Україна,Ukraine,UKR,Ukraine,1947,1946-1970
http://www.wikidata.org/entity/Q4477673,Pavlo Usenko,1902,male,Plaveschyna,POINT (34.391969 48.84441),http://www.wikidata.org/entity/Q4364253,1901-1910,8,Eastern Europe,UA,Україна,Ukraine,UKR,Ukraine,1947,1946-1970
http://www.wikidata.org/entity/Q3140448,Horace Bristol,1908,male,Whittier,POINT (-118.024445 33.965556),http://www.wikidata.org/entity/Q838791,1901-1910,23,Northern America,US,United States,United States,USA,United States Can.,1953,1946-1970
http://www.wikidata.org/entity/Q3189062,Julia Pirotte,1908,female,Końskowola,POINT (22.052778 51.408889),http://www.wikidata.org/entity/Q1959,1901-1910,8,Eastern Europe,PL,Polska,Poland,POL,Poland,1953,1946-1970
http://www.wikidata.org/entity/Q4235649,Kost Herasymenko,1907,male,Prikhidki,POINT (32.683068 50.261316),http://www.wikidata.org/entity/Q4379306,1901-1910,8,Eastern Europe,UA,Україна,Ukraine,UKR,Ukraine,1952,1946-1970
http://www.wikidata.org/entity/Q238364,Margaret Bourke-White,1904,female,The Bronx,POINT (-73.873333 40.846667),http://www.wikidata.org/entity/Q18426,1901-1910,23,Northern America,US,United States,United States,USA,United States Can.,1949,1946-1970
http://www.wikidata.org/entity/Q2118968,Alexander Bek,1903,male,Saratov,POINT (46.035 51.53),http://www.wikidata.org/entity/Q5332,1901-1910,9,European Russia,RU,Россия,Russian Federation,RUS,Russian Federation,1948,1946-1970
http://www.wikidata.org/entity/Q2119208,Charles d'Ydewalle,1901,male,Ghent,POINT (3.725278 51.053611),http://www.wikidata.org/entity/Q1296,1901-1910,22,Western Europe,BE,Belgien-Belgique-België,Belgium,BEL,Belgium Netherl.,1946,1946-1970
http://www.wikidata.org/entity/Q21069702,Ollie Stewart,1906,male,Gibsland,POINT (-93.0594 32.5428),http://www.wikidata.org/entity/Q2920752,1901-1910,23,Northern America,US,United States,United States,USA,United States Can.,1951,1946-1970
http://www.wikidata.org/entity/Q4240974,Yevgeny Kriger,1906,male,Odesa,POINT (30.73262 46.47747),http://www.wikidata.org/entity/Q1874,1901-1910,8,Eastern Europe,UA,Україна,Ukraine,UKR,Ukraine,1951,1946-1970
http://www.wikidata.org/entity/Q21535536,John Joseph Thompson,1907,male,Kew,POINT (145.035833 -37.805278),http://www.wikidata.org/entity/Q72216,1901-1910,2,Australia/New Zealand,AU,Australia,Australia,AUS,Australia New Z.,1952,1946-1970
http://www.wikidata.org/entity/Q230068,Ève Curie,1904,female,13th arrondissement of Paris,POINT (2.355556 48.832222),http://www.wikidata.org/entity/Q175129,1901-1910,22,Western Europe,FR,France,France,FRA,France,1949,1946-1970
http://www.wikidata.org/entity/Q61597,Erika Mann,1905,female,Munich,POINT (11.575 48.1375),http://www.wikidata.org/entity/Q1726,1901-1910,22,Western Europe,DE,Deutschland,Germany,DEU,Germany,1950,1946-1970
http://www.wikidata.org/entity/Q5540586,George Hicks,1905,male,Tacoma,POINT (-122.4475 47.2525),http://www.wikidata.org/entity/Q199797,1901-1910,23,Northern America,US,United States,United States,USA,United States Can.,1950,1946-1970
http://www.wikidata.org/entity/Q6154487,Janina Broniewska,1904,female,Kalisz,POINT (18.083 51.757),http://www.wikidata.org/entity/Q52842,1901-1910,8,Eastern Europe,PL,Polska,Poland,POL,Poland,1949,1946-1970
http://www.wikidata.org/entity/Q55120392,Robert Magidoff,1905,male,Kyiv,POINT (30.523611 50.45),http://www.wikidata.org/entity/Q1899,1901-1910,8,Eastern Europe,UA,Україна,Ukraine,UKR,Ukraine,1950,1946-1970
http://www.wikidata.org/entity/Q5112000,Christopher Buckley,1905,male,Pimlico,POINT (-0.1395 51.4887),http://www.wikidata.org/entity/Q123306,1901-1910,24,Northern Europe,UK,United Kingdom,United Kingdom,GBR,United Kingdom,1950,1946-1970
http://www.wikidata.org/entity/Q55103590,Boris Shcharansky,1904,male,Odesa,POINT (30.73262 46.47747),http://www.wikidata.org/entity/Q1874,1901-1910,8,Eastern Europe,UA,Україна,Ukraine,UKR,Ukraine,1949,1946-1970
http://www.wikidata.org/entity/Q4909121,Bill Genaust,1907,male,Minneapolis,POINT (-93.269167 44.981945),http://www.wikidata.org/entity/Q36091,1901-1910,23,Northern America,US,United States,United States,USA,United States Can.,1952,1946-1970
http://www.wikidata.org/entity/Q25927246,Wolfgang Vennemann,1908,male,Treptow,POINT (13.479444 52.484167),http://www.wikidata.org/entity/Q677833,1901-1910,22,Western Europe,DE,Deutschland,Germany,DEU,Germany,1953,1946-1970
http://www.wikidata.org/entity/Q313767,Vasily Grossman,1905,male,Berdychiv,POINT (28.6 49.891945),http://www.wikidata.org/entity/Q158799,1901-1910,8,Eastern Europe,UA,Україна,Ukraine,UKR,Ukraine,1950,1946-1970
http://www.wikidata.org/entity/Q4396579,Mikhail Rozenfeld,1906,male,Poltava Governorate,POINT (34.568611 49.574444),http://www.wikidata.org/entity/Q1271216,1901-1910,8,Eastern Europe,UA,Україна,Ukraine,UKR,Ukraine,1951,1946-1970
http://www.wikidata.org/entity/Q202537,Arkady Gaidar,1904,male,Lgov,POINT (35.266667 51.666667),http://www.wikidata.org/entity/Q157790,1901-1910,9,European Russia,RU,Россия,Russian Federation,RUS,Russian Federation,1949,1946-1970
http://www.wikidata.org/entity/Q2519739,Semyon Kirsanov,1906,male,Odesa,POINT (30.73262 46.47747),http://www.wikidata.org/entity/Q1874,1901-1910,8,Eastern Europe,UA,Україна,Ukraine,UKR,Ukraine,1951,1946-1970
http://www.wikidata.org/entity/Q64502992,Heinz Fremke,1907,male,Poznań,POINT (16.933611 52.408333),http://www.wikidata.org/entity/Q268,1901-1910,8,Eastern Europe,PL,Polska,Poland,POL,Poland,1952,1946-1970
http://www.wikidata.org/entity/Q4371342,Aleksandr Polyakov,1908,male,Bashmakovsky District,POINT (43.036389 53.213056),http://www.wikidata.org/entity/Q791222,1901-1910,9,European Russia,RU,Россия,Russian Federation,RUS,Russian Federation,1953,1946-1970
http://www.wikidata.org/entity/Q60128,Alexander Fadeyev,1901,male,Kimry,POINT (37.35 56.866667),http://www.wikidata.org/entity/Q146435,1901-1910,9,European Russia,RU,Россия,Russian Federation,RUS,Russian Federation,1946,1946-1970
http://www.wikidata.org/entity/Q326766,Musa Cälil,1906,male,Mostafa,POINT (54.77941 52.835977),http://www.wikidata.org/entity/Q18791295,1901-1910,9,European Russia,RU,Россия,Russian Federation,RUS,Russian Federation,1951,1946-1970
http://www.wikidata.org/entity/Q4223982,Alexander Clifford,1909,male,United Kingdom,POINT (-2 54.6),http://www.wikidata.org/entity/Q145,1901-1910,24,Northern Europe,UK,United Kingdom,United Kingdom,GBR,United Kingdom,1954,1946-1970
http://www.wikidata.org/entity/Q63184,Bill Brandt,1904,male,Hamburg,POINT (10 53.55),http://www.wikidata.org/entity/Q1055,1901-1910,22,Western Europe,DE,Deutschland,Germany,DEU,Germany,1949,1946-1970
http://www.wikidata.org/entity/Q4972273,Aili Pekonen,1907,female,Helsinki,POINT (24.9375 60.170833),http://www.wikidata.org/entity/Q1757,1901-1910,24,Northern Europe,FI,Suomi-Finland,Finland,FIN,Baltic States Fin. Belar.,1952,1946-1970
http://www.wikidata.org/entity/Q5486856,Frank Gillard,1908,male,Tiverton,POINT (-3.488 50.903),http://www.wikidata.org/entity/Q637298,1901-1910,24,Northern Europe,UK,United Kingdom,United Kingdom,GBR,United Kingdom,1953,1946-1970
http://www.wikidata.org/entity/Q21536882,Noel Darwin Adams,1906,male,Waratah,POINT (145.517 -41.4333),http://www.wikidata.org/entity/Q7968807,1901-1910,2,Australia/New Zealand,AU,Australia,Australia,AUS,Australia New Z.,1951,1946-1970
http://www.wikidata.org/entity/Q99889,Johannes Hähle,1906,male,Chemnitz,POINT (12.916667 50.833333),http://www.wikidata.org/entity/Q2795,1901-1910,22,Western Europe,DE,Deutschland,Germany,DEU,Germany,1951,1946-1970
http://www.wikidata.org/entity/Q107002,Evelyn Waugh,1903,male,London,POINT (-0.1275 51.507222),http://www.wikidata.org/entity/Q84,1901-1910,24,Northern Europe,UK,United Kingdom,United Kingdom,GBR,United Kingdom,1948,1946-1970
http://www.wikidata.org/entity/Q9368884,Virginia Irwin,1908,female,Quincy,POINT (-91.388611 39.932222),http://www.wikidata.org/entity/Q575750,1901-1910,23,Northern America,US,United States,United States,USA,United States Can.,1953,1946-1970
http://www.wikidata.org/entity/Q123023673,Robert W. Cooper,1904,male,Toronto,POINT (-79.386667 43.670278),http://www.wikidata.org/entity/Q172,1901-1910,23,Northern America,CA,Canada-Canada,Canada,CAN,United States Can.,1949,1946-1970
http://www.wikidata.org/entity/Q122335204,Anton Ivan Székely,1908,male,Sečovce,POINT (21.65 48.7),http://www.wikidata.org/entity/Q847336,1901-1910,8,Eastern Europe,SK,Slovensko,Slovakia,SVK,Central Europe,1953,1946-1970
http://www.wikidata.org/entity/Q12133605,Ivan Nekhoda,1910,male,Oleksiyivka,POINT (35.341667 49.923056),http://www.wikidata.org/entity/Q4061794,1901-1910,8,Eastern Europe,UA,Україна,Ukraine,UKR,Ukraine,1955,1946-1970
http://www.wikidata.org/entity/Q12105929,Kostyantyn Zaruba,1910,male,Dolynska,POINT (32.764772 48.111142),http://www.wikidata.org/entity/Q591822,1901-1910,8,Eastern Europe,UA,Україна,Ukraine,UKR,Ukraine,1955,1946-1970
http://www.wikidata.org/entity/Q14588770,Harry C. Butcher,1901,male,Iowa,POINT (-93 42),http://www.wikidata.org/entity/Q1546,1901-1910,23,Northern America,US,United States,United States,USA,United States Can.,1946,1946-1970
http://www.wikidata.org/entity/Q108290945,Willem Zwagers,1905,male,Amsterdam,POINT (4.883333 52.366667),http://www.wikidata.org/entity/Q727,1901-1910,22,Western Europe,NL,Nederland,Netherlands,NLD,Belgium Netherl.,1950,1946-1970
http://www.wikidata.org/entity/Q120621135,Else-Marie Ambrosius,1907,female,Hildesheim,POINT (9.95 52.15),http://www.wikidata.org/entity/Q3185,1901-1910,22,Western Europe,DE,Deutschland,Germany,DEU,Germany,1952,1946-1970
http://www.wikidata.org/entity/Q731139,Alexander Werth,1901,male,Saint Petersburg,POINT (30.316667 59.95),http://www.wikidata.org/entity/Q656,1901-1910,9,European Russia,RU,Россия,Russian Federation,RUS,Russian Federation,1946,1946-1970
http://www.wikidata.org/entity/Q12018051,Galina Sanko,1904,female,Sudzha,POINT (35.270556 51.191389),http://www.wikidata.org/entity/Q72704,1901-1910,9,European Russia,RU,Россия,Russian Federation,RUS,Russian Federation,1949,1946-1970
http://www.wikidata.org/entity/Q120085,Martha Gellhorn,1908,female,St. Louis,POINT (-90.199444 38.626389),http://www.wikidata.org/entity/Q38022,1901-1910,23,Northern America,US,United States,United States,USA,United States Can.,1953,1946-1970
http://www.wikidata.org/entity/Q7815989,Tom Grandin,1907,male,Cleveland,POINT (-81.694722 41.499167),http://www.wikidata.org/entity/Q37320,1901-1910,23,Northern America,US,United States,United States,USA,United States Can.,1952,1946-1970
http://www.wikidata.org/entity/Q108321855,Heinz Raebiger,1903,male,Montabaur,POINT (7.825833 50.4375),http://www.wikidata.org/entity/Q632991,1901-1910,22,Western Europe,DE,Deutschland,Germany,DEU,Germany,1948,1946-1970
http://www.wikidata.org/entity/Q15068490,Grigory Katz,1907,male,Rostov-on-Don,POINT (39.71 47.2225),http://www.wikidata.org/entity/Q908,1901-1910,9,European Russia,RU,Россия,Russian Federation,RUS,Russian Federation,1952,1946-1970
http://www.wikidata.org/entity/Q15489360,J. C. Furnas,1905,male,Indianapolis,POINT (-86.158056 39.768611),http://www.wikidata.org/entity/Q6346,1901-1910,23,Northern America,US,United States,United States,USA,United States Can.,1950,1946-1970
http://www.wikidata.org/entity/Q920364,George Rodger,1908,male,Hale,POINT (-2.800069 53.336731),http://www.wikidata.org/entity/Q4539223,1901-1910,24,Northern Europe,UK,United Kingdom,United Kingdom,GBR,United Kingdom,1953,1946-1970
http://www.wikidata.org/entity/Q8198059,Anna Maria Martínez Sagi,1907,female,Barcelona,POINT (2.176944 41.3825),http://www.wikidata.org/entity/Q1492,1901-1910,19,Southern Europe,ES,España,Spain,ESP,Spain Port.,1952,1946-1970
http://www.wikidata.org/entity/Q12727590,Emil Gulian,1907,male,Giurgiu,POINT (25.966667 43.9),http://www.wikidata.org/entity/Q202351,1901-1910,8,Eastern Europe,RO,România,Romania,ROU,Central Europe,1952,1946-1970
http://www.wikidata.org/entity/Q7831270,Tracey Shelton,1901,female,Darraweit Guim,POINT (144.9 -37.4),http://www.wikidata.org/entity/Q2522642,1901-1910,2,Australia/New Zealand,AU,Australia,Australia,AUS,Australia New Z.,1946,1946-1970
http://www.wikidata.org/entity/Q129623550,Vladimir Mikhailovich Aposhanskij,1910,male,Pogromets,POINT (37.846596 50.344073),http://www.wikidata.org/entity/Q21342568,1901-1910,9,European Russia,RU,Россия,Russian Federation,RUS,Russian Federation,1955,1946-1970
http://www.wikidata.org/entity/Q922484,Alan Moorehead,1910,male,Melbourne,POINT (144.963056 -37.814167),http://www.wikidata.org/entity/Q3141,1901-1910,2,Australia/New Zealand,AU,Australia,Australia,AUS,Australia New Z.,1955,1946-1970
http://www.wikidata.org/entity/Q109853850,Henry Buckley,1904,male,Manchester,POINT (-2.233333 53.466667),http://www.wikidata.org/entity/Q18125,1901-1910,24,Northern Europe,UK,United Kingdom,United Kingdom,GBR,United Kingdom,1949,1946-1970
http://www.wikidata.org/entity/Q8201046,Antoni Campañà i Bandranas,1905,male,Arbúcies,POINT (2.514167 41.816111),http://www.wikidata.org/entity/Q13010,1901-1910,19,Southern Europe,ES,España,Spain,ESP,Spain Port.,1950,1946-1970
http://www.wikidata.org/entity/Q124576392,Germaine Kanova,1902,female,Boulogne-sur-Mer,POINT (1.613889 50.725555),http://www.wikidata.org/entity/Q81997,1901-1910,22,Western Europe,FR,France,France,FRA,France,1947,1946-1970
http://www.wikidata.org/entity/Q13560405,Homer Bigart,1907,male,Hawley,POINT (-75.1792 41.4783),http://www.wikidata.org/entity/Q1182057,1901-1910,23,Northern America,US,United States,United States,USA,United States Can.,1952,1946-1970
http://www.wikidata.org/entity/Q107098092,Яфім Іванавіч Пернікаў,1903,male,Minsk,POINT (27.561837 53.902246),http://www.wikidata.org/entity/Q2280,1901-1910,8,Eastern Europe,BY,Беларусь,Belarus,BLR,Baltic States Fin. Belar.,1948,1946-1970
http://www.wikidata.org/entity/Q96655342,Ferenc Gallyas,1907,male,Budapest,POINT (19.040833 47.498333),http://www.wikidata.org/entity/Q1781,1901-1910,8,Eastern Europe,HU,Magyarország,Hungary,HUN,Austria Hungary,1952,1946-1970
http://www.wikidata.org/entity/Q136213693,Alberts Jekste,1908,male,Liepāja,POINT (21.011111 56.508333),http://www.wikidata.org/entity/Q167668,1901-1910,8,Eastern Europe,LV,Latvija,Latvia,LVA,Baltic States Fin. Belar.,1953,1946-1970
http://www.wikidata.org/entity/Q960196,Roman Karmen,1906,male,Odesa,POINT (30.73262 46.47747),http://www.wikidata.org/entity/Q1874,1901-1910,8,Eastern Europe,UA,Україна,Ukraine,UKR,Ukraine,1951,1946-1970
http://www.wikidata.org/entity/Q112952,Ernst Zwilling,1904,male,Osijek,POINT (18.670278 45.560278),http://www.wikidata.org/entity/Q1640,1901-1910,19,Southern Europe,HR,Hrvatska,Croatia,HRV,Central Europe,1949,1946-1970
http://www.wikidata.org/entity/Q1576459,Hans Hubmann,1910,male,Freden,POINT (9.893611 51.927778),http://www.wikidata.org/entity/Q555597,1901-1910,22,Western Europe,DE,Deutschland,Germany,DEU,Germany,1955,1946-1970
http://www.wikidata.org/entity/Q89422711,Edward George William Malindine,1906,male,Walthamstow,POINT (-0.0211 51.584),http://www.wikidata.org/entity/Q2321784,1901-1910,24,Northern Europe,UK,United Kingdom,United Kingdom,GBR,United Kingdom,1951,1946-1970
http://www.wikidata.org/entity/Q77347,Gerda Taro,1910,female,Stuttgart,POINT (9.18 48.7775),http://www.wikidata.org/entity/Q1022,1901-1910,22,Western Europe,DE,Deutschland,Germany,DEU,Germany,1955,1946-1970
http://www.wikidata.org/entity/Q17432488,Godfrey Talbot,1908,male,West Yorkshire,POINT (-1.666667 53.75),http://www.wikidata.org/entity/Q23083,1901-1910,24,Northern Europe,UK,United Kingdom,United Kingdom,GBR,United Kingdom,1953,1946-1970
http://www.wikidata.org/entity/Q17537054,Catherine Gavin,1907,female,Aberdeen,POINT (-2.1 57.15),http://www.wikidata.org/entity/Q36405,1901-1910,24,Northern Europe,UK,United Kingdom,United Kingdom,GBR,United Kingdom,1952,1946-1970
http://www.wikidata.org/entity/Q15998247,Leighton McLeod Hill,1907,male,Carterton,POINT (175.5275 -41.025),http://www.wikidata.org/entity/Q1045948,1901-1910,2,Australia/New Zealand,NZ,New Zealand-Aotearoa,New Zealand,NZL,Australia New Z.,1952,1946-1970
http://www.wikidata.org/entity/Q88949847,Hanns Gross,1910,male,Bamberg,POINT (10.891667 49.891667),http://www.wikidata.org/entity/Q3936,1901-1910,22,Western Europe,DE,Deutschland,Germany,DEU,Germany,1955,1946-1970
http://www.wikidata.org/entity/Q109479497,Thomas Fisher,1908,male,Cardiff,POINT (-3.179167 51.481667),http://www.wikidata.org/entity/Q10690,1901-1910,24,Northern Europe,UK,United Kingdom,United Kingdom,GBR,United Kingdom,1953,1946-1970
http://www.wikidata.org/entity/Q862412,Nikolai Virta,1906,male,Каликино,POINT (41.0853 52.0268),http://www.wikidata.org/entity/Q21851277,1901-1910,9,European Russia,RU,Россия,Russian Federation,RUS,Russian Federation,1951,1946-1970
http://www.wikidata.org/entity/Q16664912,Osip Kolychev,1904,male,Odesa,POINT (30.73262 46.47747),http://www.wikidata.org/entity/Q1874,1901-1910,8,Eastern Europe,UA,Україна,Ukraine,UKR,Ukraine,1949,1946-1970
http://www.wikidata.org/entity/Q709579,Arthur Grimm,1908,male,Rehau,POINT (12.0354 50.2486),http://www.wikidata.org/entity/Q49814,1901-1910,22,Western Europe,DE,Deutschland,Germany,DEU,Germany,1953,1946-1970
http://www.wikidata.org/entity/Q16635505,Georgiĭ Gaĭdovskiĭ,1902,male,Chornyi Ostriv,POINT (26.75 49.5),http://www.wikidata.org/entity/Q1973626,1901-1910,8,Eastern Europe,UA,Україна,Ukraine,UKR,Ukraine,1947,1946-1970
http://www.wikidata.org/entity/Q714739,Yevgeny Petrov,1902,male,Odesa,POINT (30.73262 46.47747),http://www.wikidata.org/entity/Q1874,1901-1910,8,Eastern Europe,UA,Україна,Ukraine,UKR,Ukraine,1947,1946-1970
http://www.wikidata.org/entity/Q17427808,Pyotr Severov,1910,male,Lysychansk,POINT (38.430556 48.916944),http://www.wikidata.org/entity/Q33280,1901-1910,8,Eastern Europe,UA,Україна,Ukraine,UKR,Ukraine,1955,1946-1970
http://www.wikidata.org/entity/Q16169382,Ruth Cowan Nash,1901,female,Salt Lake City,POINT (-111.883333 40.75),http://www.wikidata.org/entity/Q23337,1901-1910,23,Northern America,US,United States,United States,USA,United States Can.,1946,1946-1970
http://www.wikidata.org/entity/Q1611099,Hermann Frass,1910,male,Bolzano,POINT (11.35478 46.498113),http://www.wikidata.org/entity/Q6526,1901-1910,19,Southern Europe,IT,Italia,Italy,ITA,Italy,1955,1946-1970
http://www.wikidata.org/entity/Q697096,Cecil Beaton,1904,male,Hampstead,POINT (-0.1744 51.5541),http://www.wikidata.org/entity/Q25610,1901-1910,24,Northern Europe,UK,United Kingdom,United Kingdom,GBR,United Kingdom,1949,1946-1970
http://www.wikidata.org/entity/Q847345,Geo Bogza,1908,male,Blejoi,POINT (26.013944 44.987055),http://www.wikidata.org/entity/Q12082897,1901-1910,8,Eastern Europe,RO,România,Romania,ROU,Central Europe,1953,1946-1970
http://www.wikidata.org/entity/Q4706622,Alan Fisher,1901,male,Motherwell,POINT (-3.995556 55.789167),http://www.wikidata.org/entity/Q737547,1901-1910,24,Northern Europe,UK,United Kingdom,United Kingdom,GBR,United Kingdom,1946,1946-1970
http://www.wikidata.org/entity/Q724357,Mikhail Svetlov,1903,male,Dnipro,POINT (35.04 48.4675),http://www.wikidata.org/entity/Q48256,1901-1910,8,Eastern Europe,UA,Україна,Ukraine,UKR,Ukraine,1948,1946-1970
http://www.wikidata.org/entity/Q18164304,Dezső Révai,1903,male,Budapest,POINT (19.040833 47.498333),http://www.wikidata.org/entity/Q1781,1901-1910,8,Eastern Europe,HU,Magyarország,Hungary,HUN,Austria Hungary,1948,1946-1970
http://www.wikidata.org/entity/Q88647774,Albert Cusian,1902,male,Kiel,POINT (10.139445 54.323333),http://www.wikidata.org/entity/Q1707,1901-1910,22,Western Europe,DE,Deutschland,Germany,DEU,Germany,1947,1946-1970
http://www.wikidata.org/entity/Q110548609,Leslie Cornish Priest,1905,male,Clapham,POINT (-0.133939 51.463231),http://www.wikidata.org/entity/Q146659,1901-1910,24,Northern Europe,UK,United Kingdom,United Kingdom,GBR,United Kingdom,1950,1946-1970
http://www.wikidata.org/entity/Q7926046,Victor Jorgensen,1913,male,Portland,POINT (-122.679167 45.515),http://www.wikidata.org/entity/Q6106,1911-1920,23,Northern America,US,United States,United States,USA,United States Can.,1958,1946-1970
http://www.wikidata.org/entity/Q1158512,Damien Parer,1912,male,City of Stonnington,POINT (145.029563 -37.856245),http://www.wikidata.org/entity/Q1409285,1911-1920,2,Australia/New Zealand,AU,Australia,Australia,AUS,Australia New Z.,1957,1946-1970
http://www.wikidata.org/entity/Q44517,Bruno Kreisky,1911,male,Vienna,POINT (16.3725 48.208333),http://www.wikidata.org/entity/Q1741,1911-1920,22,Western Europe,AT,Österreich,Austria,AUT,Austria Hungary,1956,1946-1970
http://www.wikidata.org/entity/Q3302258,Max Olivier-Lacamp,1914,male,Le Havre,POINT (0.108056 49.494167),http://www.wikidata.org/entity/Q42810,1911-1920,22,Western Europe,FR,France,France,FRA,France,1959,1946-1970
http://www.wikidata.org/entity/Q8026045,Winston Burdett,1913,male,Buffalo,POINT (-78.878056 42.886389),http://www.wikidata.org/entity/Q40435,1911-1920,23,Northern America,US,United States,United States,USA,United States Can.,1958,1946-1970
http://www.wikidata.org/entity/Q4895101,Bert Hardy,1913,male,Blackfriars,POINT (-0.104167 51.5125),http://www.wikidata.org/entity/Q880829,1911-1920,24,Northern Europe,UK,United Kingdom,United Kingdom,GBR,United Kingdom,1958,1946-1970
http://www.wikidata.org/entity/Q94893954,Christoph von Imhoff,1912,male,Nuremberg,POINT (11.0775 49.453889),http://www.wikidata.org/entity/Q2090,1911-1920,22,Western Europe,DE,Deutschland,Germany,DEU,Germany,1957,1946-1970
http://www.wikidata.org/entity/Q4172957,Emmanuil Evzerikhin,1911,male,Rostov-on-Don,POINT (39.71 47.2225),http://www.wikidata.org/entity/Q908,1911-1920,9,European Russia,RU,Россия,Russian Federation,RUS,Russian Federation,1956,1946-1970
http://www.wikidata.org/entity/Q124535829,Lorraine Stumm,1914,female,Charters Towers,POINT (146.260278 -20.073056),http://www.wikidata.org/entity/Q1020266,1911-1920,2,Australia/New Zealand,AU,Australia,Australia,AUS,Australia New Z.,1959,1946-1970
http://www.wikidata.org/entity/Q3311260,Robert Stewart,1917,male,Phoenix,POINT (-112.073889 33.448333),http://www.wikidata.org/entity/Q16556,1911-1920,23,Northern America,US,United States,United States,USA,United States Can.,1962,1946-1970
http://www.wikidata.org/entity/Q361163,Yevgeny Khaldei,1916,male,Donetsk,POINT (37.802778 48.015833),http://www.wikidata.org/entity/Q43070,1911-1920,8,Eastern Europe,UA,Україна,Ukraine,UKR,Ukraine,1961,1946-1970
http://www.wikidata.org/entity/Q116062773,Boris Losin,1919,male,Poltava Governorate,POINT (34.568611 49.574444),http://www.wikidata.org/entity/Q1271216,1911-1920,8,Eastern Europe,UA,Україна,Ukraine,UKR,Ukraine,1964,1946-1970
http://www.wikidata.org/entity/Q94850507,Theo Scheerer,1911,male,Stuttgart,POINT (9.18 48.7775),http://www.wikidata.org/entity/Q1022,1911-1920,22,Western Europe,DE,Deutschland,Germany,DEU,Germany,1956,1946-1970
http://www.wikidata.org/entity/Q2902056,Wayne F. Miller,1918,male,Chicago,POINT (-87.627778 41.881944),http://www.wikidata.org/entity/Q1297,1911-1920,23,Northern America,US,United States,United States,USA,United States Can.,1963,1946-1970
http://www.wikidata.org/entity/Q97175753,"Ткаченко, Алексей Матвеевич",1916,male,Podolia Governorate,POINT (26.583333 48.666667),http://www.wikidata.org/entity/Q277861,1911-1920,8,Eastern Europe,UA,Україна,Ukraine,UKR,Ukraine,1961,1946-1970
http://www.wikidata.org/entity/Q4260204,Howard K. Smith,1914,male,Ferriday,POINT (-91.55456 31.63017),http://www.wikidata.org/entity/Q774914,1911-1920,23,Northern America,US,United States,United States,USA,United States Can.,1959,1946-1970
http://www.wikidata.org/entity/Q3195015,Ken Bell,1914,male,Toronto,POINT (-79.386667 43.670278),http://www.wikidata.org/entity/Q172,1911-1920,23,Northern America,CA,Canada-Canada,Canada,CAN,United States Can.,1959,1946-1970
http://www.wikidata.org/entity/Q352870,Joe Rosenthal,1911,male,"Washington, D.C.",POINT (-77.036667 38.895),http://www.wikidata.org/entity/Q61,1911-1920,23,Northern America,US,United States,United States,USA,United States Can.,1956,1946-1970
http://www.wikidata.org/entity/Q11768632,Marek Święcicki,1915,male,Odesa,POINT (30.73262 46.47747),http://www.wikidata.org/entity/Q1874,1911-1920,8,Eastern Europe,UA,Україна,Ukraine,UKR,Ukraine,1960,1946-1970
http://www.wikidata.org/entity/Q3181505,John Florea,1916,male,Alliance,POINT (-81.10806 40.91333),http://www.wikidata.org/entity/Q985230,1911-1920,23,Northern America,US,United States,United States,USA,United States Can.,1961,1946-1970
http://www.wikidata.org/entity/Q893637,Boris Carmi,1914,male,Moscow,POINT (37.6175 55.750556),http://www.wikidata.org/entity/Q649,1911-1920,9,European Russia,RU,Россия,Russian Federation,RUS,Russian Federation,1959,1946-1970
http://www.wikidata.org/entity/Q95317128,Mikhail Savin,1915,male,Sasovo,POINT (41.916667 54.35),http://www.wikidata.org/entity/Q193557,1911-1920,9,European Russia,RU,Россия,Russian Federation,RUS,Russian Federation,1960,1946-1970
http://www.wikidata.org/entity/Q551491,W. Eugene Smith,1918,male,Wichita,POINT (-97.336111 37.688889),http://www.wikidata.org/entity/Q49266,1911-1920,23,Northern America,US,United States,United States,USA,United States Can.,1963,1946-1970
http://www.wikidata.org/entity/Q84714703,Yuriy Buryakivskyi,1914,male,Rechytsa,POINT (30.38796 52.3724),http://www.wikidata.org/entity/Q909612,1911-1920,8,Eastern Europe,BY,Беларусь,Belarus,BLR,Baltic States Fin. Belar.,1959,1946-1970
http://www.wikidata.org/entity/Q3486610,Robert F. Sargent,1918,male,St. Charles,POINT (-88.311012 41.919243),http://www.wikidata.org/entity/Q578481,1911-1920,23,Northern America,US,United States,United States,USA,United States Can.,1963,1946-1970
http://www.wikidata.org/entity/Q108695632,Jack Denton Scott,1915,male,Elkins,POINT (-79.8508 38.9214),http://www.wikidata.org/entity/Q952594,1911-1920,23,Northern America,US,United States,United States,USA,United States Can.,1960,1946-1970
http://www.wikidata.org/entity/Q3228853,Lee Embree,1915,male,Mechanicsville,POINT (-91.253611 41.905),http://www.wikidata.org/entity/Q1928311,1911-1920,23,Northern America,US,United States,United States,USA,United States Can.,1960,1946-1970
http://www.wikidata.org/entity/Q120716298,Vladimir Michajlovič Rossel‘s,1914,male,Pavlovsky Posad,POINT (38.65 55.783333),http://www.wikidata.org/entity/Q177908,1911-1920,9,European Russia,RU,Россия,Russian Federation,RUS,Russian Federation,1959,1946-1970
http://www.wikidata.org/entity/Q5541147,George Johnston,1912,male,Melbourne,POINT (144.963056 -37.814167),http://www.wikidata.org/entity/Q3141,1911-1920,2,Australia/New Zealand,AU,Australia,Australia,AUS,Australia New Z.,1957,1946-1970
http://www.wikidata.org/entity/Q89953827,Norman G Anderson,1919,male,Davenport,POINT (-118.151667 47.651111),http://www.wikidata.org/entity/Q1515095,1911-1920,23,Northern America,US,United States,United States,USA,United States Can.,1964,1946-1970
http://www.wikidata.org/entity/Q434578,Dickey Chapelle,1919,female,Milwaukee,POINT (-87.95 43.05),http://www.wikidata.org/entity/Q37836,1911-1920,23,Northern America,US,United States,United States,USA,United States Can.,1964,1946-1970
http://www.wikidata.org/entity/Q87065726,Barbara Burnett-Stuart,1917,female,Hereford Square,POINT (-0.181506 51.492392),http://www.wikidata.org/entity/Q45319498,1911-1920,24,Northern Europe,UK,United Kingdom,United Kingdom,GBR,United Kingdom,1962,1946-1970
http://www.wikidata.org/entity/Q5387483,Eric Sevareid,1912,male,Velva,POINT (-100.93 48.058056),http://www.wikidata.org/entity/Q2278261,1911-1920,23,Northern America,US,United States,United States,USA,United States Can.,1957,1946-1970
http://www.wikidata.org/entity/Q4289341,VItaliy Melentyev,1916,male,Saint Petersburg,POINT (30.316667 59.95),http://www.wikidata.org/entity/Q656,1911-1920,9,European Russia,RU,Россия,Russian Federation,RUS,Russian Federation,1961,1946-1970
http://www.wikidata.org/entity/Q108290843,Carl August Stachelscheid,1919,male,Düsseldorf,POINT (6.776667 51.225556),http://www.wikidata.org/entity/Q1718,1911-1920,22,Western Europe,DE,Deutschland,Germany,DEU,Germany,1964,1946-1970
http://www.wikidata.org/entity/Q85674260,Alec Wainman,1913,male,North Yorkshire,POINT (-1.35 54.1),http://www.wikidata.org/entity/Q23086,1911-1920,24,Northern Europe,UK,United Kingdom,United Kingdom,GBR,United Kingdom,1958,1946-1970
http://www.wikidata.org/entity/Q1230935,Vsevolod Kochetov,1912,male,Veliky Novgorod,POINT (31.27579 58.52099),http://www.wikidata.org/entity/Q2235,1911-1920,9,European Russia,RU,Россия,Russian Federation,RUS,Russian Federation,1957,1946-1970
http://www.wikidata.org/entity/Q59528094,Hermann Ziock,1913,male,Greven,POINT (7.608333 52.091667),http://www.wikidata.org/entity/Q14917,1911-1920,22,Western Europe,DE,Deutschland,Germany,DEU,Germany,1958,1946-1970
http://www.wikidata.org/entity/Q1483880,William Vandivert,1912,male,Evanston,POINT (-87.685 42.047222),http://www.wikidata.org/entity/Q462799,1911-1920,23,Northern America,US,United States,United States,USA,United States Can.,1957,1946-1970
http://www.wikidata.org/entity/Q208116,Sergey Mikhalkov,1913,male,Moscow,POINT (37.6175 55.750556),http://www.wikidata.org/entity/Q649,1911-1920,9,European Russia,RU,Россия,Russian Federation,RUS,Russian Federation,1958,1946-1970
http://www.wikidata.org/entity/Q15977771,Harry Wayland Randall,1915,male,Spokane,POINT (-117.4235 47.657195),http://www.wikidata.org/entity/Q187805,1911-1920,23,Northern America,US,United States,United States,USA,United States Can.,1960,1946-1970
http://www.wikidata.org/entity/Q15968900,Denis Warner,1917,male,New Norfolk,POINT (147.059444 -42.782778),http://www.wikidata.org/entity/Q1982848,1911-1920,2,Australia/New Zealand,AU,Australia,Australia,AUS,Australia New Z.,1962,1946-1970
http://www.wikidata.org/entity/Q4065947,Mikhail Andriasov,1914,male,Millerovo,POINT (40.4 48.916667),http://www.wikidata.org/entity/Q158872,1911-1920,9,European Russia,RU,Россия,Russian Federation,RUS,Russian Federation,1959,1946-1970
http://www.wikidata.org/entity/Q15603100,Juan Guzmán,1911,male,Cologne,POINT (6.957778 50.942222),http://www.wikidata.org/entity/Q365,1911-1920,22,Western Europe,DE,Deutschland,Germany,DEU,Germany,1956,1946-1970
http://www.wikidata.org/entity/Q4104688,Sergey Vasilyev,1911,male,Kurgan,POINT (65.341111 55.440833),http://www.wikidata.org/entity/Q13379,1911-1920,1,Asiatic Russia,RU,Россия,Russian Federation,RUS,Russian Federation,1956,1946-1970
http://www.wikidata.org/entity/Q152524,Robert Capa,1913,male,Budapest,POINT (19.040833 47.498333),http://www.wikidata.org/entity/Q1781,1911-1920,8,Eastern Europe,HU,Magyarország,Hungary,HUN,Austria Hungary,1958,1946-1970
http://www.wikidata.org/entity/Q111472987,René Autones,1920,male,Argelès-sur-Mer,POINT (3.023889 42.546111),http://www.wikidata.org/entity/Q644728,1911-1920,22,Western Europe,FR,France,France,FRA,France,1965,1946-1970
http://www.wikidata.org/entity/Q111685918,Harold Dick,1917,male,Fremantle,POINT (115.7475 -32.054167),http://www.wikidata.org/entity/Q606212,1911-1920,2,Australia/New Zealand,AU,Australia,Australia,AUS,Australia New Z.,1962,1946-1970
http://www.wikidata.org/entity/Q98756136,Roy Wilder,1914,male,Spring Hope,POINT (-78.109722 35.944167),http://www.wikidata.org/entity/Q940729,1911-1920,23,Northern America,US,United States,United States,USA,United States Can.,1959,1946-1970
http://www.wikidata.org/entity/Q1508257,George Silk,1916,male,Levin,POINT (175.275 -40.63333),http://www.wikidata.org/entity/Q1821910,1911-1920,2,Australia/New Zealand,NZ,New Zealand-Aotearoa,New Zealand,NZL,Australia New Z.,1961,1946-1970
http://www.wikidata.org/entity/Q1523446,Alexander Yashin,1913,male,Bludnovo,POINT (45.553611 59.397222),http://www.wikidata.org/entity/Q13663846,1911-1920,9,European Russia,RU,Россия,Russian Federation,RUS,Russian Federation,1958,1946-1970
http://www.wikidata.org/entity/Q12751126,Dragica Srzentić,1912,female,Sovinjak,POINT (13.92 45.37),http://www.wikidata.org/entity/Q2128261,1911-1920,19,Southern Europe,HR,Hrvatska,Croatia,HRV,Central Europe,1957,1946-1970
http://www.wikidata.org/entity/Q7182447,Phil Stern,1919,male,Philadelphia,POINT (-75.163611 39.952778),http://www.wikidata.org/entity/Q1345,1911-1920,23,Northern America,US,United States,United States,USA,United States Can.,1964,1946-1970
http://www.wikidata.org/entity/Q94415431,Walter Henisch,1913,male,Vienna,POINT (16.3725 48.208333),http://www.wikidata.org/entity/Q1741,1911-1920,22,Western Europe,AT,Österreich,Austria,AUT,Austria Hungary,1958,1946-1970
http://www.wikidata.org/entity/Q4154495,Savva Dangulov,1912,male,Armavir,POINT (41.116667 45),http://www.wikidata.org/entity/Q15767,1911-1920,9,European Russia,RU,Россия,Russian Federation,RUS,Russian Federation,1957,1946-1970
http://www.wikidata.org/entity/Q17908455,Leonid Vilkomir,1912,male,Bukhara,POINT (64.428611 39.774722),http://www.wikidata.org/entity/Q5764,1911-1920,5,Central Asia,UZ,Узбекистан,Uzbekistan,UZB,Russian Federation,1957,1946-1970
http://www.wikidata.org/entity/Q1782146,Konrad Kellen,1913,male,Berlin,POINT (13.383333 52.516667),http://www.wikidata.org/entity/Q64,1911-1920,22,Western Europe,DE,Deutschland,Germany,DEU,Germany,1958,1946-1970
http://www.wikidata.org/entity/Q4150330,Mark Grossman,1917,male,Rostov-on-Don,POINT (39.71 47.2225),http://www.wikidata.org/entity/Q908,1911-1920,9,European Russia,RU,Россия,Russian Federation,RUS,Russian Federation,1962,1946-1970
http://www.wikidata.org/entity/Q4218911,Bronislav Kezhun,1914,male,Saint Petersburg,POINT (30.316667 59.95),http://www.wikidata.org/entity/Q656,1911-1920,9,European Russia,RU,Россия,Russian Federation,RUS,Russian Federation,1959,1946-1970
http://www.wikidata.org/entity/Q94097711,Paul Augustin,1916,male,Pobedino,POINT (22.725 54.894444),http://www.wikidata.org/entity/Q2267370,1911-1920,9,European Russia,RU,Россия,Russian Federation,RUS,Russian Federation,1961,1946-1970
http://www.wikidata.org/entity/Q19361622,Dušan Moravec,1920,male,Ljubljana,POINT (14.506111 46.051389),http://www.wikidata.org/entity/Q437,1911-1920,19,Southern Europe,SI,Slovinsko,Slovenia,SVN,Central Europe,1965,1946-1970
http://www.wikidata.org/entity/Q4223718,Arkady Klimov,1914,male,Yaransk,POINT (47.868805 57.303306),http://www.wikidata.org/entity/Q198977,1911-1920,9,European Russia,RU,Россия,Russian Federation,RUS,Russian Federation,1959,1946-1970
http://www.wikidata.org/entity/Q1964719,Dmitry Baltermants,1912,male,Warsaw,POINT (21.011111 52.23),http://www.wikidata.org/entity/Q270,1911-1920,8,Eastern Europe,PL,Polska,Poland,POL,Poland,1957,1946-1970
http://www.wikidata.org/entity/Q1113742,Clare Hollingworth,1911,female,Knighton,POINT (-1.116 52.606),http://www.wikidata.org/entity/Q6422364,1911-1920,24,Northern Europe,UK,United Kingdom,United Kingdom,GBR,United Kingdom,1956,1946-1970
http://www.wikidata.org/entity/Q4122755,Boris Voytekhov,1911,male,Saint Petersburg,POINT (30.316667 59.95),http://www.wikidata.org/entity/Q656,1911-1920,9,European Russia,RU,Россия,Russian Federation,RUS,Russian Federation,1956,1946-1970
http://www.wikidata.org/entity/Q706662,Lothar-Günther Buchheim,1918,male,Weimar,POINT (11.329445 50.981111),http://www.wikidata.org/entity/Q3955,1911-1920,22,Western Europe,DE,Deutschland,Germany,DEU,Germany,1963,1946-1970
http://www.wikidata.org/entity/Q6688023,Louis R. Lowery,1916,male,Pittsburgh,POINT (-80 40.441667),http://www.wikidata.org/entity/Q1342,1911-1920,23,Northern America,US,United States,United States,USA,United States Can.,1961,1946-1970
http://www.wikidata.org/entity/Q4538196,Anatoliy Yanovskiy,1919,male,Oryol,POINT (36.069444 52.968611),http://www.wikidata.org/entity/Q3118,1911-1920,9,European Russia,RU,Россия,Russian Federation,RUS,Russian Federation,1964,1946-1970
http://www.wikidata.org/entity/Q4909855,Bill Lawrence,1916,male,Lincoln,POINT (-96.678056 40.809167),http://www.wikidata.org/entity/Q28260,1911-1920,23,Northern America,US,United States,United States,USA,United States Can.,1961,1946-1970
http://www.wikidata.org/entity/Q112103588,Roderick Kenneth MacDonald,1912,male,Scotland,POINT (-5 57),http://www.wikidata.org/entity/Q22,1911-1920,24,Northern Europe,UK,United Kingdom,United Kingdom,GBR,United Kingdom,1957,1946-1970
http://www.wikidata.org/entity/Q4795029,Arnold Edmund Samuelson,1917,male,Tacoma,POINT (-122.4475 47.2525),http://www.wikidata.org/entity/Q199797,1911-1920,23,Northern America,US,United States,United States,USA,United States Can.,1962,1946-1970
http://www.wikidata.org/entity/Q1324581,Wilfred Burchett,1911,male,Melbourne,POINT (144.963056 -37.814167),http://www.wikidata.org/entity/Q3141,1911-1920,2,Australia/New Zealand,AU,Australia,Australia,AUS,Australia New Z.,1956,1946-1970
http://www.wikidata.org/entity/Q74596,Thaddäus Troll,1914,male,Bad Cannstatt,POINT (9.2141 48.8056),http://www.wikidata.org/entity/Q656982,1911-1920,22,Western Europe,DE,Deutschland,Germany,DEU,Germany,1959,1946-1970
http://www.wikidata.org/entity/Q1340595,James Aldridge,1918,male,White Hills,POINT (144.3 -36.7333),http://www.wikidata.org/entity/Q7994799,1911-1920,2,Australia/New Zealand,AU,Australia,Australia,AUS,Australia New Z.,1963,1946-1970
http://www.wikidata.org/entity/Q25929740,Kalevi Heikkinen,1911,male,Kestilä,POINT (26.279167 64.351389),http://www.wikidata.org/entity/Q992303,1911-1920,24,Northern Europe,FI,Suomi-Finland,Finland,FIN,Baltic States Fin. Belar.,1956,1946-1970
http://www.wikidata.org/entity/Q44695,Konstantin Simonov,1915,male,Saint Petersburg,POINT (30.316667 59.95),http://www.wikidata.org/entity/Q656,1911-1920,9,European Russia,RU,Россия,Russian Federation,RUS,Russian Federation,1960,1946-1970
http://www.wikidata.org/entity/Q25927242,Eric Borchert,1911,male,Chernyakhovsk,POINT (21.816667 54.633333),http://www.wikidata.org/entity/Q5655,1911-1920,9,European Russia,RU,Россия,Russian Federation,RUS,Russian Federation,1956,1946-1970
http://www.wikidata.org/entity/Q112054838,John R. Wilhelm,1916,male,Billings,POINT (-108.537222 45.786667),http://www.wikidata.org/entity/Q166304,1911-1920,23,Northern America,US,United States,United States,USA,United States Can.,1961,1946-1970
http://www.wikidata.org/entity/Q4511915,Yuly Chepurin,1914,male,Saratov,POINT (46.035 51.53),http://www.wikidata.org/entity/Q5332,1911-1920,9,European Russia,RU,Россия,Russian Federation,RUS,Russian Federation,1959,1946-1970
http://www.wikidata.org/entity/Q135760626,Николай Григорьевич Михайловский,1911,male,Zhmerynka,POINT (28.099167 49.0425),http://www.wikidata.org/entity/Q956117,1911-1920,8,Eastern Europe,UA,Україна,Ukraine,UKR,Ukraine,1956,1946-1970
http://www.wikidata.org/entity/Q4515631,Anatoly Chivilikhin,1915,male,Saint Petersburg,POINT (30.316667 59.95),http://www.wikidata.org/entity/Q656,1911-1920,9,European Russia,RU,Россия,Russian Federation,RUS,Russian Federation,1960,1946-1970
http://www.wikidata.org/entity/Q112326997,Ronnie Noble,1916,male,Blackheath,POINT (0.009 51.47),http://www.wikidata.org/entity/Q880861,1911-1920,24,Northern Europe,UK,United Kingdom,United Kingdom,GBR,United Kingdom,1961,1946-1970
http://www.wikidata.org/entity/Q138846,Andy Rooney,1919,male,Albany,POINT (-73.766667 42.65),http://www.wikidata.org/entity/Q24861,1911-1920,23,Northern America,US,United States,United States,USA,United States Can.,1964,1946-1970
http://www.wikidata.org/entity/Q7358662,Roger Mirams,1918,male,Christchurch,POINT (172.636111 -43.531111),http://www.wikidata.org/entity/Q79990,1911-1920,2,Australia/New Zealand,NZ,New Zealand-Aotearoa,New Zealand,NZL,Australia New Z.,1963,1946-1970
http://www.wikidata.org/entity/Q1375486,Ronald W. Clark,1916,male,London,POINT (-0.1275 51.507222),http://www.wikidata.org/entity/Q84,1911-1920,24,Northern Europe,UK,United Kingdom,United Kingdom,GBR,United Kingdom,1961,1946-1970
http://www.wikidata.org/entity/Q136805151,Frank A. Healy,1920,male,Toronto,POINT (-79.386667 43.670278),http://www.wikidata.org/entity/Q172,1911-1920,23,Northern America,CA,Canada-Canada,Canada,CAN,United States Can.,1965,1946-1970
http://www.wikidata.org/entity/Q13735816,Jan Rudolf Hommes,1918,male,The Hague,POINT (4.31 52.08),http://www.wikidata.org/entity/Q36600,1911-1920,22,Western Europe,NL,Nederland,Netherlands,NLD,Belgium Netherl.,1963,1946-1970
http://www.wikidata.org/entity/Q136386664,Акульшин Дмитрий Филиппович,1911,male,Donetsk,POINT (37.802778 48.015833),http://www.wikidata.org/entity/Q43070,1911-1920,8,Eastern Europe,UA,Україна,Ukraine,UKR,Ukraine,1956,1946-1970
http://www.wikidata.org/entity/Q5093771,Chester Wilmot,1911,male,Brighton,POINT (144.996 -37.905),http://www.wikidata.org/entity/Q915776,1911-1920,2,Australia/New Zealand,AU,Australia,Australia,AUS,Australia New Z.,1956,1946-1970
http://www.wikidata.org/entity/Q5163587,Constance Stuart Larrabee,1914,female,Cornwall,POINT (-4.9 50.3),http://www.wikidata.org/entity/Q23148,1911-1920,24,Northern Europe,UK,United Kingdom,United Kingdom,GBR,United Kingdom,1959,1946-1970
http://www.wikidata.org/entity/Q934820,David Douglas Duncan,1916,male,Kansas City,POINT (-94.583333 39.05),http://www.wikidata.org/entity/Q41819,1911-1920,23,Northern America,US,United States,United States,USA,United States Can.,1961,1946-1970
http://www.wikidata.org/entity/Q136631472,Andrejs Spekke,1915,male,Moscow,POINT (37.6175 55.750556),http://www.wikidata.org/entity/Q649,1911-1920,9,European Russia,RU,Россия,Russian Federation,RUS,Russian Federation,1960,1946-1970
http://www.wikidata.org/entity/Q1122045,Lajos Kuntár,1914,male,Csörötnek,POINT (16.36416 46.95063),http://www.wikidata.org/entity/Q876382,1911-1920,8,Eastern Europe,HU,Magyarország,Hungary,HUN,Austria Hungary,1959,1946-1970
http://www.wikidata.org/entity/Q3379683,Philippe Daudy,1925,male,16th arrondissement of Paris,POINT (2.276489 48.863611),http://www.wikidata.org/entity/Q194420,1921-1930,22,Western Europe,FR,France,France,FRA,France,1970,1946-1970
http://www.wikidata.org/entity/Q4168436,Ivan Drozdov,1922,male,Bekovsky District,POINT (43.71 52.465),http://www.wikidata.org/entity/Q2706920,1921-1930,9,European Russia,RU,Россия,Russian Federation,RUS,Russian Federation,1967,1946-1970
http://www.wikidata.org/entity/Q111792947,Paul Corcuff,1927,male,Villejuif,POINT (2.361111 48.793889),http://www.wikidata.org/entity/Q128466,1921-1930,22,Western Europe,FR,France,France,FRA,France,1972,1971-1995
http://www.wikidata.org/entity/Q9391722,Zofia Bystrzycka,1922,female,Przemyśl,POINT (22.78424 49.78345),http://www.wikidata.org/entity/Q208473,1921-1930,8,Eastern Europe,PL,Polska,Poland,POL,Poland,1967,1946-1970
http://www.wikidata.org/entity/Q111470696,René Adrian,1930,male,Strasbourg,POINT (7.752222 48.573333),http://www.wikidata.org/entity/Q6602,1921-1930,22,Western Europe,FR,France,France,FRA,France,1975,1971-1995
http://www.wikidata.org/entity/Q387323,Raoul Coutard,1924,male,4th arrondissement of Paris,POINT (2.355556 48.855556),http://www.wikidata.org/entity/Q230127,1921-1930,22,Western Europe,FR,France,France,FRA,France,1969,1946-1970
http://www.wikidata.org/entity/Q114600,Johannes-Matthias Hönscheid,1922,male,Eitorf,POINT (7.451667 50.769722),http://www.wikidata.org/entity/Q254649,1921-1930,22,Western Europe,DE,Deutschland,Germany,DEU,Germany,1967,1946-1970
http://www.wikidata.org/entity/Q111781829,Raymond Varoqui,1921,male,Ottange,POINT (6.018333 49.442222),http://www.wikidata.org/entity/Q22010,1921-1930,22,Western Europe,FR,France,France,FRA,France,1966,1946-1970
http://www.wikidata.org/entity/Q3751306,Franco Ferrari,1929,male,Sondrio,POINT (9.87 46.16972),http://www.wikidata.org/entity/Q6274,1921-1930,19,Southern Europe,IT,Italia,Italy,ITA,Italy,1974,1971-1995
http://www.wikidata.org/entity/Q4235683,Yakov Kostyukovsky,1921,male,Zolotonosha,POINT (32.033333 49.666667),http://www.wikidata.org/entity/Q219769,1921-1930,8,Eastern Europe,UA,Україна,Ukraine,UKR,Ukraine,1966,1946-1970
http://www.wikidata.org/entity/Q18323289,Janez Stanonik,1922,male,Slovenj Gradec,POINT (15.079044 46.509345),http://www.wikidata.org/entity/Q15918,1921-1930,19,Southern Europe,SI,Slovinsko,Slovenia,SVN,Central Europe,1967,1946-1970
http://www.wikidata.org/entity/Q4909232,Bill Groethe,1923,male,Rapid City,POINT (-103.228667 44.081056),http://www.wikidata.org/entity/Q213325,1921-1930,23,Northern America,US,United States,United States,USA,United States Can.,1968,1946-1970
http://www.wikidata.org/entity/Q3351411,Olivier Todd,1929,male,Neuilly-sur-Seine,POINT (2.2675 48.887222),http://www.wikidata.org/entity/Q48958,1921-1930,22,Western Europe,FR,France,France,FRA,France,1974,1971-1995
http://www.wikidata.org/entity/Q6109396,J. Malan Heslop,1923,male,Taylor,POINT (-112.083611 41.227222),http://www.wikidata.org/entity/Q29641696,1921-1930,23,Northern America,US,United States,United States,USA,United States Can.,1968,1946-1970
http://www.wikidata.org/entity/Q104621531,Pierre Ferrari,1924,male,Massiac,POINT (3.197222 45.251389),http://www.wikidata.org/entity/Q470686,1921-1930,22,Western Europe,FR,France,France,FRA,France,1969,1946-1970
http://www.wikidata.org/entity/Q104590752,Daniel Camus,1929,male,Reims,POINT (4.028611 49.265278),http://www.wikidata.org/entity/Q41876,1921-1930,22,Western Europe,FR,France,France,FRA,France,1974,1971-1995
http://www.wikidata.org/entity/Q22004182,Ed Feingersh,1925,male,Brooklyn,POINT (-73.949722 40.650833),http://www.wikidata.org/entity/Q18419,1921-1930,23,Northern America,US,United States,United States,USA,United States Can.,1970,1946-1970
http://www.wikidata.org/entity/Q104585883,Jean Péraud,1925,male,Le Perreux-sur-Marne,POINT (2.503611 48.842222),http://www.wikidata.org/entity/Q990408,1921-1930,22,Western Europe,FR,France,France,FRA,France,1970,1946-1970
http://www.wikidata.org/entity/Q214110,David Rubinger,1924,male,Vienna,POINT (16.3725 48.208333),http://www.wikidata.org/entity/Q1741,1921-1930,22,Western Europe,AT,Österreich,Austria,AUT,Austria Hungary,1969,1946-1970
http://www.wikidata.org/entity/Q213957,Bernard B. Fall,1926,male,Vienna,POINT (16.3725 48.208333),http://www.wikidata.org/entity/Q1741,1921-1930,22,Western Europe,AT,Österreich,Austria,AUT,Austria Hungary,1971,1971-1995
http://www.wikidata.org/entity/Q15149827,John Dominis,1921,male,Los Angeles,POINT (-118.24368 34.05223),http://www.wikidata.org/entity/Q65,1921-1930,23,Northern America,US,United States,United States,USA,United States Can.,1966,1946-1970
http://www.wikidata.org/entity/Q153700,Oriana Fallaci,1929,female,Florence,POINT (11.254167 43.771389),http://www.wikidata.org/entity/Q2044,1921-1930,19,Southern Europe,IT,Italia,Italy,ITA,Italy,1974,1971-1995
http://www.wikidata.org/entity/Q15486525,Joseph McKeown,1925,male,London,POINT (-0.1275 51.507222),http://www.wikidata.org/entity/Q84,1921-1930,24,Northern Europe,UK,United Kingdom,United Kingdom,GBR,United Kingdom,1970,1946-1970
http://www.wikidata.org/entity/Q64373656,Norman Hatch,1921,male,Boston,POINT (-71.057778 42.360278),http://www.wikidata.org/entity/Q100,1921-1930,23,Northern America,US,United States,United States,USA,United States Can.,1966,1946-1970
http://www.wikidata.org/entity/Q16015140,Paul Fregosi,1922,male,Marseille,POINT (5.376389 43.296667),http://www.wikidata.org/entity/Q23482,1921-1930,22,Western Europe,FR,France,France,FRA,France,1967,1946-1970
http://www.wikidata.org/entity/Q16459192,Lionginas Baliukevičius,1925,male,Alytus,POINT (24.05 54.4),http://www.wikidata.org/entity/Q450625,1921-1930,8,Eastern Europe,LT,Lietuva,Lithuania,LTU,Baltic States Fin. Belar.,1970,1946-1970
http://www.wikidata.org/entity/Q702625,Marc Riboud,1923,male,Saint-Genis-Laval,POINT (4.793056 45.695278),http://www.wikidata.org/entity/Q910089,1921-1930,22,Western Europe,FR,France,France,FRA,France,1968,1946-1970
http://www.wikidata.org/entity/Q1963261,Semyon Gudzenko,1922,male,Kyiv,POINT (30.523611 50.45),http://www.wikidata.org/entity/Q1899,1921-1930,8,Eastern Europe,UA,Україна,Ukraine,UKR,Ukraine,1967,1946-1970
http://www.wikidata.org/entity/Q17383868,Howard Sochurek,1924,male,Milwaukee,POINT (-87.95 43.05),http://www.wikidata.org/entity/Q37836,1921-1930,23,Northern America,US,United States,United States,USA,United States Can.,1969,1946-1970
http://www.wikidata.org/entity/Q6830516,Michael Gannon,1927,male,Fort Sill,POINT (-98.508333 34.704167),http://www.wikidata.org/entity/Q1018681,1921-1930,23,Northern America,US,United States,United States,USA,United States Can.,1972,1971-1995
http://www.wikidata.org/entity/Q6939240,Murray Fromson,1929,male,The Bronx,POINT (-73.873333 40.846667),http://www.wikidata.org/entity/Q18426,1921-1930,23,Northern America,US,United States,United States,USA,United States Can.,1974,1971-1995
http://www.wikidata.org/entity/Q1348644,Larry Burrows,1926,male,London,POINT (-0.1275 51.507222),http://www.wikidata.org/entity/Q84,1921-1930,24,Northern Europe,UK,United Kingdom,United Kingdom,GBR,United Kingdom,1971,1971-1995
http://www.wikidata.org/entity/Q27132590,Paul Averitt,1923,male,Nashville,POINT (-86.774444 36.162222),http://www.wikidata.org/entity/Q23197,1921-1930,23,Northern America,US,United States,United States,USA,United States Can.,1968,1946-1970
http://www.wikidata.org/entity/Q88645650,Hugo Wilmar,1923,male,Amersfoort,POINT (5.38 52.15),http://www.wikidata.org/entity/Q992,1921-1930,22,Western Europe,NL,Nederland,Netherlands,NLD,Belgium Netherl.,1968,1946-1970
http://www.wikidata.org/entity/Q117121102,Robert Schutz,1925,male,Orange,POINT (-74.2357 40.768),http://www.wikidata.org/entity/Q1087121,1921-1930,23,Northern America,US,United States,United States,USA,United States Can.,1970,1946-1970
http://www.wikidata.org/entity/Q3288026,Marc Flament,1929,male,Bordeaux,POINT (-0.579444 44.837778),http://www.wikidata.org/entity/Q1479,1921-1930,22,Western Europe,FR,France,France,FRA,France,1974,1971-1995
http://www.wikidata.org/entity/Q3275723,Madeleine Riffaud,1924,female,Arvillers,POINT (2.646945 49.745),http://www.wikidata.org/entity/Q30885,1921-1930,22,Western Europe,FR,France,France,FRA,France,1969,1946-1970
http://www.wikidata.org/entity/Q5493411,François Sully,1927,male,6th arrondissement of Paris,POINT (2.332233 48.850531),http://www.wikidata.org/entity/Q245546,1921-1930,22,Western Europe,FR,France,France,FRA,France,1972,1971-1995
http://www.wikidata.org/entity/Q84720985,Владимир Иванович Сердюков,1924,male,Almaty,POINT (76.915 43.24),http://www.wikidata.org/entity/Q35493,1921-1930,5,Central Asia,KZ,Қазақстан,Kazakhstan,KAZ,Russian Federation,1969,1946-1970
http://www.wikidata.org/entity/Q3158494,Jacques Chancel,1928,male,Ayzac-Ost,POINT (-0.096389 43.023611),http://www.wikidata.org/entity/Q765805,1921-1930,22,Western Europe,FR,France,France,FRA,France,1973,1971-1995
http://www.wikidata.org/entity/Q6939446,Murray Sayle,1926,male,Sydney,POINT (151.21 -33.867778),http://www.wikidata.org/entity/Q3130,1921-1930,2,Australia/New Zealand,AU,Australia,Australia,AUS,Australia New Z.,1971,1971-1995
http://www.wikidata.org/entity/Q120278448,Igor Grebtsov,1923,male,Uzhur,POINT (89.816667 55.316667),http://www.wikidata.org/entity/Q196803,1921-1930,1,Asiatic Russia,RU,Россия,Russian Federation,RUS,Russian Federation,1968,1946-1970
http://www.wikidata.org/entity/Q983434,Larry Collins,1929,male,West Hartford,POINT (-72.753889 41.767778),http://www.wikidata.org/entity/Q49140,1921-1930,23,Northern America,US,United States,United States,USA,United States Can.,1974,1971-1995
http://www.wikidata.org/entity/Q12298530,Khristo Cherni︠a︡ev,1930,male,Varna,POINT (27.91108 43.211375),http://www.wikidata.org/entity/Q6506,1921-1930,8,Eastern Europe,BG,България,Bulgaria,BGR,Central Europe,1975,1971-1995
http://www.wikidata.org/entity/Q110647631,Thijmen van de Burgt,1926,male,Zeist,POINT (5.23333 52.09),http://www.wikidata.org/entity/Q33527010,1921-1930,22,Western Europe,NL,Nederland,Netherlands,NLD,Belgium Netherl.,1971,1971-1995
http://www.wikidata.org/entity/Q3048455,Edward Behr,1926,male,16th arrondissement of Paris,POINT (2.276489 48.863611),http://www.wikidata.org/entity/Q194420,1921-1930,22,Western Europe,FR,France,France,FRA,France,1971,1971-1995
http://www.wikidata.org/entity/Q7679021,Talbot Duckmanton,1921,male,South Yarra,POINT (144.989 -37.84),http://www.wikidata.org/entity/Q2304617,1921-1930,2,Australia/New Zealand,AU,Australia,Australia,AUS,Australia New Z.,1966,1946-1970
http://www.wikidata.org/entity/Q3083410,François-Jean Armorin,1923,male,Crest,POINT (5.022222 44.728333),http://www.wikidata.org/entity/Q327259,1921-1930,22,Western Europe,FR,France,France,FRA,France,1968,1946-1970
http://www.wikidata.org/entity/Q1261424,Tony Vaccaro,1922,male,Greensburg,POINT (-79.542222 40.297778),http://www.wikidata.org/entity/Q734974,1921-1930,23,Northern America,US,United States,United States,USA,United States Can.,1967,1946-1970
http://www.wikidata.org/entity/Q2925424,Brigitte Friang,1924,female,16th arrondissement of Paris,POINT (2.276489 48.863611),http://www.wikidata.org/entity/Q194420,1921-1930,22,Western Europe,FR,France,France,FRA,France,1969,1946-1970
http://www.wikidata.org/entity/Q2976984,Claude Bernard-Aubert,1930,male,Durtal,POINT (-0.241389 47.671944),http://www.wikidata.org/entity/Q819837,1921-1930,22,Western Europe,FR,France,France,FRA,France,1975,1971-1995
http://www.wikidata.org/entity/Q80704706,Louis Wuyts,1921,male,Melsbroek,POINT (4.4767 50.9144),http://www.wikidata.org/entity/Q2565209,1921-1930,22,Western Europe,BE,Belgien-Belgique-België,Belgium,BEL,Belgium Netherl.,1966,1946-1970
http://www.wikidata.org/entity/Q1104100,Ko Rentmeester,1936,male,Amsterdam,POINT (4.883333 52.366667),http://www.wikidata.org/entity/Q727,1931-1940,22,Western Europe,NL,Nederland,Netherlands,NLD,Belgium Netherl.,1981,1971-1995
http://www.wikidata.org/entity/Q471546,John Pilger,1939,male,Sydney,POINT (151.21 -33.867778),http://www.wikidata.org/entity/Q3130,1931-1940,2,Australia/New Zealand,AU,Australia,Australia,AUS,Australia New Z.,1984,1971-1995
http://www.wikidata.org/entity/Q496027,Eddie Adams,1933,male,New Kensington,POINT (-79.758333 40.568333),http://www.wikidata.org/entity/Q1186623,1931-1940,23,Northern America,US,United States,United States,USA,United States Can.,1978,1971-1995
http://www.wikidata.org/entity/Q454784,Gilles Caron,1939,male,Neuilly-sur-Seine,POINT (2.2675 48.887222),http://www.wikidata.org/entity/Q48958,1931-1940,22,Western Europe,FR,France,France,FRA,France,1984,1971-1995
http://www.wikidata.org/entity/Q99390539,H. D. S. Greenway,1935,male,Boston,POINT (-71.057778 42.360278),http://www.wikidata.org/entity/Q100,1931-1940,23,Northern America,US,United States,United States,USA,United States Can.,1980,1971-1995
http://www.wikidata.org/entity/Q3080180,Fox Butterfield,1939,male,Lancaster,POINT (-76.304445 40.039722),http://www.wikidata.org/entity/Q320514,1931-1940,23,Northern America,US,United States,United States,USA,United States Can.,1984,1971-1995
http://www.wikidata.org/entity/Q1238740,Neil Sheehan,1936,male,Holyoke,POINT (-72.618056 42.204167),http://www.wikidata.org/entity/Q1637790,1931-1940,23,Northern America,US,United States,United States,USA,United States Can.,1981,1971-1995
http://www.wikidata.org/entity/Q1239329,Don McCullin,1935,male,Finsbury Park,POINT (-0.1031 51.5683),http://www.wikidata.org/entity/Q122566,1931-1940,24,Northern Europe,UK,United Kingdom,United Kingdom,GBR,United Kingdom,1980,1971-1995
http://www.wikidata.org/entity/Q5004358,Byron G. Highland,1934,male,Detroit,POINT (-83.0475 42.331667),http://www.wikidata.org/entity/Q12439,1931-1940,23,Northern America,US,United States,United States,USA,United States Can.,1979,1971-1995
http://www.wikidata.org/entity/Q6194935,Jim Fenwick,1934,male,Brisbane,POINT (153.027778 -27.467778),http://www.wikidata.org/entity/Q34932,1931-1940,2,Australia/New Zealand,AU,Australia,Australia,AUS,Australia New Z.,1979,1971-1995
http://www.wikidata.org/entity/Q2401525,Yves Courrière,1935,male,12th arrondissement of Paris,POINT (2.388183 48.840808),http://www.wikidata.org/entity/Q171689,1931-1940,22,Western Europe,FR,France,France,FRA,France,1980,1971-1995
http://www.wikidata.org/entity/Q7969034,Ward Just,1935,male,Michigan City,POINT (-86.89306 41.71278),http://www.wikidata.org/entity/Q989282,1931-1940,23,Northern America,US,United States,United States,USA,United States Can.,1980,1971-1995
http://www.wikidata.org/entity/Q2865339,Arthur Smet,1932,male,Valenciennes,POINT (3.523333 50.358056),http://www.wikidata.org/entity/Q163795,1931-1940,22,Western Europe,FR,France,France,FRA,France,1977,1971-1995
http://www.wikidata.org/entity/Q76935,Horst Faas,1933,male,Berlin,POINT (13.383333 52.516667),http://www.wikidata.org/entity/Q64,1931-1940,22,Western Europe,DE,Deutschland,Germany,DEU,Germany,1978,1971-1995
http://www.wikidata.org/entity/Q142025,Peter Arnett,1934,male,Riverton / Aparima,POINT (168.016667 -46.35),http://www.wikidata.org/entity/Q152152,1931-1940,2,Australia/New Zealand,NZ,New Zealand-Aotearoa,New Zealand,NZL,Australia New Z.,1979,1971-1995
http://www.wikidata.org/entity/Q7329477,Richard Threlkeld,1937,male,Cedar Rapids,POINT (-91.668611 41.983333),http://www.wikidata.org/entity/Q486439,1931-1940,23,Northern America,US,United States,United States,USA,United States Can.,1982,1971-1995
http://www.wikidata.org/entity/Q1319817,Neil Davis,1934,male,Hobart,POINT (147.316667 -42.883333),http://www.wikidata.org/entity/Q40191,1931-1940,2,Australia/New Zealand,AU,Australia,Australia,AUS,Australia New Z.,1979,1971-1995
http://www.wikidata.org/entity/Q7364208,Ron Nessen,1934,male,Rockville,POINT (-77.15276 39.084),http://www.wikidata.org/entity/Q327022,1931-1940,23,Northern America,US,United States,United States,USA,United States Can.,1979,1971-1995
http://www.wikidata.org/entity/Q569824,Just Jaeckin,1940,male,Vichy,POINT (3.425833 46.126944),http://www.wikidata.org/entity/Q93351,1931-1940,22,Western Europe,FR,France,France,FRA,France,1985,1971-1995
http://www.wikidata.org/entity/Q5531414,Gene Roberts,1932,male,Pikeville,POINT (-77.986111 35.498889),http://www.wikidata.org/entity/Q2024271,1931-1940,23,Northern America,US,United States,United States,USA,United States Can.,1977,1971-1995
http://www.wikidata.org/entity/Q6114577,Jack Perkins,1933,male,Cleveland,POINT (-81.694722 41.499167),http://www.wikidata.org/entity/Q37320,1931-1940,23,Northern America,US,United States,United States,USA,United States Can.,1978,1971-1995
http://www.wikidata.org/entity/Q5488877,Frank Palmos,1940,male,Melbourne,POINT (144.963056 -37.814167),http://www.wikidata.org/entity/Q3141,1931-1940,2,Australia/New Zealand,AU,Australia,Australia,AUS,Australia New Z.,1985,1971-1995
http://www.wikidata.org/entity/Q4139307,Theodore K Gladkov,1932,male,Moscow,POINT (37.6175 55.750556),http://www.wikidata.org/entity/Q649,1931-1940,9,European Russia,RU,Россия,Russian Federation,RUS,Russian Federation,1977,1971-1995
http://www.wikidata.org/entity/Q4104509,Aleksey Vasilyev,1939,male,Saint Petersburg,POINT (30.316667 59.95),http://www.wikidata.org/entity/Q656,1931-1940,9,European Russia,RU,Россия,Russian Federation,RUS,Russian Federation,1984,1971-1995
http://www.wikidata.org/entity/Q937835,Michael Herr,1940,male,Lexington,POINT (-84.458611 38.049722),http://www.wikidata.org/entity/Q49241,1931-1940,23,Northern America,US,United States,United States,USA,United States Can.,1985,1971-1995
http://www.wikidata.org/entity/Q3733969,Ettore Mo,1932,male,Borgomanero,POINT (8.466667 45.7),http://www.wikidata.org/entity/Q22111,1931-1940,19,Southern Europe,IT,Italia,Italy,ITA,Italy,1977,1971-1995
http://www.wikidata.org/entity/Q5214843,Dana Stone,1939,male,Pomfret,POINT (-72.520278 43.6975),http://www.wikidata.org/entity/Q3475877,1931-1940,23,Northern America,US,United States,United States,USA,United States Can.,1984,1971-1995
http://www.wikidata.org/entity/Q3170750,Jean Bertolino,1936,male,Marseille,POINT (5.376389 43.296667),http://www.wikidata.org/entity/Q23482,1931-1940,22,Western Europe,FR,France,France,FRA,France,1981,1971-1995
http://www.wikidata.org/entity/Q920637,Morley Safer,1931,male,Toronto,POINT (-79.386667 43.670278),http://www.wikidata.org/entity/Q172,1931-1940,23,Northern America,CA,Canada-Canada,Canada,CAN,United States Can.,1976,1971-1995
http://www.wikidata.org/entity/Q7274096,R. W. Apple Jr.,1934,male,Akron,POINT (-81.517778 41.073056),http://www.wikidata.org/entity/Q163132,1931-1940,23,Northern America,US,United States,United States,USA,United States Can.,1979,1971-1995
http://www.wikidata.org/entity/Q3395389,Philip Jones Griffiths,1936,male,Ридлан,POINT (-3.464 53.294),http://www.wikidata.org/entity/Q1807193,1931-1940,24,Northern Europe,UK,United Kingdom,United Kingdom,GBR,United Kingdom,1981,1971-1995
http://www.wikidata.org/entity/Q5280188,Dirck Halstead,1936,male,Huntington,POINT (-73.426111 40.868056),http://www.wikidata.org/entity/Q999123,1931-1940,23,Northern America,US,United States,United States,USA,United States Can.,1981,1971-1995
http://www.wikidata.org/entity/Q5294645,Donald Kirk,1938,male,New Brunswick,POINT (-74.444445 40.486667),http://www.wikidata.org/entity/Q138338,1931-1940,23,Northern America,US,United States,United States,USA,United States Can.,1983,1971-1995
http://www.wikidata.org/entity/Q3310509,Michel Parbot,1938,male,Boulogne-Billancourt,POINT (2.241389 48.835278),http://www.wikidata.org/entity/Q172455,1931-1940,22,Western Europe,FR,France,France,FRA,France,1983,1971-1995
http://www.wikidata.org/entity/Q3303778,Brian Barron,1940,male,Bristol,POINT (-2.5975 51.453611),http://www.wikidata.org/entity/Q23154,1931-1940,24,Northern Europe,UK,United Kingdom,United Kingdom,GBR,United Kingdom,1985,1971-1995
http://www.wikidata.org/entity/Q3286755,Manuel Bidermanas,1938,male,9th arrondissement of Paris,POINT (2.336967 48.878281),http://www.wikidata.org/entity/Q275118,1931-1940,22,Western Europe,FR,France,France,FRA,France,1983,1971-1995
http://www.wikidata.org/entity/Q6194484,Jim Cummins,1945,male,Cedar Rapids,POINT (-91.668611 41.983333),http://www.wikidata.org/entity/Q486439,1941-1950,23,Northern America,US,United States,United States,USA,United States Can.,1990,1971-1995
http://www.wikidata.org/entity/Q7298605,Raymond Bonner,1942,male,Jefferson City,POINT (-92.173611 38.576667),http://www.wikidata.org/entity/Q28180,1941-1950,23,Northern America,US,United States,United States,USA,United States Can.,1987,1971-1995
http://www.wikidata.org/entity/Q4718682,Alexander D. Shimkin,1944,male,"Washington, D.C.",POINT (-77.036667 38.895),http://www.wikidata.org/entity/Q61,1941-1950,23,Northern America,US,United States,United States,USA,United States Can.,1989,1971-1995
http://www.wikidata.org/entity/Q5928039,Javier Nart,1947,male,Laredo,POINT (-3.41 43.414444),http://www.wikidata.org/entity/Q828955,1941-1950,19,Southern Europe,ES,España,Spain,ESP,Spain Port.,1992,1971-1995
http://www.wikidata.org/entity/Q766913,Ed Bradley,1941,male,Philadelphia,POINT (-75.163611 39.952778),http://www.wikidata.org/entity/Q1345,1941-1950,23,Northern America,US,United States,United States,USA,United States Can.,1986,1971-1995
http://www.wikidata.org/entity/Q5752662,Carmen Sarmiento,1944,female,Madrid,POINT (-3.703333 40.416944),http://www.wikidata.org/entity/Q2807,1941-1950,19,Southern Europe,ES,España,Spain,ESP,Spain Port.,1989,1971-1995
http://www.wikidata.org/entity/Q975877,Ad van Liempt,1949,male,Utrecht,POINT (5.121667 52.090833),http://www.wikidata.org/entity/Q803,1941-1950,22,Western Europe,NL,Nederland,Netherlands,NLD,Belgium Netherl.,1994,1971-1995
http://www.wikidata.org/entity/Q8019109,"William T. Perkins, Jr.",1947,male,Rochester,POINT (-77.611389 43.165556),http://www.wikidata.org/entity/Q49218,1941-1950,23,Northern America,US,United States,United States,USA,United States Can.,1992,1971-1995
http://www.wikidata.org/entity/Q888256,Bob Simon,1941,male,The Bronx,POINT (-73.873333 40.846667),http://www.wikidata.org/entity/Q18426,1941-1950,23,Northern America,US,United States,United States,USA,United States Can.,1986,1971-1995
http://www.wikidata.org/entity/Q5242712,Dawud Salahuddin,1950,male,Roanoke Rapids,POINT (-77.654722 36.454444),http://www.wikidata.org/entity/Q2028322,1941-1950,23,Northern America,US,United States,United States,USA,United States Can.,1995,1971-1995
http://www.wikidata.org/entity/Q940918,Hubert van Es,1941,male,Hilversum,POINT (5.18 52.23),http://www.wikidata.org/entity/Q9934,1941-1950,22,Western Europe,NL,Nederland,Netherlands,NLD,Belgium Netherl.,1986,1971-1995
http://www.wikidata.org/entity/Q980296,Kurt Schork,1947,male,"Washington, D.C.",POINT (-77.036667 38.895),http://www.wikidata.org/entity/Q61,1941-1950,23,Northern America,US,United States,United States,USA,United States Can.,1992,1971-1995
http://www.wikidata.org/entity/Q5534419,Geoffrey Archer,1944,male,London,POINT (-0.1275 51.507222),http://www.wikidata.org/entity/Q84,1941-1950,24,Northern Europe,UK,United Kingdom,United Kingdom,GBR,United Kingdom,1989,1971-1995
http://www.wikidata.org/entity/Q3168550,Jean-Paul Kauffmann,1944,male,Saint-Pierre-la-Cour,POINT (-1.026389 48.115),http://www.wikidata.org/entity/Q544967,1941-1950,22,Western Europe,FR,France,France,FRA,France,1989,1971-1995
http://www.wikidata.org/entity/Q24690123,François-Xavier Roch,1946,male,Montbéliard,POINT (6.798333 47.509722),http://www.wikidata.org/entity/Q154715,1941-1950,22,Western Europe,FR,France,France,FRA,France,1991,1971-1995
http://www.wikidata.org/entity/Q138674465,Uri J. Nachimson,1947,male,Szczecin,POINT (14.555278 53.424722),http://www.wikidata.org/entity/Q393,1941-1950,8,Eastern Europe,PL,Polska,Poland,POL,Poland,1992,1971-1995
http://www.wikidata.org/entity/Q3595401,Gareth Porter,1942,male,Independence,POINT (-95.7114 37.2283),http://www.wikidata.org/entity/Q1904322,1941-1950,23,Northern America,US,United States,United States,USA,United States Can.,1987,1971-1995
http://www.wikidata.org/entity/Q1400992,Patrick Chauvel,1949,male,16th arrondissement of Paris,POINT (2.276489 48.863611),http://www.wikidata.org/entity/Q194420,1941-1950,22,Western Europe,FR,France,France,FRA,France,1994,1971-1995
http://www.wikidata.org/entity/Q15071250,Viktor Litovkin,1945,male,Troianiv,POINT (28.523055 50.113333),http://www.wikidata.org/entity/Q4464054,1941-1950,8,Eastern Europe,UA,Україна,Ukraine,UKR,Ukraine,1990,1971-1995
http://www.wikidata.org/entity/Q3496830,Stanley Greene,1949,male,Brooklyn,POINT (-73.949722 40.650833),http://www.wikidata.org/entity/Q18419,1941-1950,23,Northern America,US,United States,United States,USA,United States Can.,1994,1971-1995
http://www.wikidata.org/entity/Q3380646,Philippe Rochot,1946,male,Dijon,POINT (5.041945 47.323055),http://www.wikidata.org/entity/Q7003,1941-1950,22,Western Europe,FR,France,France,FRA,France,1991,1971-1995
http://www.wikidata.org/entity/Q3299130,Miroslav Lazanski,1950,male,Karlovac,POINT (15.555833 45.493056),http://www.wikidata.org/entity/Q3617,1941-1950,19,Southern Europe,HR,Hrvatska,Croatia,HRV,Central Europe,1995,1971-1995
http://www.wikidata.org/entity/Q11904754,Albert Abril,1947,male,Barcelona,POINT (2.176944 41.3825),http://www.wikidata.org/entity/Q1492,1941-1950,19,Southern Europe,ES,España,Spain,ESP,Spain Port.,1992,1971-1995
http://www.wikidata.org/entity/Q3288148,Marc Kravetz,1942,male,Neuilly-sur-Seine,POINT (2.2675 48.887222),http://www.wikidata.org/entity/Q48958,1941-1950,22,Western Europe,FR,France,France,FRA,France,1987,1971-1995
http://www.wikidata.org/entity/Q327426,Sean Flynn,1941,male,Los Angeles,POINT (-118.24368 34.05223),http://www.wikidata.org/entity/Q65,1941-1950,23,Northern America,US,United States,United States,USA,United States Can.,1986,1971-1995
http://www.wikidata.org/entity/Q3193984,Kate Webb,1943,female,Christchurch,POINT (172.636111 -43.531111),http://www.wikidata.org/entity/Q79990,1941-1950,2,Australia/New Zealand,NZ,New Zealand-Aotearoa,New Zealand,NZL,Australia New Z.,1988,1971-1995
http://www.wikidata.org/entity/Q99528903,Aleskender Ramazanov,1950,male,Dagestan,POINT (47.505 42.983889),http://www.wikidata.org/entity/Q5118,1941-1950,9,European Russia,RU,Россия,Russian Federation,RUS,Russian Federation,1995,1971-1995
http://www.wikidata.org/entity/Q11751780,Dragoš Kalajić,1943,male,Belgrade,POINT (20.456944 44.817778),http://www.wikidata.org/entity/Q3711,1941-1950,19,Southern Europe,RS,Србија,Serbia,SRB,Central Europe,1988,1971-1995
http://www.wikidata.org/entity/Q16663578,Martine Laroche-Joubert,1947,female,Tartas,POINT (-0.808611 43.8325),http://www.wikidata.org/entity/Q1427129,1941-1950,22,Western Europe,FR,France,France,FRA,France,1992,1971-1995
http://www.wikidata.org/entity/Q22046388,Vladimir Snegirev,1947,male,Kolpashevo,POINT (82.916667 58.316667),http://www.wikidata.org/entity/Q154725,1941-1950,1,Asiatic Russia,RU,Россия,Russian Federation,RUS,Russian Federation,1992,1971-1995
http://www.wikidata.org/entity/Q1977444,John Hoagland,1947,male,San Diego,POINT (-117.1625 32.715),http://www.wikidata.org/entity/Q16552,1941-1950,23,Northern America,US,United States,United States,USA,United States Can.,1992,1971-1995
http://www.wikidata.org/entity/Q2434219,Tim Page,1944,male,Royal Tunbridge Wells,POINT (0.263 51.132),http://www.wikidata.org/entity/Q665489,1941-1950,24,Northern Europe,UK,United Kingdom,United Kingdom,GBR,United Kingdom,1989,1971-1995
http://www.wikidata.org/entity/Q2830047,Alain Louyot,1948,male,Nancy,POINT (6.183611 48.692778),http://www.wikidata.org/entity/Q40898,1941-1950,22,Western Europe,FR,France,France,FRA,France,1993,1971-1995
http://www.wikidata.org/entity/Q2965997,Christine Spengler,1945,female,Alsace,POINT (7.5 48.5),http://www.wikidata.org/entity/Q1142,1941-1950,22,Western Europe,FR,France,France,FRA,France,1990,1971-1995
http://www.wikidata.org/entity/Q18236175,Viktor Baranets,1946,male,Barvinkove,POINT (37.013056 48.906667),http://www.wikidata.org/entity/Q809665,1941-1950,8,Eastern Europe,UA,Україна,Ukraine,UKR,Ukraine,1991,1971-1995
http://www.wikidata.org/entity/Q310900,Robert Fisk,1946,male,Maidstone,POINT (0.529444 51.271667),http://www.wikidata.org/entity/Q213180,1941-1950,24,Northern Europe,UK,United Kingdom,United Kingdom,GBR,United Kingdom,1991,1971-1995
http://www.wikidata.org/entity/Q11749538,Krzysztof Mroziewicz,1945,male,Słupica,POINT (21.39029 51.41172),http://www.wikidata.org/entity/Q82720,1941-1950,8,Eastern Europe,PL,Polska,Poland,POL,Poland,1990,1971-1995
http://www.wikidata.org/entity/Q3134441,Hervé Chabalier,1945,male,Langogne,POINT (3.855 44.726667),http://www.wikidata.org/entity/Q199549,1941-1950,22,Western Europe,FR,France,France,FRA,France,1990,1971-1995
http://www.wikidata.org/entity/Q28658,John F. Burns,1944,male,Nottingham,POINT (-1.149167 52.955),http://www.wikidata.org/entity/Q41262,1941-1950,24,Northern Europe,UK,United Kingdom,United Kingdom,GBR,United Kingdom,1989,1971-1995
http://www.wikidata.org/entity/Q117968118,Tudor Iovu,1948,male,Ciopleni,POINT (28.949445 47.130278),http://www.wikidata.org/entity/Q4517192,1941-1950,8,Eastern Europe,MD,Moldova,Moldova,MDA,Central Europe,1993,1971-1995
http://www.wikidata.org/entity/Q133253582,Nicolae Pojoga,1950,male,Ciuciuleni,POINT (28.413333 47.021667),http://www.wikidata.org/entity/Q2628906,1941-1950,8,Eastern Europe,MD,Moldova,Moldova,MDA,Central Europe,1995,1971-1995
http://www.wikidata.org/entity/Q4191147,Alexander Zemlianichenko,1950,male,Saratov,POINT (46.035 51.53),http://www.wikidata.org/entity/Q5332,1941-1950,9,European Russia,RU,Россия,Russian Federation,RUS,Russian Federation,1995,1971-1995
http://www.wikidata.org/entity/Q1064279,Charles Enderlin,1945,male,Paris,POINT (2.352222 48.856667),http://www.wikidata.org/entity/Q90,1941-1950,22,Western Europe,FR,France,France,FRA,France,1990,1971-1995
http://www.wikidata.org/entity/Q4327562,Vitaly Noskov,1950,male,Kurgan,POINT (65.341111 55.440833),http://www.wikidata.org/entity/Q13379,1941-1950,1,Asiatic Russia,RU,Россия,Russian Federation,RUS,Russian Federation,1995,1971-1995
http://www.wikidata.org/entity/Q125526373,Alan Hirons,1947,male,Melbourne,POINT (144.963056 -37.814167),http://www.wikidata.org/entity/Q3141,1941-1950,2,Australia/New Zealand,AU,Australia,Australia,AUS,Australia New Z.,1992,1971-1995
http://www.wikidata.org/entity/Q461822,Catherine Leroy,1944,female,Sannois,POINT (2.256945 48.971667),http://www.wikidata.org/entity/Q259216,1941-1950,22,Western Europe,FR,France,France,FRA,France,1989,1971-1995
http://www.wikidata.org/entity/Q12735600,Milinko Stefanovici,1947,male,Kostajnik,POINT (19.2983 44.4269),http://www.wikidata.org/entity/Q2846446,1941-1950,19,Southern Europe,RS,Србија,Serbia,SRB,Central Europe,1992,1971-1995
http://www.wikidata.org/entity/Q437013,James Nachtwey,1948,male,Syracuse,POINT (-76.144423 43.046899),http://www.wikidata.org/entity/Q128069,1941-1950,23,Northern America,US,United States,United States,USA,United States Can.,1993,1971-1995
http://www.wikidata.org/entity/Q1067926,Chas Gerretsen,1943,male,Groningen,POINT (6.5675 53.218889),http://www.wikidata.org/entity/Q749,1941-1950,22,Western Europe,NL,Nederland,Netherlands,NLD,Belgium Netherl.,1988,1971-1995
http://www.wikidata.org/entity/Q2984420,Jon Lee Anderson,1957,male,California,POINT (-120 37),http://www.wikidata.org/entity/Q99,1951-1960,23,Northern America,US,United States,United States,USA,United States Can.,2002,1996-2020
http://www.wikidata.org/entity/Q18491533,Sergei Loiko,1953,male,Mikkeli,POINT (27.273611 61.6875),http://www.wikidata.org/entity/Q190583,1951-1960,24,Northern Europe,FI,Suomi-Finland,Finland,FIN,Baltic States Fin. Belar.,1998,1996-2020
http://www.wikidata.org/entity/Q85136946,"Ефремов, Александр Владиславович",1957,male,Tobolsk,POINT (68.258056 58.195278),http://www.wikidata.org/entity/Q168782,1951-1960,1,Asiatic Russia,RU,Россия,Russian Federation,RUS,Russian Federation,2002,1996-2020
http://www.wikidata.org/entity/Q29344,William T. Vollmann,1959,male,Los Angeles,POINT (-118.24368 34.05223),http://www.wikidata.org/entity/Q65,1951-1960,23,Northern America,US,United States,United States,USA,United States Can.,2004,1996-2020
http://www.wikidata.org/entity/Q4768368,Anne Garrels,1951,female,Springfield,POINT (-72.547455 42.112411),http://www.wikidata.org/entity/Q49158,1951-1960,23,Northern America,US,United States,United States,USA,United States Can.,1996,1996-2020
http://www.wikidata.org/entity/Q7381626,Russell Klika,1960,male,Appleton,POINT (-88.418333 44.282222),http://www.wikidata.org/entity/Q94928,1951-1960,23,Northern America,US,United States,United States,USA,United States Can.,2005,1996-2020
http://www.wikidata.org/entity/Q30076276,Sabina Fedeli,1956,female,Milan,POINT (9.19 45.466944),http://www.wikidata.org/entity/Q490,1951-1960,19,Southern Europe,IT,Italia,Italy,ITA,Italy,2001,1996-2020
http://www.wikidata.org/entity/Q1708879,"José-María Siles, Sr",1951,male,Almería,POINT (-2.463889 36.841667),http://www.wikidata.org/entity/Q10400,1951-1960,19,Southern Europe,ES,España,Spain,ESP,Spain Port.,1996,1996-2020
http://www.wikidata.org/entity/Q2966626,Christopher Morris,1958,male,California,POINT (-120 37),http://www.wikidata.org/entity/Q99,1951-1960,23,Northern America,US,United States,United States,USA,United States Can.,2003,1996-2020
http://www.wikidata.org/entity/Q2966532,Christophe de Ponfilly,1951,male,Neuilly-sur-Seine,POINT (2.2675 48.887222),http://www.wikidata.org/entity/Q48958,1951-1960,22,Western Europe,FR,France,France,FRA,France,1996,1996-2020
http://www.wikidata.org/entity/Q6860560,Milovan Drecun,1957,male,Vranje,POINT (21.897222 42.554167),http://www.wikidata.org/entity/Q211645,1951-1960,19,Southern Europe,RS,Србија,Serbia,SRB,Central Europe,2002,1996-2020
http://www.wikidata.org/entity/Q272847,Chingiz Mustafayev,1960,male,Kapustin Yar,POINT (45.777778 48.567222),http://www.wikidata.org/entity/Q4213297,1951-1960,9,European Russia,RU,Россия,Russian Federation,RUS,Russian Federation,2005,1996-2020
http://www.wikidata.org/entity/Q20859063,François Hauter,1951,male,Mulhouse,POINT (7.339167 47.748611),http://www.wikidata.org/entity/Q79815,1951-1960,22,Western Europe,FR,France,France,FRA,France,1996,1996-2020
http://www.wikidata.org/entity/Q6529033,Leroy Sievers,1955,male,San Marino,POINT (-118.113055 34.122778),http://www.wikidata.org/entity/Q850869,1951-1960,23,Northern America,US,United States,United States,USA,United States Can.,2000,1996-2020
http://www.wikidata.org/entity/Q6173254,Jeff B. Harmon,1953,male,United States,POINT (-98.5795 39.828175),http://www.wikidata.org/entity/Q30,1951-1960,23,Northern America,US,United States,United States,USA,United States Can.,1998,1996-2020
http://www.wikidata.org/entity/Q61589051,Viktor Verstakov,1951,male,Polotsk District,POINT (28.8 55.483333),http://www.wikidata.org/entity/Q1423032,1951-1960,8,Eastern Europe,BY,Беларусь,Belarus,BLR,Baltic States Fin. Belar.,1996,1996-2020
http://www.wikidata.org/entity/Q6150576,Jana Schneider,1951,female,McFarland,POINT (-89.29111 43.01833),http://www.wikidata.org/entity/Q2370269,1951-1960,23,Northern America,US,United States,United States,USA,United States Can.,1996,1996-2020
http://www.wikidata.org/entity/Q111469300,Russell Bonner Bentley,1960,male,Austin,POINT (-97.733333 30.3),http://www.wikidata.org/entity/Q16559,1951-1960,23,Northern America,US,United States,United States,USA,United States Can.,2005,1996-2020
http://www.wikidata.org/entity/Q6108333,Ricardo Medina,1958,male,Madrid,POINT (-3.703333 40.416944),http://www.wikidata.org/entity/Q2807,1951-1960,19,Southern Europe,ES,España,Spain,ESP,Spain Port.,2003,1996-2020
http://www.wikidata.org/entity/Q2851571,Annick Cojean,1957,female,Brest,POINT (-4.486945 48.39),http://www.wikidata.org/entity/Q12193,1951-1960,22,Western Europe,FR,France,France,FRA,France,2002,1996-2020
http://www.wikidata.org/entity/Q7803896,Tim Marshall,1959,male,England,POINT (-1 53),http://www.wikidata.org/entity/Q21,1951-1960,24,Northern Europe,UK,United Kingdom,United Kingdom,GBR,United Kingdom,2004,1996-2020
http://www.wikidata.org/entity/Q6767269,Mark Danner,1958,male,Utica,POINT (-75.2325 43.100833),http://www.wikidata.org/entity/Q2495519,1951-1960,23,Northern America,US,United States,United States,USA,United States Can.,2003,1996-2020
http://www.wikidata.org/entity/Q1274616,Chris Hedges,1956,male,St. Johnsbury,POINT (-72.011546 44.455239),http://www.wikidata.org/entity/Q1014607,1951-1960,23,Northern America,US,United States,United States,USA,United States Can.,2001,1996-2020
http://www.wikidata.org/entity/Q6774522,Martha Raddatz,1953,female,Idaho Falls,POINT (-112.0325 43.491667),http://www.wikidata.org/entity/Q496360,1951-1960,23,Northern America,US,United States,United States,USA,United States Can.,1998,1996-2020
http://www.wikidata.org/entity/Q12788546,Ervin Hladnik Milharčič,1954,male,Nova Gorica,POINT (13.65 45.966667),http://www.wikidata.org/entity/Q1018,1951-1960,19,Southern Europe,SI,Slovinsko,Slovenia,SVN,Central Europe,1999,1996-2020
http://www.wikidata.org/entity/Q2405682,Terry Lloyd,1952,male,Derby,POINT (-1.476667 52.921667),http://www.wikidata.org/entity/Q43475,1951-1960,24,Northern Europe,UK,United Kingdom,United Kingdom,GBR,United Kingdom,1997,1996-2020
http://www.wikidata.org/entity/Q128799375,Kim Sengupta,1956,male,London,POINT (-0.1275 51.507222),http://www.wikidata.org/entity/Q84,1951-1960,24,Northern Europe,UK,United Kingdom,United Kingdom,GBR,United Kingdom,2001,1996-2020
http://www.wikidata.org/entity/Q3017426,David Axe,1953,male,Arlington,POINT (-97.122839 32.705033),http://www.wikidata.org/entity/Q17943,1951-1960,23,Northern America,US,United States,United States,USA,United States Can.,1998,1996-2020
http://www.wikidata.org/entity/Q8029120,Wojciech Jagielski,1960,male,Goworowo,POINT (21.55 52.9),http://www.wikidata.org/entity/Q2442947,1951-1960,8,Eastern Europe,PL,Polska,Poland,POL,Poland,2005,1996-2020
http://www.wikidata.org/entity/Q4234152,Igor Korotchenko,1960,male,Riga,POINT (24.106944 56.9475),http://www.wikidata.org/entity/Q1773,1951-1960,8,Eastern Europe,LV,Latvija,Latvia,LVA,Baltic States Fin. Belar.,2005,1996-2020
http://www.wikidata.org/entity/Q5236459,David Leeson,1957,male,Abilene,POINT (-99.745556 32.446389),http://www.wikidata.org/entity/Q128295,1951-1960,23,Northern America,US,United States,United States,USA,United States Can.,2002,1996-2020
http://www.wikidata.org/entity/Q124158563,Joan Roura,1959,male,Badalona,POINT (2.233333 41.433333),http://www.wikidata.org/entity/Q15468,1951-1960,19,Southern Europe,ES,España,Spain,ESP,Spain Port.,2004,1996-2020
http://www.wikidata.org/entity/Q15127495,Ghislaine Dupont,1956,female,20th arrondissement of Paris,POINT (2.39905 48.865061),http://www.wikidata.org/entity/Q210720,1951-1960,22,Western Europe,FR,France,France,FRA,France,2001,1996-2020
http://www.wikidata.org/entity/Q52718733,Marat Musin,1959,male,Moscow,POINT (37.6175 55.750556),http://www.wikidata.org/entity/Q649,1951-1960,9,European Russia,RU,Россия,Russian Federation,RUS,Russian Federation,2004,1996-2020
http://www.wikidata.org/entity/Q155106,Arturo Pérez-Reverte,1951,male,Cartagena,POINT (-0.984167 37.601944),http://www.wikidata.org/entity/Q162615,1951-1960,19,Southern Europe,ES,España,Spain,ESP,Spain Port.,1996,1996-2020
http://www.wikidata.org/entity/Q5113407,Christopher Wenner,1954,male,England,POINT (-1 53),http://www.wikidata.org/entity/Q21,1951-1960,24,Northern Europe,UK,United Kingdom,United Kingdom,GBR,United Kingdom,1999,1996-2020
http://www.wikidata.org/entity/Q160375,Antonia Rados,1953,female,Klagenfurt am Wörthersee,POINT (14.3 46.616667),http://www.wikidata.org/entity/Q41753,1951-1960,22,Western Europe,AT,Österreich,Austria,AUT,Austria Hungary,1998,1996-2020
http://www.wikidata.org/entity/Q122665124,Trisha Stratford,1951,female,Wellington,POINT (174.777222 -41.288889),http://www.wikidata.org/entity/Q23661,1951-1960,2,Australia/New Zealand,NZ,New Zealand-Aotearoa,New Zealand,NZL,Australia New Z.,1996,1996-2020
http://www.wikidata.org/entity/Q3751279,Franco Di Mare,1955,male,Naples,POINT (14.248611 40.835833),http://www.wikidata.org/entity/Q2634,1951-1960,19,Southern Europe,IT,Italia,Italy,ITA,Italy,2000,1996-2020
http://www.wikidata.org/entity/Q3290513,Margaret Moth,1951,female,Gisborne,POINT (178.017778 -38.6625),http://www.wikidata.org/entity/Q233467,1951-1960,2,Australia/New Zealand,NZ,New Zealand-Aotearoa,New Zealand,NZL,Australia New Z.,1996,1996-2020
http://www.wikidata.org/entity/Q3838496,Lucian Perkins,1953,male,Fort Worth,POINT (-97.3325 32.756389),http://www.wikidata.org/entity/Q16558,1951-1960,23,Northern America,US,United States,United States,USA,United States Can.,1998,1996-2020
http://www.wikidata.org/entity/Q7177423,Peter Turnley,1955,male,Fort Wayne,POINT (-85.13915 41.08045),http://www.wikidata.org/entity/Q49268,1951-1960,23,Northern America,US,United States,United States,USA,United States Can.,2000,1996-2020
http://www.wikidata.org/entity/Q55107461,Yuri Yurchenko,1955,male,Odesa,POINT (30.73262 46.47747),http://www.wikidata.org/entity/Q1874,1951-1960,8,Eastern Europe,UA,Україна,Ukraine,UKR,Ukraine,2000,1996-2020
http://www.wikidata.org/entity/Q5108247,Chris Terrill,1952,male,Brighton,POINT (-0.1375 50.820833),http://www.wikidata.org/entity/Q131491,1951-1960,24,Northern Europe,UK,United Kingdom,United Kingdom,GBR,United Kingdom,1997,1996-2020
http://www.wikidata.org/entity/Q112549326,Paul Beaver,1953,male,Winchester,POINT (-1.317 51.063),http://www.wikidata.org/entity/Q874300,1951-1960,24,Northern Europe,UK,United Kingdom,United Kingdom,GBR,United Kingdom,1998,1996-2020
http://www.wikidata.org/entity/Q123352,Christoph Reuter,1968,male,Sande,POINT (8.013889 53.502222),http://www.wikidata.org/entity/Q640905,1961-1970,22,Western Europe,DE,Deutschland,Germany,DEU,Germany,2013,1996-2020
http://www.wikidata.org/entity/Q66041141,Susanne Glass,1970,female,Schwäbisch Gmünd,POINT (9.8 48.8),http://www.wikidata.org/entity/Q4037,1961-1970,22,Western Europe,DE,Deutschland,Germany,DEU,Germany,2015,1996-2020
http://www.wikidata.org/entity/Q20724971,Katrin Eigendorf,1962,female,Tönisvorst,POINT (6.493056 51.320833),http://www.wikidata.org/entity/Q163570,1961-1970,22,Western Europe,DE,Deutschland,Germany,DEU,Germany,2007,1996-2020
http://www.wikidata.org/entity/Q114137076,Alojz Krivograd,1964,male,Slovenj Gradec,POINT (15.079044 46.509345),http://www.wikidata.org/entity/Q15918,1961-1970,19,Southern Europe,SI,Slovinsko,Slovenia,SVN,Central Europe,2009,1996-2020
http://www.wikidata.org/entity/Q9012555,Jon Sistiaga,1967,male,Irun,POINT (-1.788806 43.337806),http://www.wikidata.org/entity/Q200201,1961-1970,19,Southern Europe,ES,España,Spain,ESP,Spain Port.,2012,1996-2020
http://www.wikidata.org/entity/Q922290,Dmitry Kholodov,1967,male,Sergiyev Posad,POINT (38.133333 56.3),http://www.wikidata.org/entity/Q193722,1961-1970,9,European Russia,RU,Россия,Russian Federation,RUS,Russian Federation,2012,1996-2020
http://www.wikidata.org/entity/Q20127454,Alain Lallemand,1962,male,Liège,POINT (5.570556 50.639722),http://www.wikidata.org/entity/Q3992,1961-1970,22,Western Europe,BE,Belgien-Belgique-België,Belgium,BEL,Belgium Netherl.,2007,1996-2020
http://www.wikidata.org/entity/Q12791737,Ivo Štandeker,1961,male,Maribor,POINT (15.633333 46.55),http://www.wikidata.org/entity/Q1010,1961-1970,19,Southern Europe,SI,Slovinsko,Slovenia,SVN,Central Europe,2006,1996-2020
http://www.wikidata.org/entity/Q8030035,Wolfgang Bauer,1970,male,Hamburg,POINT (10 53.55),http://www.wikidata.org/entity/Q1055,1961-1970,22,Western Europe,DE,Deutschland,Germany,DEU,Germany,2015,1996-2020
http://www.wikidata.org/entity/Q1304314,Janine di Giovanni,1961,female,New Jersey,POINT (-74.5 40),http://www.wikidata.org/entity/Q1408,1961-1970,23,Northern America,US,United States,United States,USA,United States Can.,2006,1996-2020
http://www.wikidata.org/entity/Q705515,Mikhail Evstafiev,1963,male,Moscow,POINT (37.6175 55.750556),http://www.wikidata.org/entity/Q649,1961-1970,9,European Russia,RU,Россия,Russian Federation,RUS,Russian Federation,2008,1996-2020
http://www.wikidata.org/entity/Q7149944,Paul Conroy,1964,male,Liverpool,POINT (-2.991667 53.407222),http://www.wikidata.org/entity/Q24826,1961-1970,24,Northern Europe,UK,United Kingdom,United Kingdom,GBR,United Kingdom,2009,1996-2020
http://www.wikidata.org/entity/Q11749527,Krzysztof Miller,1962,male,Warsaw,POINT (21.011111 52.23),http://www.wikidata.org/entity/Q270,1961-1970,8,Eastern Europe,PL,Polska,Poland,POL,Poland,2007,1996-2020
http://www.wikidata.org/entity/Q7152590,Paul Moran,1963,male,Adelaide,POINT (138.6 -34.9275),http://www.wikidata.org/entity/Q5112,1961-1970,2,Australia/New Zealand,AU,Australia,Australia,AUS,Australia New Z.,2008,1996-2020
http://www.wikidata.org/entity/Q123110455,Roser Oliver Olivella,1965,female,Sant Sadurní d'Anoia,POINT (1.785 41.426111),http://www.wikidata.org/entity/Q984508,1961-1970,19,Southern Europe,ES,España,Spain,ESP,Spain Port.,2010,1996-2020
http://www.wikidata.org/entity/Q11715707,Jacek Łęski,1965,male,Łódź,POINT (19.466667 51.75),http://www.wikidata.org/entity/Q580,1961-1970,8,Eastern Europe,PL,Polska,Poland,POL,Poland,2010,1996-2020
http://www.wikidata.org/entity/Q16204565,Louie Palu,1968,male,Toronto,POINT (-79.386667 43.670278),http://www.wikidata.org/entity/Q172,1961-1970,23,Northern America,CA,Canada-Canada,Canada,CAN,United States Can.,2013,1996-2020
http://www.wikidata.org/entity/Q12751155,Dragoslav Bokan,1961,male,Belgrade,POINT (20.456944 44.817778),http://www.wikidata.org/entity/Q3711,1961-1970,19,Southern Europe,RS,Србија,Serbia,SRB,Central Europe,2006,1996-2020
http://www.wikidata.org/entity/Q6835217,Michael Ware,1969,male,Brisbane,POINT (153.027778 -27.467778),http://www.wikidata.org/entity/Q34932,1961-1970,2,Australia/New Zealand,AU,Australia,Australia,AUS,Australia New Z.,2014,1996-2020
http://www.wikidata.org/entity/Q888334,Bob Woodruff,1961,male,Bloomfield Hills,POINT (-83.245556 42.583611),http://www.wikidata.org/entity/Q885355,1961-1970,23,Northern America,US,United States,United States,USA,United States Can.,2006,1996-2020
http://www.wikidata.org/entity/Q4683267,Adlan Khasanov,1970,male,Chechnya,POINT (45.716695 43.4),http://www.wikidata.org/entity/Q5187,1961-1970,9,European Russia,RU,Россия,Russian Federation,RUS,Russian Federation,2015,1996-2020
http://www.wikidata.org/entity/Q7609179,Stephen Farrell,1962,male,London,POINT (-0.1275 51.507222),http://www.wikidata.org/entity/Q84,1961-1970,24,Northern Europe,UK,United Kingdom,United Kingdom,GBR,United Kingdom,2007,1996-2020
http://www.wikidata.org/entity/Q6390260,Kenneth Jarecke,1963,male,Fairfax,POINT (-95.3919 40.3394),http://www.wikidata.org/entity/Q961574,1961-1970,23,Northern America,US,United States,United States,USA,United States Can.,2008,1996-2020
http://www.wikidata.org/entity/Q6758045,Marcus Bleasdale,1968,male,United Kingdom,POINT (-2 54.6),http://www.wikidata.org/entity/Q145,1961-1970,24,Northern Europe,UK,United Kingdom,United Kingdom,GBR,United Kingdom,2013,1996-2020
http://www.wikidata.org/entity/Q6225065,John Cantlie,1970,male,Winchester,POINT (-1.308611 51.063333),http://www.wikidata.org/entity/Q172157,1961-1970,24,Northern Europe,UK,United Kingdom,United Kingdom,GBR,United Kingdom,2015,1996-2020
http://www.wikidata.org/entity/Q3966492,Spencer Platt,1970,male,Westport,POINT (-73.357895 41.141486),http://www.wikidata.org/entity/Q586762,1961-1970,23,Northern America,US,United States,United States,USA,United States Can.,2015,1996-2020
http://www.wikidata.org/entity/Q5110817,Christina Lamb,1965,female,London,POINT (-0.1275 51.507222),http://www.wikidata.org/entity/Q84,1961-1970,24,Northern Europe,UK,United Kingdom,United Kingdom,GBR,United Kingdom,2010,1996-2020
http://www.wikidata.org/entity/Q5181586,Craig Whitlock,1968,male,Ithaca,POINT (-76.5 42.443333),http://www.wikidata.org/entity/Q217346,1961-1970,23,Northern America,US,United States,United States,USA,United States Can.,2013,1996-2020
http://www.wikidata.org/entity/Q5200056,Cynthia Elbaum,1966,female,Ashfield,POINT (-72.788889 42.526389),http://www.wikidata.org/entity/Q2536103,1961-1970,23,Northern America,US,United States,United States,USA,United States Can.,2011,1996-2020
http://www.wikidata.org/entity/Q3501551,Stéphane Allix,1968,male,Boulogne-Billancourt,POINT (2.241389 48.835278),http://www.wikidata.org/entity/Q172455,1961-1970,22,Western Europe,FR,France,France,FRA,France,2013,1996-2020
http://www.wikidata.org/entity/Q4071335,Darya Aslamova,1969,female,Khabarovsk,POINT (135.066667 48.483333),http://www.wikidata.org/entity/Q4454,1961-1970,1,Asiatic Russia,RU,Россия,Russian Federation,RUS,Russian Federation,2014,1996-2020
http://www.wikidata.org/entity/Q5248217,Deborah Copaken,1966,female,Boston,POINT (-71.057778 42.360278),http://www.wikidata.org/entity/Q100,1961-1970,23,Northern America,US,United States,United States,USA,United States Can.,2011,1996-2020
http://www.wikidata.org/entity/Q3371766,Paul Marchand,1961,male,Amiens,POINT (2.297778 49.891945),http://www.wikidata.org/entity/Q41604,1961-1970,22,Western Europe,FR,France,France,FRA,France,2006,1996-2020
http://www.wikidata.org/entity/Q3310418,Michel Moutot,1961,male,Narbonne,POINT (3.003611 43.184722),http://www.wikidata.org/entity/Q6555,1961-1970,22,Western Europe,FR,France,France,FRA,France,2006,1996-2020
http://www.wikidata.org/entity/Q108429845,Anthony Loyd,1966,male,Churt,POINT (-0.777478 51.135986),http://www.wikidata.org/entity/Q1790272,1961-1970,24,Northern Europe,UK,United Kingdom,United Kingdom,GBR,United Kingdom,2011,1996-2020
http://www.wikidata.org/entity/Q63213321,Carlos Hernández,1969,male,Madrid,POINT (-3.703333 40.416944),http://www.wikidata.org/entity/Q2807,1961-1970,19,Southern Europe,ES,España,Spain,ESP,Spain Port.,2014,1996-2020
http://www.wikidata.org/entity/Q5415579,إيفان رايت,1964,male,Cleveland,POINT (-81.694722 41.499167),http://www.wikidata.org/entity/Q37320,1961-1970,23,Northern America,US,United States,United States,USA,United States Can.,2009,1996-2020
http://www.wikidata.org/entity/Q4140923,Sergey Govorukhin,1961,male,Kharkiv,POINT (36.231111 49.9925),http://www.wikidata.org/entity/Q42308,1961-1970,8,Eastern Europe,UA,Україна,Ukraine,UKR,Ukraine,2006,1996-2020
http://www.wikidata.org/entity/Q959600,Anne Nivat,1969,female,Poisy,POINT (6.063056 45.922222),http://www.wikidata.org/entity/Q532070,1961-1970,22,Western Europe,FR,France,France,FRA,France,2014,1996-2020
http://www.wikidata.org/entity/Q102449,Frauke Eigen,1969,female,Aurich,POINT (7.483611 53.471389),http://www.wikidata.org/entity/Q14839,1961-1970,22,Western Europe,DE,Deutschland,Germany,DEU,Germany,2014,1996-2020
http://www.wikidata.org/entity/Q102591,Jockel Finck,1962,male,Einbeck,POINT (9.866667 51.816667),http://www.wikidata.org/entity/Q47244,1961-1970,22,Western Europe,DE,Deutschland,Germany,DEU,Germany,2007,1996-2020
http://www.wikidata.org/entity/Q461010,Alexandra Boulat,1962,female,13th arrondissement of Paris,POINT (2.355556 48.832222),http://www.wikidata.org/entity/Q175129,1961-1970,22,Western Europe,FR,France,France,FRA,France,2007,1996-2020
http://www.wikidata.org/entity/Q45315591,Gennadiy Dubovoy,1967,male,Pavlohrad,POINT (38.449722 48.926667),http://www.wikidata.org/entity/Q4341856,1961-1970,8,Eastern Europe,UA,Україна,Ukraine,UKR,Ukraine,2012,1996-2020
http://www.wikidata.org/entity/Q4520770,Andrey Shary,1965,male,Belogorsk,POINT (128.483333 50.916667),http://www.wikidata.org/entity/Q104735,1961-1970,1,Asiatic Russia,RU,Россия,Russian Federation,RUS,Russian Federation,2010,1996-2020
http://www.wikidata.org/entity/Q4754899,Andre Vltchek,1963,male,Saint Petersburg,POINT (30.316667 59.95),http://www.wikidata.org/entity/Q656,1961-1970,9,European Russia,RU,Россия,Russian Federation,RUS,Russian Federation,2008,1996-2020
http://www.wikidata.org/entity/Q4147927,Sergey (zjoernalist) Grankin,1968,male,Saint Petersburg,POINT (30.316667 59.95),http://www.wikidata.org/entity/Q656,1961-1970,9,European Russia,RU,Россия,Russian Federation,RUS,Russian Federation,2013,1996-2020
http://www.wikidata.org/entity/Q4503108,Andriy Tsaplienko,1968,male,Kharkiv,POINT (36.231111 49.9925),http://www.wikidata.org/entity/Q42308,1961-1970,8,Eastern Europe,UA,Україна,Ukraine,UKR,Ukraine,2013,1996-2020
http://www.wikidata.org/entity/Q4441707,Anton Stepanenko,1965,male,Moscow,POINT (37.6175 55.750556),http://www.wikidata.org/entity/Q649,1961-1970,9,European Russia,RU,Россия,Russian Federation,RUS,Russian Federation,2010,1996-2020
http://www.wikidata.org/entity/Q4423120,Aleksandr Sladkov,1966,male,Monino,POINT (38.183333 55.833333),http://www.wikidata.org/entity/Q1944828,1961-1970,9,European Russia,RU,Россия,Russian Federation,RUS,Russian Federation,2011,1996-2020
http://www.wikidata.org/entity/Q4280007,Arkady Mamontov,1962,male,Novosibirsk,POINT (82.916667 55.033333),http://www.wikidata.org/entity/Q883,1961-1970,1,Asiatic Russia,RU,Россия,Russian Federation,RUS,Russian Federation,2007,1996-2020
http://www.wikidata.org/entity/Q106588481,Jean-Philippe Rémy,1966,male,Rouen,POINT (1.1025 49.443056),http://www.wikidata.org/entity/Q30974,1961-1970,22,Western Europe,FR,France,France,FRA,France,2011,1996-2020
http://www.wikidata.org/entity/Q3296318,Maryse Burgot,1964,female,Combourg,POINT (-1.751667 48.408611),http://www.wikidata.org/entity/Q324273,1961-1970,22,Western Europe,FR,France,France,FRA,France,2009,1996-2020
http://www.wikidata.org/entity/Q21074333,Elisabetta Piqué,1965,female,Florence,POINT (11.254167 43.771389),http://www.wikidata.org/entity/Q2044,1961-1970,19,Southern Europe,IT,Italia,Italy,ITA,Italy,2010,1996-2020
http://www.wikidata.org/entity/Q21140987,Christophe Boltanski,1962,male,Paris,POINT (2.352222 48.856667),http://www.wikidata.org/entity/Q90,1961-1970,22,Western Europe,FR,France,France,FRA,France,2007,1996-2020
http://www.wikidata.org/entity/Q922552,Andrei Babitsky,1964,male,Moscow,POINT (37.6175 55.750556),http://www.wikidata.org/entity/Q649,1961-1970,9,European Russia,RU,Россия,Russian Federation,RUS,Russian Federation,2009,1996-2020
http://www.wikidata.org/entity/Q6173656,Angela Rodicio,1963,female,"San Cristovo de Regodeigón, Ribadavia",POINT (-8.132597 42.311564),http://www.wikidata.org/entity/Q12399598,1961-1970,19,Southern Europe,ES,España,Spain,ESP,Spain Port.,2008,1996-2020
http://www.wikidata.org/entity/Q22078069,Michael Stokes,1963,male,Berkeley,POINT (-122.268056 37.870278),http://www.wikidata.org/entity/Q484678,1961-1970,23,Northern America,US,United States,United States,USA,United States Can.,2008,1996-2020
http://www.wikidata.org/entity/Q9375652,Witold Gadowski,1964,male,Zakopane,POINT (19.951945 49.299444),http://www.wikidata.org/entity/Q144786,1961-1970,8,Eastern Europe,PL,Polska,Poland,POL,Poland,2009,1996-2020
http://www.wikidata.org/entity/Q6112214,Rosa María Molló,1963,female,Lleida,POINT (0.633333 41.616667),http://www.wikidata.org/entity/Q15090,1961-1970,19,Southern Europe,ES,España,Spain,ESP,Spain Port.,2008,1996-2020
http://www.wikidata.org/entity/Q24352861,Vadim Fefilov,1967,male,Lensk,POINT (114.9 60.716667),http://www.wikidata.org/entity/Q157493,1961-1970,1,Asiatic Russia,RU,Россия,Russian Federation,RUS,Russian Federation,2012,1996-2020
http://www.wikidata.org/entity/Q24398939,David Gilkey,1966,male,Portland,POINT (-122.679167 45.515),http://www.wikidata.org/entity/Q6106,1961-1970,23,Northern America,US,United States,United States,USA,United States Can.,2011,1996-2020
http://www.wikidata.org/entity/Q78185432,Валерий Иванович Дементьев,1967,male,Perm,POINT (56.248889 58.013889),http://www.wikidata.org/entity/Q915,1961-1970,9,European Russia,RU,Россия,Russian Federation,RUS,Russian Federation,2012,1996-2020
http://www.wikidata.org/entity/Q5525380,Gary Knight,1964,male,Oakham,POINT (-0.7333 52.6705),http://www.wikidata.org/entity/Q1001942,1961-1970,24,Northern Europe,UK,United Kingdom,United Kingdom,GBR,United Kingdom,2009,1996-2020
http://www.wikidata.org/entity/Q27074156,Jeroen Oerlemans,1970,male,Vught,POINT (5.2875 51.65333),http://www.wikidata.org/entity/Q12013510,1961-1970,22,Western Europe,NL,Nederland,Netherlands,NLD,Belgium Netherl.,2015,1996-2020
http://www.wikidata.org/entity/Q2674537,Gilles Jacquier,1968,male,Évian-les-Bains,POINT (6.59 46.400556),http://www.wikidata.org/entity/Q273017,1961-1970,22,Western Europe,FR,France,France,FRA,France,2013,1996-2020
http://www.wikidata.org/entity/Q55861570,Paolo Woods,1970,male,Amsterdam,POINT (4.883333 52.366667),http://www.wikidata.org/entity/Q727,1961-1970,22,Western Europe,NL,Nederland,Netherlands,NLD,Belgium Netherl.,2015,1996-2020
http://www.wikidata.org/entity/Q56195288,Alex Perry,1970,male,Philadelphia,POINT (-75.163611 39.952778),http://www.wikidata.org/entity/Q1345,1961-1970,23,Northern America,US,United States,United States,USA,United States Can.,2015,1996-2020
http://www.wikidata.org/entity/Q2825193,Adrien Jaulmes,1970,male,Albertville,POINT (6.3925 45.675833),http://www.wikidata.org/entity/Q159469,1961-1970,22,Western Europe,FR,France,France,FRA,France,2015,1996-2020
http://www.wikidata.org/entity/Q5584486,Goran Tomasevic,1969,male,Belgrade,POINT (20.456944 44.817778),http://www.wikidata.org/entity/Q3711,1961-1970,19,Southern Europe,RS,Србија,Serbia,SRB,Central Europe,2014,1996-2020
http://www.wikidata.org/entity/Q2889554,José Couso Permuy,1965,male,Ferrol,POINT (-8.232778 43.484444),http://www.wikidata.org/entity/Q485329,1961-1970,19,Southern Europe,ES,España,Spain,ESP,Spain Port.,2010,1996-2020
http://www.wikidata.org/entity/Q109326653,Lola Bañon,1964,female,Benetússer,POINT (-0.397239 39.422656),http://www.wikidata.org/entity/Q23012,1961-1970,19,Southern Europe,ES,España,Spain,ESP,Spain Port.,2009,1996-2020
http://www.wikidata.org/entity/Q573995,Anthony Shadid,1968,male,Oklahoma City,POINT (-97.535278 35.482222),http://www.wikidata.org/entity/Q34863,1961-1970,23,Northern America,US,United States,United States,USA,United States Can.,2013,1996-2020
http://www.wikidata.org/entity/Q12171471,Artem Shevchenko,1977,male,Dnipro,POINT (35.04 48.4675),http://www.wikidata.org/entity/Q48256,1971-1980,8,Eastern Europe,UA,Україна,Ukraine,UKR,Ukraine,2022,2021-2045
http://www.wikidata.org/entity/Q112556482,Ìnna Zolotuchìna,1974,female,Sumy,POINT (34.799167 50.906667),http://www.wikidata.org/entity/Q156752,1971-1980,8,Eastern Europe,UA,Україна,Ukraine,UKR,Ukraine,2019,1996-2020
http://www.wikidata.org/entity/Q112898380,Андрей Витальевич Марочко,1980,male,Kumachove,POINT (38.264167 47.623889),http://www.wikidata.org/entity/Q4246902,1971-1980,8,Eastern Europe,UA,Україна,Ukraine,UKR,Ukraine,2025,2021-2045
http://www.wikidata.org/entity/Q112543647,Chiara Giannini,1974,female,Pisa,POINT (10.4 43.716667),http://www.wikidata.org/entity/Q13375,1971-1980,19,Southern Europe,IT,Italia,Italy,ITA,Italy,2019,1996-2020
http://www.wikidata.org/entity/Q85870330,Witold Repetowicz,1975,male,Katowice,POINT (19 50.25),http://www.wikidata.org/entity/Q588,1971-1980,8,Eastern Europe,PL,Polska,Poland,POL,Poland,2020,1996-2020
http://www.wikidata.org/entity/Q112519162,Martin Rajec,1975,male,Nitra,POINT (18.0875 48.314722),http://www.wikidata.org/entity/Q26397,1971-1980,8,Eastern Europe,SK,Slovensko,Slovakia,SVK,Central Europe,2020,1996-2020
http://www.wikidata.org/entity/Q111288494,Óscar Mijallo,1972,male,Arenas de San Pedro,POINT (-5.091111 40.208889),http://www.wikidata.org/entity/Q641669,1971-1980,19,Southern Europe,ES,España,Spain,ESP,Spain Port.,2017,1996-2020
http://www.wikidata.org/entity/Q124625819,Andrey Morozov,1979,male,Moscow,POINT (37.6175 55.750556),http://www.wikidata.org/entity/Q649,1971-1980,9,European Russia,RU,Россия,Russian Federation,RUS,Russian Federation,2024,2021-2045
http://www.wikidata.org/entity/Q115037452,András Földes,1971,male,Budapest,POINT (19.040833 47.498333),http://www.wikidata.org/entity/Q1781,1971-1980,8,Eastern Europe,HU,Magyarország,Hungary,HUN,Austria Hungary,2016,1996-2020
http://www.wikidata.org/entity/Q111433321,Юрий Петрович Котенок,1971,male,Moscow,POINT (37.6175 55.750556),http://www.wikidata.org/entity/Q649,1971-1980,9,European Russia,RU,Россия,Russian Federation,RUS,Russian Federation,2016,1996-2020
http://www.wikidata.org/entity/Q111468993,Margarita Seidler,1971,female,Lutherstadt Wittenberg,POINT (12.6484 51.8671),http://www.wikidata.org/entity/Q6837,1971-1980,22,Western Europe,DE,Deutschland,Germany,DEU,Germany,2016,1996-2020
http://www.wikidata.org/entity/Q87082636,Brent Renaud,1971,male,Memphis,POINT (-90.051945 35.146111),http://www.wikidata.org/entity/Q16563,1971-1980,23,Northern America,US,United States,United States,USA,United States Can.,2016,1996-2020
http://www.wikidata.org/entity/Q81782603,Brendan Hoffman,1980,male,Albany,POINT (-73.766667 42.65),http://www.wikidata.org/entity/Q24861,1971-1980,23,Northern America,US,United States,United States,USA,United States Can.,2025,2021-2045
http://www.wikidata.org/entity/Q106966862,Alessio Romenzi,1974,male,Colle Sant'Angelo,POINT (12.78671 42.54157),http://www.wikidata.org/entity/Q18494650,1971-1980,19,Southern Europe,IT,Italia,Italy,ITA,Italy,2019,1996-2020
http://www.wikidata.org/entity/Q114515974,Vadim Ghirda,1971,male,Romania,POINT (25 46),http://www.wikidata.org/entity/Q218,1971-1980,8,Eastern Europe,RO,România,Romania,ROU,Central Europe,2016,1996-2020
http://www.wikidata.org/entity/Q4679887,Adam Tepsurgayev,1976,male,Checheno-Ingush Autonomous Soviet Socialist Republic,POINT (45.683333 43.316667),http://www.wikidata.org/entity/Q1148929,1971-1980,9,European Russia,RU,Россия,Russian Federation,RUS,Russian Federation,2021,2021-2045
http://www.wikidata.org/entity/Q131324277,Максим Фадеев,1972,male,Donetsk,POINT (37.802778 48.015833),http://www.wikidata.org/entity/Q43070,1971-1980,8,Eastern Europe,UA,Україна,Ukraine,UKR,Ukraine,2017,1996-2020
http://www.wikidata.org/entity/Q18004612,Aleksandr Kots,1978,male,Sakhalin Oblast,POINT (142.6 50.55),http://www.wikidata.org/entity/Q7797,1971-1980,1,Asiatic Russia,RU,Россия,Russian Federation,RUS,Russian Federation,2023,2021-2045
http://www.wikidata.org/entity/Q18021514,Julian Reichelt,1980,male,Hamburg,POINT (10 53.55),http://www.wikidata.org/entity/Q1055,1971-1980,22,Western Europe,DE,Deutschland,Germany,DEU,Germany,2025,2021-2045
http://www.wikidata.org/entity/Q18540206,Florin Ghioca,1978,male,Bucharest,POINT (26.097778 44.413361),http://www.wikidata.org/entity/Q19660,1971-1980,8,Eastern Europe,RO,România,Romania,ROU,Central Europe,2023,2021-2045
http://www.wikidata.org/entity/Q18608721,Karmen Švegl,1979,female,Ormož,POINT (16.150534 46.407126),http://www.wikidata.org/entity/Q1944509,1971-1980,19,Southern Europe,SI,Slovinsko,Slovenia,SVN,Central Europe,2024,2021-2045
http://www.wikidata.org/entity/Q6757208,Marcin Firlej,1975,male,Rejowiec Fabryczny,POINT (23.245 51.119444),http://www.wikidata.org/entity/Q1906301,1971-1980,8,Eastern Europe,PL,Polska,Poland,POL,Poland,2020,1996-2020
http://www.wikidata.org/entity/Q671985,Arkady Babchenko,1977,male,Moscow,POINT (37.6175 55.750556),http://www.wikidata.org/entity/Q649,1971-1980,9,European Russia,RU,Россия,Russian Federation,RUS,Russian Federation,2022,2021-2045
http://www.wikidata.org/entity/Q19369165,Sergey Nikolaev,1972,male,Kyiv,POINT (30.523611 50.45),http://www.wikidata.org/entity/Q1899,1971-1980,8,Eastern Europe,UA,Україна,Ukraine,UKR,Ukraine,2017,1996-2020
http://www.wikidata.org/entity/Q19867595,Dmitry Chebotayev,1978,male,Moscow,POINT (37.6175 55.750556),http://www.wikidata.org/entity/Q649,1971-1980,9,European Russia,RU,Россия,Russian Federation,RUS,Russian Federation,2023,2021-2045
http://www.wikidata.org/entity/Q17613161,Andrey Stenin,1980,male,Pechora,POINT (57.219689 65.144154),http://www.wikidata.org/entity/Q179387,1971-1980,9,European Russia,RU,Россия,Russian Federation,RUS,Russian Federation,2025,2021-2045
http://www.wikidata.org/entity/Q201589,Queen Letizia of Spain,1972,female,Oviedo,POINT (-5.850278 43.3625),http://www.wikidata.org/entity/Q14317,1971-1980,19,Southern Europe,ES,España,Spain,ESP,Spain Port.,2017,1996-2020
http://www.wikidata.org/entity/Q22683759,Claude Guibal,1973,female,Montpellier,POINT (3.877231 43.610919),http://www.wikidata.org/entity/Q6441,1971-1980,22,Western Europe,FR,France,France,FRA,France,2018,1996-2020
http://www.wikidata.org/entity/Q24009876,Olga Allenova,1976,female,Mozdok,POINT (44.65 43.75),http://www.wikidata.org/entity/Q46639,1971-1980,9,European Russia,RU,Россия,Russian Federation,RUS,Russian Federation,2021,2021-2045
http://www.wikidata.org/entity/Q269475,Tvrtko Vujity,1972,male,Pécs,POINT (18.233056 46.070833),http://www.wikidata.org/entity/Q45779,1971-1980,8,Eastern Europe,HU,Magyarország,Hungary,HUN,Austria Hungary,2017,1996-2020
http://www.wikidata.org/entity/Q28828792,Michael Christopher Brown,1978,male,United States,POINT (-98.5795 39.828175),http://www.wikidata.org/entity/Q30,1971-1980,23,Northern America,US,United States,United States,USA,United States Can.,2023,2021-2045
http://www.wikidata.org/entity/Q29865014,Katerina Gordeeva,1977,female,Rostov-on-Don,POINT (39.71 47.2225),http://www.wikidata.org/entity/Q908,1971-1980,9,European Russia,RU,Россия,Russian Federation,RUS,Russian Federation,2022,2021-2045
http://www.wikidata.org/entity/Q54826186,Bénédicte Kurzen,1980,female,Lyon,POINT (4.835 45.7675),http://www.wikidata.org/entity/Q456,1971-1980,22,Western Europe,FR,France,France,FRA,France,2025,2021-2045
http://www.wikidata.org/entity/Q345336,Valentin Areh,1971,male,Ljubljana,POINT (14.506111 46.051389),http://www.wikidata.org/entity/Q437,1971-1980,19,Southern Europe,SI,Slovinsko,Slovenia,SVN,Central Europe,2016,1996-2020
http://www.wikidata.org/entity/Q493551,Dmitry Steshin,1972,male,Saint Petersburg,POINT (30.316667 59.95),http://www.wikidata.org/entity/Q656,1971-1980,9,European Russia,RU,Россия,Russian Federation,RUS,Russian Federation,2017,1996-2020
http://www.wikidata.org/entity/Q4805444,Ashley Gilbertson,1978,male,Melbourne,POINT (144.963056 -37.814167),http://www.wikidata.org/entity/Q3141,1971-1980,2,Australia/New Zealand,AU,Australia,Australia,AUS,Australia New Z.,2023,2021-2045
http://www.wikidata.org/entity/Q4679035,Adam Ferguson,1978,male,New South Wales,POINT (147 -32),http://www.wikidata.org/entity/Q3224,1971-1980,2,Australia/New Zealand,AU,Australia,Australia,AUS,Australia New Z.,2023,2021-2045
http://www.wikidata.org/entity/Q16999575,Graham Phillips,1979,male,Nottingham,POINT (-1.149167 52.955),http://www.wikidata.org/entity/Q41262,1971-1980,24,Northern Europe,UK,United Kingdom,United Kingdom,GBR,United Kingdom,2024,2021-2045
http://www.wikidata.org/entity/Q19205061,Georgi Milkov,1973,male,Vidin,POINT (22.874058 43.98869),http://www.wikidata.org/entity/Q178531,1971-1980,8,Eastern Europe,BG,България,Bulgaria,BGR,Central Europe,2018,1996-2020
http://www.wikidata.org/entity/Q100525,Thomas Dworzak,1972,male,Bad Kötzting,POINT (12.855 49.176944),http://www.wikidata.org/entity/Q623464,1971-1980,22,Western Europe,DE,Deutschland,Germany,DEU,Germany,2017,1996-2020
http://www.wikidata.org/entity/Q135270950,Sergey Auslander,1972,male,Khabarovsk,POINT (135.066667 48.483333),http://www.wikidata.org/entity/Q4454,1971-1980,1,Asiatic Russia,RU,Россия,Russian Federation,RUS,Russian Federation,2017,1996-2020
http://www.wikidata.org/entity/Q7405281,Sally Sara,1971,female,Adelaide,POINT (138.6 -34.9275),http://www.wikidata.org/entity/Q5112,1971-1980,2,Australia/New Zealand,AU,Australia,Australia,AUS,Australia New Z.,2016,1996-2020
http://www.wikidata.org/entity/Q7396436,Sabrina Tavernise,1971,female,Hartford,POINT (-72.685 41.763333),http://www.wikidata.org/entity/Q33486,1971-1980,23,Northern America,US,United States,United States,USA,United States Can.,2016,1996-2020
http://www.wikidata.org/entity/Q7384540,Ryan Spencer Reed,1979,male,Ludington,POINT (-86.4525 43.955278),http://www.wikidata.org/entity/Q2161723,1971-1980,23,Northern America,US,United States,United States,USA,United States Can.,2024,2021-2045
http://www.wikidata.org/entity/Q13560889,Lynsey Addario,1973,female,Norwalk,POINT (-73.419722 41.093889),http://www.wikidata.org/entity/Q54217,1971-1980,23,Northern America,US,United States,United States,USA,United States Can.,2018,1996-2020
http://www.wikidata.org/entity/Q7356508,Roddy Scott,1971,male,Huntingdon,POINT (-0.1717 52.3364),http://www.wikidata.org/entity/Q685640,1971-1980,24,Northern Europe,UK,United Kingdom,United Kingdom,GBR,United Kingdom,2016,1996-2020
http://www.wikidata.org/entity/Q7153908,Paul Taggart,1980,male,United States,POINT (-98.5795 39.828175),http://www.wikidata.org/entity/Q30,1971-1980,23,Northern America,US,United States,United States,USA,United States Can.,2025,2021-2045
http://www.wikidata.org/entity/Q4367499,Yevgeny Poddubny,1983,male,Belgorod,POINT (36.6 50.6),http://www.wikidata.org/entity/Q3323,1981-1990,9,European Russia,RU,Россия,Russian Federation,RUS,Russian Federation,2028,2021-2045
http://www.wikidata.org/entity/Q111433188,Vladlen Tatarsky,1982,male,Makiivka,POINT (37.961111 48.055556),http://www.wikidata.org/entity/Q157134,1981-1990,8,Eastern Europe,UA,Україна,Ukraine,UKR,Ukraine,2027,2021-2045
http://www.wikidata.org/entity/Q101110503,Semyon Pegov,1985,male,Smolensk,POINT (32.045278 54.782778),http://www.wikidata.org/entity/Q2337,1981-1990,9,European Russia,RU,Россия,Russian Federation,RUS,Russian Federation,2030,2021-2045
http://www.wikidata.org/entity/Q79059219,Mstyslav Chernov,1985,male,Kharkiv,POINT (36.231111 49.9925),http://www.wikidata.org/entity/Q42308,1981-1990,8,Eastern Europe,UA,Україна,Ukraine,UKR,Ukraine,2030,2021-2045
http://www.wikidata.org/entity/Q561342,Rémi Ochlik,1983,male,Thionville,POINT (6.168333 49.358056),http://www.wikidata.org/entity/Q22640,1981-1990,22,Western Europe,FR,France,France,FRA,France,2028,2021-2045
http://www.wikidata.org/entity/Q125357637,Oleksandr Tolokonnikov,1982,male,Dnipro,POINT (35.04 48.4675),http://www.wikidata.org/entity/Q48256,1981-1990,8,Eastern Europe,UA,Україна,Ukraine,UKR,Ukraine,2027,2021-2045
http://www.wikidata.org/entity/Q108306133,Anna Dolgareva,1988,female,Kharkiv,POINT (36.231111 49.9925),http://www.wikidata.org/entity/Q42308,1981-1990,8,Eastern Europe,UA,Україна,Ukraine,UKR,Ukraine,2033,2021-2045
http://www.wikidata.org/entity/Q4194814,Mikhail Zygar,1981,male,Moscow,POINT (37.6175 55.750556),http://www.wikidata.org/entity/Q649,1981-1990,9,European Russia,RU,Россия,Russian Federation,RUS,Russian Federation,2026,2021-2045
http://www.wikidata.org/entity/Q47199975,Paul Ronzheimer,1985,male,Aurich,POINT (7.483611 53.471389),http://www.wikidata.org/entity/Q14839,1981-1990,22,Western Europe,DE,Deutschland,Germany,DEU,Germany,2030,2021-2045
http://www.wikidata.org/entity/Q111461680,Kristina Melnikova,1987,female,Ryazan Oblast,POINT (40.6 54.4),http://www.wikidata.org/entity/Q2753,1981-1990,9,European Russia,RU,Россия,Russian Federation,RUS,Russian Federation,2032,2021-2045
http://www.wikidata.org/entity/Q106481431,Ruslan Leviev,1986,male,Bikin,POINT (134.25 46.816667),http://www.wikidata.org/entity/Q105056,1981-1990,1,Asiatic Russia,RU,Россия,Russian Federation,RUS,Russian Federation,2031,2021-2045
http://www.wikidata.org/entity/Q96773343,Luke Mogelson,1982,male,St. Louis,POINT (-90.199444 38.626389),http://www.wikidata.org/entity/Q38022,1981-1990,23,Northern America,US,United States,United States,USA,United States Can.,2027,2021-2045
http://www.wikidata.org/entity/Q125535046,Semyon Eremin,1982,male,Prikumskoe,POINT (42.901944 44.236945),http://www.wikidata.org/entity/Q13667526,1981-1990,9,European Russia,RU,Россия,Russian Federation,RUS,Russian Federation,2027,2021-2045
http://www.wikidata.org/entity/Q17338724,Andrea Rocchelli,1983,male,Pavia,POINT (9.155 45.185281),http://www.wikidata.org/entity/Q6259,1981-1990,19,Southern Europe,IT,Italia,Italy,ITA,Italy,2028,2021-2045
http://www.wikidata.org/entity/Q16873989,Camille Lepage,1988,female,Angers,POINT (-0.555555 47.472778),http://www.wikidata.org/entity/Q38380,1981-1990,22,Western Europe,FR,France,France,FRA,France,2033,2021-2045
http://www.wikidata.org/entity/Q85867376,Piotr Langenfeld,1983,male,Gdańsk,POINT (18.654023 54.348291),http://www.wikidata.org/entity/Q1792,1981-1990,8,Eastern Europe,PL,Polska,Poland,POL,Poland,2028,2021-2045
http://www.wikidata.org/entity/Q16509496,Takis Würger,1985,male,Hohenhameln,POINT (10.066389 52.26),http://www.wikidata.org/entity/Q569132,1981-1990,22,Western Europe,DE,Deutschland,Germany,DEU,Germany,2030,2021-2045
http://www.wikidata.org/entity/Q117819787,Claudio Locatelli,1987,male,Bergamo,POINT (9.67 45.695),http://www.wikidata.org/entity/Q628,1981-1990,19,Southern Europe,IT,Italia,Italy,ITA,Italy,2032,2021-2045
http://www.wikidata.org/entity/Q18637379,William Gagan,1981,male,Dallas,POINT (-96.808889 32.779167),http://www.wikidata.org/entity/Q16557,1981-1990,23,Northern America,US,United States,United States,USA,United States Can.,2026,2021-2045
http://www.wikidata.org/entity/Q18819927,Peter van Agtmael,1981,male,"Washington, D.C.",POINT (-77.036667 38.895),http://www.wikidata.org/entity/Q61,1981-1990,23,Northern America,US,United States,United States,USA,United States Can.,2026,2021-2045
http://www.wikidata.org/entity/Q113412416,Irina Kuksenkova,1984,female,Kyiv,POINT (30.523611 50.45),http://www.wikidata.org/entity/Q1899,1981-1990,8,Eastern Europe,UA,Україна,Ukraine,UKR,Ukraine,2029,2021-2045
http://www.wikidata.org/entity/Q24005884,Benjamin Hall,1982,male,London,POINT (-0.1275 51.507222),http://www.wikidata.org/entity/Q84,1981-1990,24,Northern Europe,UK,United Kingdom,United Kingdom,GBR,United Kingdom,2027,2021-2045
http://www.wikidata.org/entity/Q111838183,Oleksandr Makhov,1986,male,Luhansk,POINT (39.297315 48.571708),http://www.wikidata.org/entity/Q134279,1981-1990,8,Eastern Europe,UA,Україна,Ukraine,UKR,Ukraine,2031,2021-2045
http://www.wikidata.org/entity/Q137532874,Александр Черных,1985,male,Tomsk,POINT (84.952222 56.488611),http://www.wikidata.org/entity/Q976,1981-1990,1,Asiatic Russia,RU,Россия,Russian Federation,RUS,Russian Federation,2030,2021-2045
http://www.wikidata.org/entity/Q133277817,Karolina Pajączkowska,1991,female,Radomsko,POINT (19.45 51.066667),http://www.wikidata.org/entity/Q158796,1991-2000,8,Eastern Europe,PL,Polska,Poland,POL,Poland,2036,2021-2045
http://www.wikidata.org/entity/Q133278033,Григорюк Денис Игоревич,1991,male,Donetsk,POINT (37.802778 48.015833),http://www.wikidata.org/entity/Q43070,1991-2000,8,Eastern Europe,UA,Україна,Ukraine,UKR,Ukraine,2036,2021-2045
http://www.wikidata.org/entity/Q111793104,Alina Lipp,1993,female,Hamburg,POINT (10 53.55),http://www.wikidata.org/entity/Q1055,1991-2000,22,Western Europe,DE,Deutschland,Germany,DEU,Germany,2038,2021-2045
http://www.wikidata.org/entity/Q116173859,Illia Ponomarenko,1992,male,Volnovakha,POINT (37.499861 47.599361),http://www.wikidata.org/entity/Q3562943,1991-2000,8,Eastern Europe,UA,Україна,Ukraine,UKR,Ukraine,2037,2021-2045
http://www.wikidata.org/entity/Q111305264,Victoria Roshchyna,1996,female,Zaporizhzhia,POINT (35.1175 47.85),http://www.wikidata.org/entity/Q157835,1991-2000,8,Eastern Europe,UA,Україна,Ukraine,UKR,Ukraine,2041,2021-2045
http://www.wikidata.org/entity/Q125258229,Huda Emad Hegazi,1998,female,Linares,POINT (-3.633333 38.1),http://www.wikidata.org/entity/Q281272,1991-2000,19,Southern Europe,ES,España,Spain,ESP,Spain Port.,2043,2021-2045
http://www.wikidata.org/entity/Q55563652,Liu Sivaya,1994,female,Krasnoyarsk,POINT (92.871944 56.008889),http://www.wikidata.org/entity/Q919,1991-2000,1,Asiatic Russia,RU,Россия,Russian Federation,RUS,Russian Federation,2039,2021-2045
http://www.wikidata.org/entity/Q126730848,Nikita Tsitsagi,1995,male,Moscow,POINT (37.6175 55.750556),http://www.wikidata.org/entity/Q649,1991-2000,9,European Russia,RU,Россия,Russian Federation,RUS,Russian Federation,2040,2021-2045
http://www.wikidata.org/entity/Q124343135,Daphne Wesdorp,1997,female,Bakkeveen,POINT (6.2572 53.0817),http://www.wikidata.org/entity/Q2389357,1991-2000,22,Western Europe,NL,Nederland,Netherlands,NLD,Belgium Netherl.,2042,2021-2045
http://www.wikidata.org/entity/Q138480238,Георгий Медведев,1995,male,Makiivka,POINT (37.961111 48.055556),http://www.wikidata.org/entity/Q157134,1991-2000,8,Eastern Europe,UA,Україна,Ukraine,UKR,Ukraine,2040,2021-2045
http://www.wikidata.org/entity/Q4314393,Maryana Naumova,1999,female,Staraya Russa,POINT (31.35 57.983333),http://www.wikidata.org/entity/Q196479,1991-2000,9,European Russia,RU,Россия,Russian Federation,RUS,Russian Federation,2044,2021-2045
http://www.wikidata.org/entity/Q42295434,Evgeny Feldman,1991,male,Neuburg an der Donau,POINT (11.183333 48.733333),http://www.wikidata.org/entity/Q125652,1991-2000,22,Western Europe,DE,Deutschland,Germany,DEU,Germany,2036,2021-2045
