"pk_person_features","person_uri","occupation_main","occupation_sec1","occupation_sec2","field_sec2","fk_person","notes"
1,http://www.wikidata.org/entity/Q100525,war-photographer,war-photographer,photographer,,1,
2,http://www.wikidata.org/entity/Q101110503,war-correspondent,war-correspondent,journalist,,2,
3,http://www.wikidata.org/entity/Q102261668,war-correspondent,war-correspondent,photojournalist,,3,
4,http://www.wikidata.org/entity/Q102306829,war-correspondent,war-correspondent,reporter,,4,
5,http://www.wikidata.org/entity/Q102311108,war-correspondent,war-correspondent,journalist,,5,
6,http://www.wikidata.org/entity/Q102407351,war-correspondent,war-correspondent,NA,,6,
7,http://www.wikidata.org/entity/Q102449,war-photographer,journalist,photographer,,7,
8,http://www.wikidata.org/entity/Q102591,war-photographer,journalist,photographer,,8,
9,http://www.wikidata.org/entity/Q10327828,war-correspondent,war-correspondent,journalist,,9,
10,http://www.wikidata.org/entity/Q103850479,war-correspondent,war-correspondent,screenwriter,,10,
11,http://www.wikidata.org/entity/Q103992387,war-photographer,war-photographer,photojournalist,,11,
12,http://www.wikidata.org/entity/Q1041417,war-correspondent,war-correspondent,journalist,,12,
13,http://www.wikidata.org/entity/Q104178356,war-correspondent,war-correspondent,journalist,,13,
14,http://www.wikidata.org/entity/Q104585883,war-photographer,war-photographer,photographer,,14,
15,http://www.wikidata.org/entity/Q104590752,war-photographer,war-photographer,photojournalist,,15,
16,http://www.wikidata.org/entity/Q104621531,war-photographer,war-photographer,photographer,,16,
17,http://www.wikidata.org/entity/Q104703923,war-correspondent,war-correspondent,journalist,,17,
18,http://www.wikidata.org/entity/Q105437425,war-photographer,war-photographer,photographer,,18,
19,http://www.wikidata.org/entity/Q105763844,war-correspondent,war-correspondent,photographer,,19,
20,http://www.wikidata.org/entity/Q106117785,war-correspondent,war-correspondent,writer,,20,
21,http://www.wikidata.org/entity/Q1063942,war-photographer,war-photographer,photographer,,21,
22,http://www.wikidata.org/entity/Q1064279,war-correspondent,war-correspondent,journalist,,22,
23,http://www.wikidata.org/entity/Q106481431,NA,director,blogger,,23,
24,http://www.wikidata.org/entity/Q106490483,war-correspondent,war-correspondent,newspaper-editor,,24,
25,http://www.wikidata.org/entity/Q106588481,war-correspondent,war-correspondent,journalist,,25,
26,http://www.wikidata.org/entity/Q1067926,war-correspondent,war-correspondent,war-photographer,,26,
27,http://www.wikidata.org/entity/Q106926237,war-photographer,war-photographer,engineer,,27,
28,http://www.wikidata.org/entity/Q106966862,war-photographer,war-photographer,photographer,,28,
29,http://www.wikidata.org/entity/Q107002,war-correspondent,war-correspondent,journalist,,29,
30,http://www.wikidata.org/entity/Q107098092,war-correspondent,war-correspondent,painter,,30,
31,http://www.wikidata.org/entity/Q107098546,war-photographer,war-photographer,photographer,,31,
32,http://www.wikidata.org/entity/Q107154540,war-photographer,war-photographer,photographer,,32,
33,http://www.wikidata.org/entity/Q1072114,war-correspondent,war-correspondent,painter,,33,
34,http://www.wikidata.org/entity/Q107647521,war-correspondent,war-correspondent,war-photographer,,34,
35,http://www.wikidata.org/entity/Q1077344,war-photographer,journalist,photographer,,35,
36,http://www.wikidata.org/entity/Q107760,war-photographer,journalist,photographer,,36,
37,http://www.wikidata.org/entity/Q108048862,war-correspondent,war-correspondent,journalist,,37,
38,http://www.wikidata.org/entity/Q108167331,war-correspondent,war-correspondent,photographer,,38,
39,http://www.wikidata.org/entity/Q108263442,war-correspondent,war-correspondent,journalist,,39,
40,http://www.wikidata.org/entity/Q108290741,war-correspondent,war-correspondent,journalist,,40,
41,http://www.wikidata.org/entity/Q108290843,war-correspondent,war-correspondent,NA,,41,
42,http://www.wikidata.org/entity/Q108290849,war-correspondent,war-correspondent,photographer,,42,
43,http://www.wikidata.org/entity/Q108290945,war-correspondent,war-correspondent,draftsperson,,43,
44,http://www.wikidata.org/entity/Q108306133,war-correspondent,war-correspondent,journalist,,44,
45,http://www.wikidata.org/entity/Q108321855,war-photographer,war-photographer,illustrator,,45,
46,http://www.wikidata.org/entity/Q108400542,war-correspondent,war-correspondent,journalist,,46,
47,http://www.wikidata.org/entity/Q108429845,war-correspondent,war-correspondent,journalist,,47,
48,http://www.wikidata.org/entity/Q108533798,war-correspondent,war-correspondent,NA,,48,
49,http://www.wikidata.org/entity/Q108561804,war-correspondent,war-correspondent,journalist,,49,
50,http://www.wikidata.org/entity/Q108649,war-photographer,journalist,writer,,50,
51,http://www.wikidata.org/entity/Q108695632,war-correspondent,war-correspondent,writer,,51,
52,http://www.wikidata.org/entity/Q108764280,war-photographer,journalist,writer,,52,
53,http://www.wikidata.org/entity/Q109102739,war-correspondent,war-correspondent,photographer,,53,
54,http://www.wikidata.org/entity/Q109326653,war-correspondent,war-correspondent,journalist,,54,
55,http://www.wikidata.org/entity/Q109479497,war-photographer,war-photographer,photographer,,55,
56,http://www.wikidata.org/entity/Q109773247,war-correspondent,war-correspondent,journalist,,56,
57,http://www.wikidata.org/entity/Q109851759,war-photographer,war-photographer,photojournalist,,57,
58,http://www.wikidata.org/entity/Q109853850,war-correspondent,war-correspondent,journalist,,58,
59,http://www.wikidata.org/entity/Q110089684,war-correspondent,war-correspondent,journalist,,59,
60,http://www.wikidata.org/entity/Q110136807,NA,photographer,military-officer,,60,
61,http://www.wikidata.org/entity/Q1104100,war-photographer,war-photographer,photographer,,61,
62,http://www.wikidata.org/entity/Q110548609,war-photographer,war-photographer,NA,,62,
63,http://www.wikidata.org/entity/Q110647631,war-photographer,war-photographer,NA,,63,
64,http://www.wikidata.org/entity/Q110701261,war-correspondent,war-correspondent,journalist,,64,
65,http://www.wikidata.org/entity/Q110967291,war-photographer,war-photographer,NA,,65,
66,http://www.wikidata.org/entity/Q110990047,war-correspondent,war-correspondent,painter,,66,
67,http://www.wikidata.org/entity/Q111013476,war-correspondent,war-correspondent,journalist,,67,
68,http://www.wikidata.org/entity/Q111288494,war-correspondent,war-correspondent,journalist,,68,
69,http://www.wikidata.org/entity/Q111305264,war-correspondent,war-correspondent,journalist,,69,
70,http://www.wikidata.org/entity/Q111331681,war-correspondent,war-correspondent,photographer,,70,
71,http://www.wikidata.org/entity/Q1113742,war-correspondent,war-correspondent,journalist,,71,
72,http://www.wikidata.org/entity/Q11140841,war-photographer,war-photographer,photographer,,72,
73,http://www.wikidata.org/entity/Q111433188,war-correspondent,war-correspondent,writer,,73,
74,http://www.wikidata.org/entity/Q111433321,war-correspondent,war-correspondent,journalist,,74,
75,http://www.wikidata.org/entity/Q111461680,war-correspondent,war-correspondent,journalist,,75,
76,http://www.wikidata.org/entity/Q111468993,war-correspondent,war-correspondent,journalist,,76,
77,http://www.wikidata.org/entity/Q111469300,war-correspondent,war-correspondent,journalist,,77,
78,http://www.wikidata.org/entity/Q111470696,war-photographer,war-photographer,NA,,78,
79,http://www.wikidata.org/entity/Q111470738,war-photographer,war-photographer,professional-photographer,,79,
80,http://www.wikidata.org/entity/Q111472987,war-photographer,war-photographer,NA,,80,
81,http://www.wikidata.org/entity/Q111489917,war-photographer,war-photographer,NA,,81,
82,http://www.wikidata.org/entity/Q111490185,war-photographer,war-photographer,NA,,82,
83,http://www.wikidata.org/entity/Q111493746,war-photographer,war-photographer,soldier,,83,
84,http://www.wikidata.org/entity/Q111685918,war-correspondent,war-correspondent,photographer,,84,
85,http://www.wikidata.org/entity/Q111750813,war-correspondent,war-correspondent,journalist,,85,
86,http://www.wikidata.org/entity/Q111765027,war-photographer,war-photographer,television-journalist,,86,
87,http://www.wikidata.org/entity/Q111781829,war-photographer,war-photographer,photographer,,87,
88,http://www.wikidata.org/entity/Q111792947,war-photographer,war-photographer,military-personnel,,88,
89,http://www.wikidata.org/entity/Q111793104,war-correspondent,war-correspondent,youtuber,,89,
90,http://www.wikidata.org/entity/Q111836593,war-photographer,war-photographer,camera-operator,,90,
91,http://www.wikidata.org/entity/Q111838183,war-correspondent,war-correspondent,journalist,,91,
92,http://www.wikidata.org/entity/Q111838992,war-photographer,war-photographer,film-director,,92,
93,http://www.wikidata.org/entity/Q111846744,war-correspondent,war-correspondent,soldier,,93,
94,http://www.wikidata.org/entity/Q111850677,war-photographer,war-photographer,NA,,94,
95,http://www.wikidata.org/entity/Q111971538,war-photographer,war-photographer,photographer,,95,
96,http://www.wikidata.org/entity/Q112054838,war-correspondent,war-correspondent,academic-administrator,,96,
97,http://www.wikidata.org/entity/Q112074603,war-correspondent,war-correspondent,actor,,97,
98,http://www.wikidata.org/entity/Q112103588,war-correspondent,war-correspondent,memoirist,,98,
99,http://www.wikidata.org/entity/Q112144255,war-photographer,war-photographer,NA,,99,
100,http://www.wikidata.org/entity/Q112144414,war-photographer,war-photographer,NA,,100,
101,http://www.wikidata.org/entity/Q112147348,war-photographer,war-photographer,NA,,101,
102,http://www.wikidata.org/entity/Q112147423,war-photographer,war-photographer,camera-operator,,102,
103,http://www.wikidata.org/entity/Q112147638,war-photographer,war-photographer,NA,,103,
104,http://www.wikidata.org/entity/Q112151876,war-photographer,war-photographer,actor,,104,
105,http://www.wikidata.org/entity/Q1122045,war-correspondent,war-correspondent,journalist,,105,
106,http://www.wikidata.org/entity/Q112263,war-correspondent,war-correspondent,journalist,,106,
107,http://www.wikidata.org/entity/Q112326997,war-correspondent,war-correspondent,writer,,107,
108,http://www.wikidata.org/entity/Q112352199,war-correspondent,war-correspondent,journalist,,108,
109,http://www.wikidata.org/entity/Q112388916,war-correspondent,war-correspondent,NA,,109,
110,http://www.wikidata.org/entity/Q112390744,war-correspondent,war-correspondent,journalist,,110,
111,http://www.wikidata.org/entity/Q112437138,war-correspondent,war-correspondent,poet,,111,
112,http://www.wikidata.org/entity/Q112493908,war-correspondent,war-correspondent,journalist,,112,
113,http://www.wikidata.org/entity/Q112513423,war-correspondent,war-correspondent,journalist,,113,
114,http://www.wikidata.org/entity/Q112515725,NA,photographer,NA,,114,
115,http://www.wikidata.org/entity/Q112519162,war-correspondent,war-correspondent,journalist,,115,
116,http://www.wikidata.org/entity/Q112523363,war-correspondent,war-correspondent,journalist,,116,
117,http://www.wikidata.org/entity/Q112533264,war-correspondent,war-correspondent,military-officer,,117,
118,http://www.wikidata.org/entity/Q112537327,war-correspondent,war-correspondent,journalist,,118,
119,http://www.wikidata.org/entity/Q112542368,NA,journalist,photographer,,119,
120,http://www.wikidata.org/entity/Q112543647,war-correspondent,war-correspondent,journalist,,120,
121,http://www.wikidata.org/entity/Q112543707,NA,university-teacher,anthropologist,,121,
122,http://www.wikidata.org/entity/Q112546143,war-correspondent,war-correspondent,journalist,,122,
123,http://www.wikidata.org/entity/Q112549326,war-correspondent,war-correspondent,historian,,123,
124,http://www.wikidata.org/entity/Q112549834,war-photographer,journalist,photographer,,124,
125,http://www.wikidata.org/entity/Q112552558,war-correspondent,war-correspondent,journalist,,125,
126,http://www.wikidata.org/entity/Q112554926,war-correspondent,war-correspondent,journalist,,126,
127,http://www.wikidata.org/entity/Q112556482,war-correspondent,war-correspondent,journalist,,127,
128,http://www.wikidata.org/entity/Q112898380,war-correspondent,war-correspondent,military-personnel,,128,
129,http://www.wikidata.org/entity/Q112952,war-correspondent,war-correspondent,writer,,129,
130,http://www.wikidata.org/entity/Q113008750,war-photographer,war-photographer,NA,,130,
131,http://www.wikidata.org/entity/Q113086720,war-photographer,war-photographer,NA,,131,
132,http://www.wikidata.org/entity/Q1133092,war-correspondent,war-correspondent,journalist,,132,
133,http://www.wikidata.org/entity/Q113371908,war-correspondent,war-correspondent,journalist,,133,
134,http://www.wikidata.org/entity/Q113412416,war-correspondent,war-correspondent,NA,,134,
135,http://www.wikidata.org/entity/Q113499941,war-correspondent,war-correspondent,photographer,,135,
136,http://www.wikidata.org/entity/Q113703431,war-photographer,war-photographer,photojournalist,,136,
137,http://www.wikidata.org/entity/Q113841599,NA,journalist,writer,,137,
138,http://www.wikidata.org/entity/Q114137076,war-photographer,war-photographer,NA,,138,
139,http://www.wikidata.org/entity/Q114404304,war-correspondent,war-correspondent,journalist,,139,
140,http://www.wikidata.org/entity/Q114515974,war-photographer,war-photographer,NA,,140,
141,http://www.wikidata.org/entity/Q114600,war-correspondent,war-correspondent,journalist,,141,
142,http://www.wikidata.org/entity/Q11488414,war-correspondent,war-correspondent,journalist,,142,
143,http://www.wikidata.org/entity/Q115037452,war-correspondent,war-correspondent,journalist,,143,
144,http://www.wikidata.org/entity/Q115324718,war-correspondent,war-correspondent,journalist,,144,
145,http://www.wikidata.org/entity/Q115407029,war-photographer,war-photographer,photojournalist,,145,
146,http://www.wikidata.org/entity/Q115408489,war-photographer,war-photographer,photojournalist,,146,
147,http://www.wikidata.org/entity/Q115408555,war-photographer,war-photographer,NA,,147,
148,http://www.wikidata.org/entity/Q115409015,war-photographer,war-photographer,NA,,148,
149,http://www.wikidata.org/entity/Q11562820,war-photographer,journalist,photographer,,149,
150,http://www.wikidata.org/entity/Q115657875,war-correspondent,war-correspondent,war-photographer,,150,
151,http://www.wikidata.org/entity/Q115706974,NA,photographer,art-collector,,151,
152,http://www.wikidata.org/entity/Q1158505,war-correspondent,war-correspondent,journalist,,152,
153,http://www.wikidata.org/entity/Q1158512,war-photographer,war-photographer,photographer,,153,
154,http://www.wikidata.org/entity/Q115963230,war-correspondent,war-correspondent,journalist,,154,
155,http://www.wikidata.org/entity/Q116009710,war-correspondent,war-correspondent,journalist,,155,
156,http://www.wikidata.org/entity/Q116062773,war-correspondent,war-correspondent,photojournalist,,156,
157,http://www.wikidata.org/entity/Q116173859,war-correspondent,war-correspondent,journalist,,157,
158,http://www.wikidata.org/entity/Q116259672,war-correspondent,war-correspondent,journalist,,158,
159,http://www.wikidata.org/entity/Q116312106,war-correspondent,war-correspondent,journalist,,159,
160,http://www.wikidata.org/entity/Q116961081,NA,journalist,photographer,,160,
161,http://www.wikidata.org/entity/Q117121102,war-correspondent,war-correspondent,war-photographer,,161,
162,http://www.wikidata.org/entity/Q11715707,war-correspondent,war-correspondent,journalist,,162,
163,http://www.wikidata.org/entity/Q11718772,war-correspondent,war-correspondent,journalist,,163,
164,http://www.wikidata.org/entity/Q117220565,war-photographer,war-photographer,cinematographer,,164,
165,http://www.wikidata.org/entity/Q11749527,war-photographer,war-photographer,photographer,,165,
166,http://www.wikidata.org/entity/Q11749538,war-correspondent,war-correspondent,journalist,,166,
167,http://www.wikidata.org/entity/Q11751780,war-correspondent,war-correspondent,journalist,,167,
168,http://www.wikidata.org/entity/Q1176550,war-correspondent,war-correspondent,journalist,,168,
169,http://www.wikidata.org/entity/Q11768632,war-correspondent,war-correspondent,journalist,,169,
170,http://www.wikidata.org/entity/Q117812152,war-correspondent,war-correspondent,film-director,,170,
171,http://www.wikidata.org/entity/Q117819787,war-correspondent,war-correspondent,journalist,,171,
172,http://www.wikidata.org/entity/Q117968118,NA,photographer,NA,,172,
173,http://www.wikidata.org/entity/Q118876501,war-correspondent,war-correspondent,diplomat,,173,
174,http://www.wikidata.org/entity/Q11904754,war-correspondent,war-correspondent,journalist,,174,
175,http://www.wikidata.org/entity/Q11946595,war-correspondent,war-correspondent,journalist,,175,
176,http://www.wikidata.org/entity/Q11981248,war-correspondent,war-correspondent,autobiographer,,176,
177,http://www.wikidata.org/entity/Q120085,war-correspondent,war-correspondent,journalist,,177,
178,http://www.wikidata.org/entity/Q12018051,war-photographer,war-photographer,photographer,,178,
179,http://www.wikidata.org/entity/Q120278448,war-correspondent,war-correspondent,poet,,179,
180,http://www.wikidata.org/entity/Q120615740,NA,journalist,writer,,180,
181,http://www.wikidata.org/entity/Q120621135,war-correspondent,war-correspondent,NA,,181,
182,http://www.wikidata.org/entity/Q120716298,war-correspondent,war-correspondent,translator,,182,
183,http://www.wikidata.org/entity/Q12071942,war-photographer,war-photographer,photographer,,183,
184,http://www.wikidata.org/entity/Q12105929,war-correspondent,war-correspondent,painter,,184,
185,http://www.wikidata.org/entity/Q12109168,war-correspondent,war-correspondent,journalist,,185,
186,http://www.wikidata.org/entity/Q12133605,war-correspondent,war-correspondent,journalist,,186,
187,http://www.wikidata.org/entity/Q12171471,war-correspondent,war-correspondent,journalist,,187,
188,http://www.wikidata.org/entity/Q122330783,war-correspondent,war-correspondent,journalist,,188,
189,http://www.wikidata.org/entity/Q122335204,war-photographer,war-photographer,photographer,,189,
190,http://www.wikidata.org/entity/Q122665124,war-correspondent,war-correspondent,television-producer,,190,
191,http://www.wikidata.org/entity/Q12272390,war-correspondent,war-correspondent,journalist,,191,
192,http://www.wikidata.org/entity/Q12277622,war-correspondent,war-correspondent,NA,,192,
193,http://www.wikidata.org/entity/Q12281166,war-correspondent,war-correspondent,editing-staff,,193,
194,http://www.wikidata.org/entity/Q12292428,war-correspondent,war-correspondent,journalist,,194,
195,http://www.wikidata.org/entity/Q12298530,war-correspondent,war-correspondent,writer,,195,
196,http://www.wikidata.org/entity/Q123023673,war-correspondent,war-correspondent,journalist,,196,
197,http://www.wikidata.org/entity/Q123080,war-correspondent,war-correspondent,journalist,,197,
198,http://www.wikidata.org/entity/Q1230935,war-correspondent,war-correspondent,journalist,,198,
199,http://www.wikidata.org/entity/Q123110455,war-correspondent,war-correspondent,journalist,,199,
200,http://www.wikidata.org/entity/Q12319076,war-correspondent,war-correspondent,journalist,,200,
201,http://www.wikidata.org/entity/Q12328239,war-correspondent,war-correspondent,journalist,,201,
202,http://www.wikidata.org/entity/Q123352,war-correspondent,war-correspondent,journalist,,202,
203,http://www.wikidata.org/entity/Q123414022,war-correspondent,war-correspondent,journalist,,203,
204,http://www.wikidata.org/entity/Q123531486,war-correspondent,war-correspondent,novelist,,204,
205,http://www.wikidata.org/entity/Q12356531,war-correspondent,war-correspondent,journalist,,205,
206,http://www.wikidata.org/entity/Q123605962,war-correspondent,war-correspondent,journalist,,206,
207,http://www.wikidata.org/entity/Q1238249,war-correspondent,war-correspondent,journalist,,207,
208,http://www.wikidata.org/entity/Q1238740,war-correspondent,war-correspondent,journalist,,208,
209,http://www.wikidata.org/entity/Q1239329,war-photographer,journalist,photographer,,209,
210,http://www.wikidata.org/entity/Q1239689,war-correspondent,war-correspondent,journalist,,210,
211,http://www.wikidata.org/entity/Q12410568,war-correspondent,war-correspondent,journalist,,211,
212,http://www.wikidata.org/entity/Q12411282,war-correspondent,war-correspondent,journalist,,212,
213,http://www.wikidata.org/entity/Q124158563,war-correspondent,war-correspondent,journalist,,213,
214,http://www.wikidata.org/entity/Q124343135,war-photographer,war-photographer,NA,,214,
215,http://www.wikidata.org/entity/Q124518825,war-photographer,war-photographer,photographer,,215,
216,http://www.wikidata.org/entity/Q124526899,war-correspondent,war-correspondent,journalist,,216,
217,http://www.wikidata.org/entity/Q124535829,war-correspondent,war-correspondent,journalist,,217,
218,http://www.wikidata.org/entity/Q124576392,war-photographer,war-photographer,photographer,,218,
219,http://www.wikidata.org/entity/Q124625819,war-correspondent,war-correspondent,journalist,,219,
220,http://www.wikidata.org/entity/Q124628103,war-correspondent,war-correspondent,journalist,,220,
221,http://www.wikidata.org/entity/Q124637164,war-photographer,war-photographer,photographer,,221,
222,http://www.wikidata.org/entity/Q124652448,war-photographer,war-photographer,NA,,222,
223,http://www.wikidata.org/entity/Q124790656,war-photographer,journalist,photographer,,223,
224,http://www.wikidata.org/entity/Q124842658,war-correspondent,war-correspondent,journalist,,224,
225,http://www.wikidata.org/entity/Q124927931,war-correspondent,war-correspondent,NA,,225,
226,http://www.wikidata.org/entity/Q124963540,war-photographer,war-photographer,sports-photographer,,226,
227,http://www.wikidata.org/entity/Q125157034,war-correspondent,war-correspondent,public-figure,,227,
228,http://www.wikidata.org/entity/Q125258229,war-correspondent,war-correspondent,journalist,,228,
229,http://www.wikidata.org/entity/Q125357637,war-photographer,journalist,photographer,,229,
230,http://www.wikidata.org/entity/Q125523559,war-correspondent,war-correspondent,painter,,230,
231,http://www.wikidata.org/entity/Q125526373,war-photographer,war-photographer,NA,,231,
232,http://www.wikidata.org/entity/Q125535046,war-correspondent,war-correspondent,journalist,,232,
233,http://www.wikidata.org/entity/Q125649890,war-correspondent,war-correspondent,reporter,,233,
234,http://www.wikidata.org/entity/Q1261424,war-photographer,war-photographer,photographer,,234,
235,http://www.wikidata.org/entity/Q12645802,war-photographer,writer,photographer,,235,
236,http://www.wikidata.org/entity/Q126730848,war-correspondent,war-correspondent,photojournalist,,236,
237,http://www.wikidata.org/entity/Q12727590,war-correspondent,war-correspondent,poet,,237,
238,http://www.wikidata.org/entity/Q12735600,war-correspondent,war-correspondent,journalist,,238,
239,http://www.wikidata.org/entity/Q1274616,war-correspondent,war-correspondent,journalist,,239,
240,http://www.wikidata.org/entity/Q12749616,war-correspondent,war-correspondent,journalist,,240,
241,http://www.wikidata.org/entity/Q12751126,war-correspondent,war-correspondent,journalist,,241,
242,http://www.wikidata.org/entity/Q12751155,war-correspondent,war-correspondent,journalist,,242,
243,http://www.wikidata.org/entity/Q12754437,war-correspondent,war-correspondent,journalist,,243,
244,http://www.wikidata.org/entity/Q12758342,war-correspondent,war-correspondent,journalist,,244,
245,http://www.wikidata.org/entity/Q12758344,war-correspondent,war-correspondent,journalist,,245,
246,http://www.wikidata.org/entity/Q127869463,war-correspondent,war-correspondent,NA,,246,
247,http://www.wikidata.org/entity/Q12788546,war-correspondent,war-correspondent,journalist,,247,
248,http://www.wikidata.org/entity/Q12791737,war-correspondent,war-correspondent,journalist,,248,
249,http://www.wikidata.org/entity/Q12792181,war-correspondent,war-correspondent,journalist,,249,
250,http://www.wikidata.org/entity/Q128305850,war-photographer,war-photographer,photographer,,250,
251,http://www.wikidata.org/entity/Q1287359,war-correspondent,war-correspondent,journalist,,251,
252,http://www.wikidata.org/entity/Q128794302,war-photographer,war-photographer,photographer,,252,
253,http://www.wikidata.org/entity/Q128799375,war-correspondent,war-correspondent,reporter,,253,
254,http://www.wikidata.org/entity/Q1291529,war-correspondent,war-correspondent,journalist,,254,
255,http://www.wikidata.org/entity/Q12960191,war-correspondent,war-correspondent,journalist,,255,
256,http://www.wikidata.org/entity/Q129623550,war-correspondent,war-correspondent,poet,,256,
257,http://www.wikidata.org/entity/Q130211524,war-correspondent,war-correspondent,journalist,,257,
258,http://www.wikidata.org/entity/Q130252325,war-correspondent,war-correspondent,NA,,258,
259,http://www.wikidata.org/entity/Q1304314,war-correspondent,war-correspondent,journalist,,259,
260,http://www.wikidata.org/entity/Q130551164,war-photographer,war-photographer,photojournalist,,260,
261,http://www.wikidata.org/entity/Q13091075,war-correspondent,war-correspondent,journalist,,261,
262,http://www.wikidata.org/entity/Q131140024,war-correspondent,war-correspondent,writer,,262,
263,http://www.wikidata.org/entity/Q131321678,war-photographer,war-photographer,photojournalist,,263,
264,http://www.wikidata.org/entity/Q131324277,war-correspondent,war-correspondent,filmmaker,,264,
265,http://www.wikidata.org/entity/Q131389584,war-correspondent,war-correspondent,writer,,265,
266,http://www.wikidata.org/entity/Q131424754,war-correspondent,war-correspondent,journalist,,266,
267,http://www.wikidata.org/entity/Q131463907,war-photographer,war-photographer,photographer,,267,
268,http://www.wikidata.org/entity/Q131562224,war-photographer,war-photographer,NA,,268,
269,http://www.wikidata.org/entity/Q131673338,war-correspondent,war-correspondent,journalist,,269,
270,http://www.wikidata.org/entity/Q131924157,war-correspondent,war-correspondent,military-personnel,,270,
271,http://www.wikidata.org/entity/Q1319817,war-photographer,journalist,photographer,,271,
272,http://www.wikidata.org/entity/Q1324581,war-correspondent,war-correspondent,journalist,,272,
273,http://www.wikidata.org/entity/Q132657459,war-correspondent,war-correspondent,war-photographer,,273,
274,http://www.wikidata.org/entity/Q132958489,war-correspondent,war-correspondent,NA,,274,
275,http://www.wikidata.org/entity/Q133253582,war-correspondent,war-correspondent,photographer,,275,
276,http://www.wikidata.org/entity/Q133277817,war-correspondent,war-correspondent,journalist,,276,
277,http://www.wikidata.org/entity/Q133278033,war-correspondent,war-correspondent,journalist,,277,
278,http://www.wikidata.org/entity/Q133284665,war-correspondent,war-correspondent,journalist,,278,
279,http://www.wikidata.org/entity/Q133288915,NA,photographer,NA,,279,
280,http://www.wikidata.org/entity/Q133572148,war-correspondent,war-correspondent,journalist,,280,
281,http://www.wikidata.org/entity/Q133653,war-correspondent,war-correspondent,journalist,,281,
282,http://www.wikidata.org/entity/Q133666392,war-correspondent,war-correspondent,NA,,282,
283,http://www.wikidata.org/entity/Q133702150,war-correspondent,war-correspondent,NA,,283,
284,http://www.wikidata.org/entity/Q133716096,war-correspondent,war-correspondent,NA,,284,
285,http://www.wikidata.org/entity/Q133734338,war-correspondent,war-correspondent,journalist,,285,
286,http://www.wikidata.org/entity/Q1340595,war-correspondent,war-correspondent,journalist,,286,
287,http://www.wikidata.org/entity/Q134426333,war-correspondent,war-correspondent,journalist,,287,
288,http://www.wikidata.org/entity/Q1348644,war-photographer,journalist,photographer,,288,
289,http://www.wikidata.org/entity/Q1348650,war-photographer,journalist,photographer,,289,
290,http://www.wikidata.org/entity/Q134883271,war-photographer,writer,playwright,,290,
291,http://www.wikidata.org/entity/Q135035388,war-correspondent,war-correspondent,writer,,291,
292,http://www.wikidata.org/entity/Q135110495,war-correspondent,war-correspondent,journalist,,292,
293,http://www.wikidata.org/entity/Q135270950,war-correspondent,war-correspondent,youtuber,,293,
294,http://www.wikidata.org/entity/Q135493752,war-correspondent,war-correspondent,journalist,,294,
295,http://www.wikidata.org/entity/Q135509338,war-correspondent,war-correspondent,journalist,,295,
296,http://www.wikidata.org/entity/Q13560405,war-correspondent,war-correspondent,journalist,,296,
297,http://www.wikidata.org/entity/Q13560889,war-photographer,journalist,photographer,,297,
298,http://www.wikidata.org/entity/Q13560906,war-correspondent,war-correspondent,photojournalist,,298,
299,http://www.wikidata.org/entity/Q13562982,war-correspondent,war-correspondent,journalist,,299,
300,http://www.wikidata.org/entity/Q135675940,war-correspondent,war-correspondent,journalist,,300,
301,http://www.wikidata.org/entity/Q135760626,war-correspondent,war-correspondent,writer,,301,
302,http://www.wikidata.org/entity/Q136008850,war-correspondent,war-correspondent,journalist,,302,
303,http://www.wikidata.org/entity/Q136185482,war-correspondent,war-correspondent,journalist,,303,
304,http://www.wikidata.org/entity/Q136213693,war-correspondent,war-correspondent,cinematographer,,304,
305,http://www.wikidata.org/entity/Q136309765,war-correspondent,war-correspondent,beamter,,305,
306,http://www.wikidata.org/entity/Q1363814,war-correspondent,war-correspondent,journalist,,306,
307,http://www.wikidata.org/entity/Q136386664,war-correspondent,war-correspondent,journalist,,307,
308,http://www.wikidata.org/entity/Q136631472,war-correspondent,war-correspondent,translator,,308,
309,http://www.wikidata.org/entity/Q136736170,war-correspondent,war-correspondent,writer,,309,
310,http://www.wikidata.org/entity/Q136805151,war-correspondent,war-correspondent,reporter,,310,
311,http://www.wikidata.org/entity/Q1371063,war-photographer,journalist,photographer,,311,
312,http://www.wikidata.org/entity/Q137111998,war-correspondent,war-correspondent,NA,,312,
313,http://www.wikidata.org/entity/Q137114581,war-correspondent,war-correspondent,NA,,313,
314,http://www.wikidata.org/entity/Q137192780,war-correspondent,war-correspondent,journalist,,314,
315,http://www.wikidata.org/entity/Q1373218,war-correspondent,war-correspondent,journalist,,315,
316,http://www.wikidata.org/entity/Q13735816,war-correspondent,war-correspondent,journalist,,316,
317,http://www.wikidata.org/entity/Q137415383,war-correspondent,war-correspondent,journalist,,317,
318,http://www.wikidata.org/entity/Q137532874,war-correspondent,war-correspondent,journalist,,318,
319,http://www.wikidata.org/entity/Q1375486,war-correspondent,war-correspondent,journalist,,319,
320,http://www.wikidata.org/entity/Q138009348,war-correspondent,war-correspondent,journalist,,320,
321,http://www.wikidata.org/entity/Q138480238,war-correspondent,war-correspondent,journalist,,321,
322,http://www.wikidata.org/entity/Q138674465,war-photographer,writer,novelist,,322,
323,http://www.wikidata.org/entity/Q138846,war-correspondent,war-correspondent,journalist,,323,
324,http://www.wikidata.org/entity/Q1388736,war-correspondent,war-correspondent,writer,,324,
325,http://www.wikidata.org/entity/Q139017537,war-correspondent,war-correspondent,photographer,,325,
326,http://www.wikidata.org/entity/Q1392250,war-correspondent,war-correspondent,writer,,326,
327,http://www.wikidata.org/entity/Q139370632,war-correspondent,war-correspondent,writer,,327,
328,http://www.wikidata.org/entity/Q139545676,war-correspondent,war-correspondent,writer,,328,
329,http://www.wikidata.org/entity/Q139591540,war-correspondent,war-correspondent,journalist,,329,
330,http://www.wikidata.org/entity/Q139674805,war-photographer,journalist,photographer,,330,
331,http://www.wikidata.org/entity/Q1398619,war-correspondent,war-correspondent,journalist,,331,
332,http://www.wikidata.org/entity/Q1400992,war-correspondent,war-correspondent,journalist,,332,
333,http://www.wikidata.org/entity/Q142025,war-correspondent,war-correspondent,journalist,,333,
334,http://www.wikidata.org/entity/Q1452890,war-photographer,war-photographer,photographer,,334,
335,http://www.wikidata.org/entity/Q14588770,war-correspondent,war-correspondent,journalist,,335,
336,http://www.wikidata.org/entity/Q1466853,war-correspondent,war-correspondent,cinematographer,,336,
337,http://www.wikidata.org/entity/Q1483880,war-photographer,war-photographer,photographer,,337,
338,http://www.wikidata.org/entity/Q15068490,war-correspondent,war-correspondent,journalist,,338,
339,http://www.wikidata.org/entity/Q15069605,war-correspondent,war-correspondent,journalist,,339,
340,http://www.wikidata.org/entity/Q15071250,war-correspondent,war-correspondent,journalist,,340,
341,http://www.wikidata.org/entity/Q1508257,war-photographer,war-photographer,photographer,,341,
342,http://www.wikidata.org/entity/Q15127495,war-correspondent,war-correspondent,journalist,,342,
343,http://www.wikidata.org/entity/Q15149827,war-photographer,journalist,photographer,,343,
344,http://www.wikidata.org/entity/Q1523446,war-correspondent,war-correspondent,journalist,,344,
345,http://www.wikidata.org/entity/Q152524,war-correspondent,war-correspondent,journalist,,345,
346,http://www.wikidata.org/entity/Q15259407,war-correspondent,war-correspondent,journalist,,346,
347,http://www.wikidata.org/entity/Q153700,war-correspondent,war-correspondent,journalist,,347,
348,http://www.wikidata.org/entity/Q15431075,war-photographer,journalist,photographer,,348,
349,http://www.wikidata.org/entity/Q15439990,war-correspondent,war-correspondent,writer,,349,
350,http://www.wikidata.org/entity/Q15486525,war-photographer,war-photographer,photographer,,350,
351,http://www.wikidata.org/entity/Q15489360,war-correspondent,war-correspondent,writer,,351,
352,http://www.wikidata.org/entity/Q155106,war-correspondent,war-correspondent,journalist,,352,
353,http://www.wikidata.org/entity/Q15603100,war-photographer,war-photographer,photographer,,353,
354,http://www.wikidata.org/entity/Q15621755,war-correspondent,war-correspondent,photojournalist,,354,
355,http://www.wikidata.org/entity/Q1566535,war-correspondent,war-correspondent,diplomat,,355,
356,http://www.wikidata.org/entity/Q1567681,war-correspondent,war-correspondent,journalist,,356,
357,http://www.wikidata.org/entity/Q1576459,war-correspondent,war-correspondent,photographer,,357,
358,http://www.wikidata.org/entity/Q15963314,war-correspondent,war-correspondent,journalist,,358,
359,http://www.wikidata.org/entity/Q15968007,war-correspondent,war-correspondent,journalist,,359,
360,http://www.wikidata.org/entity/Q15968900,war-correspondent,war-correspondent,journalist,,360,
361,http://www.wikidata.org/entity/Q15976253,war-correspondent,war-correspondent,journalist,,361,
362,http://www.wikidata.org/entity/Q15976304,war-photographer,war-photographer,photographer,,362,
363,http://www.wikidata.org/entity/Q15977771,war-photographer,war-photographer,NA,,363,
364,http://www.wikidata.org/entity/Q15996001,war-correspondent,war-correspondent,journalist,,364,
365,http://www.wikidata.org/entity/Q15997458,war-photographer,war-photographer,photographer,,365,
366,http://www.wikidata.org/entity/Q15998247,war-photographer,war-photographer,cinematographer,,366,
367,http://www.wikidata.org/entity/Q16007512,war-photographer,war-photographer,photographer,,367,
368,http://www.wikidata.org/entity/Q16015140,war-correspondent,war-correspondent,journalist,,368,
369,http://www.wikidata.org/entity/Q160375,war-correspondent,war-correspondent,journalist,,369,
370,http://www.wikidata.org/entity/Q1605885,war-photographer,journalist,photographer,,370,
371,http://www.wikidata.org/entity/Q1607516,war-correspondent,war-correspondent,journalist,,371,
372,http://www.wikidata.org/entity/Q16092041,war-photographer,war-photographer,photographer,,372,
373,http://www.wikidata.org/entity/Q1609233,NA,writer,reporter,,373,
374,http://www.wikidata.org/entity/Q1611099,war-correspondent,war-correspondent,journalist,,374,
375,http://www.wikidata.org/entity/Q16169382,war-correspondent,war-correspondent,journalist,,375,
376,http://www.wikidata.org/entity/Q1619108,war-correspondent,war-correspondent,journalist,,376,
377,http://www.wikidata.org/entity/Q16204565,war-photographer,war-photographer,photographer,,377,
378,http://www.wikidata.org/entity/Q16214949,war-photographer,war-photographer,photographer,,378,
379,http://www.wikidata.org/entity/Q16221423,war-photographer,journalist,photographer,,379,
380,http://www.wikidata.org/entity/Q16222982,war-photographer,journalist,photographer,,380,
381,http://www.wikidata.org/entity/Q1642328,war-correspondent,war-correspondent,journalist,,381,
382,http://www.wikidata.org/entity/Q16459192,war-correspondent,war-correspondent,military-officer,,382,
383,http://www.wikidata.org/entity/Q16509496,war-correspondent,war-correspondent,journalist,,383,
384,http://www.wikidata.org/entity/Q16635505,war-correspondent,war-correspondent,journalist,,384,
385,http://www.wikidata.org/entity/Q16654136,war-correspondent,war-correspondent,journalist,,385,
386,http://www.wikidata.org/entity/Q16663578,war-correspondent,war-correspondent,journalist,,386,
387,http://www.wikidata.org/entity/Q16664912,war-correspondent,war-correspondent,journalist,,387,
388,http://www.wikidata.org/entity/Q16721278,war-correspondent,war-correspondent,journalist,,388,
389,http://www.wikidata.org/entity/Q16735213,war-photographer,journalist,photographer,,389,
390,http://www.wikidata.org/entity/Q1678898,war-correspondent,war-correspondent,writer,,390,
391,http://www.wikidata.org/entity/Q16832221,war-correspondent,war-correspondent,writer,,391,
392,http://www.wikidata.org/entity/Q16873989,war-photographer,journalist,photographer,,392,
393,http://www.wikidata.org/entity/Q16943490,war-correspondent,war-correspondent,journalist,,393,
394,http://www.wikidata.org/entity/Q16999575,war-correspondent,war-correspondent,journalist,,394,
395,http://www.wikidata.org/entity/Q1699976,war-correspondent,war-correspondent,photographer,,395,
396,http://www.wikidata.org/entity/Q17012649,war-correspondent,war-correspondent,journalist,,396,
397,http://www.wikidata.org/entity/Q1704676,war-correspondent,war-correspondent,writer,,397,
398,http://www.wikidata.org/entity/Q1708879,war-correspondent,war-correspondent,journalist,,398,
399,http://www.wikidata.org/entity/Q1711704,war-photographer,war-photographer,photographer,,399,
400,http://www.wikidata.org/entity/Q17190080,war-photographer,war-photographer,photojournalist,,400,
401,http://www.wikidata.org/entity/Q17338724,war-photographer,war-photographer,photographer,,401,
402,http://www.wikidata.org/entity/Q17383868,war-photographer,journalist,photographer,,402,
403,http://www.wikidata.org/entity/Q17418894,war-correspondent,war-correspondent,journalist,,403,
404,http://www.wikidata.org/entity/Q17423739,war-correspondent,war-correspondent,journalist,,404,
405,http://www.wikidata.org/entity/Q17427808,war-correspondent,war-correspondent,journalist,,405,
406,http://www.wikidata.org/entity/Q17432488,war-correspondent,war-correspondent,journalist,,406,
407,http://www.wikidata.org/entity/Q1743447,war-correspondent,war-correspondent,writer,,407,
408,http://www.wikidata.org/entity/Q17478062,war-correspondent,war-correspondent,journalist,,408,
409,http://www.wikidata.org/entity/Q17505546,war-correspondent,war-correspondent,journalist,,409,
410,http://www.wikidata.org/entity/Q17537054,war-correspondent,war-correspondent,writer,,410,
411,http://www.wikidata.org/entity/Q17613161,war-photographer,journalist,photographer,,411,
412,http://www.wikidata.org/entity/Q17626890,war-photographer,war-photographer,photographer,,412,
413,http://www.wikidata.org/entity/Q1782146,war-correspondent,war-correspondent,jurist,,413,
414,http://www.wikidata.org/entity/Q17908455,war-correspondent,war-correspondent,journalist,,414,
415,http://www.wikidata.org/entity/Q18004612,war-correspondent,war-correspondent,journalist,,415,
416,http://www.wikidata.org/entity/Q18011880,war-correspondent,war-correspondent,journalist,,416,
417,http://www.wikidata.org/entity/Q18021514,war-correspondent,war-correspondent,journalist,,417,
418,http://www.wikidata.org/entity/Q18057549,war-correspondent,war-correspondent,journalist,,418,
419,http://www.wikidata.org/entity/Q18164304,war-photographer,war-photographer,photographer,,419,
420,http://www.wikidata.org/entity/Q18191075,war-correspondent,war-correspondent,journalist,,420,
421,http://www.wikidata.org/entity/Q18236175,war-correspondent,war-correspondent,journalist,,421,
422,http://www.wikidata.org/entity/Q18291610,war-correspondent,war-correspondent,journalist,,422,
423,http://www.wikidata.org/entity/Q18323289,war-correspondent,war-correspondent,university-teacher,,423,
424,http://www.wikidata.org/entity/Q18385268,war-photographer,war-photographer,photographer,,424,
425,http://www.wikidata.org/entity/Q18405199,war-correspondent,war-correspondent,journalist,,425,
426,http://www.wikidata.org/entity/Q18419140,war-correspondent,war-correspondent,journalist,,426,
427,http://www.wikidata.org/entity/Q18491533,war-correspondent,war-correspondent,journalist,,427,
428,http://www.wikidata.org/entity/Q18526918,war-correspondent,war-correspondent,journalist,,428,
429,http://www.wikidata.org/entity/Q18528811,war-correspondent,war-correspondent,journalist,,429,
430,http://www.wikidata.org/entity/Q18540206,war-correspondent,war-correspondent,journalist,,430,
431,http://www.wikidata.org/entity/Q18576950,war-correspondent,war-correspondent,journalist,,431,
432,http://www.wikidata.org/entity/Q18608721,war-correspondent,war-correspondent,NA,,432,
433,http://www.wikidata.org/entity/Q18637379,war-photographer,journalist,NA,,433,
434,http://www.wikidata.org/entity/Q187850,war-correspondent,war-correspondent,journalist,,434,
435,http://www.wikidata.org/entity/Q18819927,war-photographer,war-photographer,photographer,,435,
436,http://www.wikidata.org/entity/Q18911407,war-correspondent,war-correspondent,writer,,436,
437,http://www.wikidata.org/entity/Q18934250,war-correspondent,war-correspondent,NA,,437,
438,http://www.wikidata.org/entity/Q19205061,war-correspondent,war-correspondent,journalist,,438,
439,http://www.wikidata.org/entity/Q19240850,war-correspondent,war-correspondent,journalist,,439,
440,http://www.wikidata.org/entity/Q19321666,war-correspondent,war-correspondent,photographer,,440,
441,http://www.wikidata.org/entity/Q19358207,war-correspondent,war-correspondent,journalist,,441,
442,http://www.wikidata.org/entity/Q19361622,war-correspondent,war-correspondent,writer,,442,
443,http://www.wikidata.org/entity/Q19369165,war-photographer,journalist,photographer,,443,
444,http://www.wikidata.org/entity/Q1950313,war-correspondent,war-correspondent,painter,,444,
445,http://www.wikidata.org/entity/Q19519391,war-correspondent,war-correspondent,journalist,,445,
446,http://www.wikidata.org/entity/Q1963261,war-correspondent,war-correspondent,journalist,,446,
447,http://www.wikidata.org/entity/Q19646637,war-photographer,war-photographer,NA,,447,
448,http://www.wikidata.org/entity/Q1964719,war-photographer,journalist,photographer,,448,
449,http://www.wikidata.org/entity/Q19667139,war-correspondent,war-correspondent,writer,,449,
450,http://www.wikidata.org/entity/Q19692677,war-correspondent,war-correspondent,writer,,450,
451,http://www.wikidata.org/entity/Q1976958,war-correspondent,war-correspondent,writer,,451,
452,http://www.wikidata.org/entity/Q1977210,war-correspondent,war-correspondent,journalist,,452,
453,http://www.wikidata.org/entity/Q1977444,war-photographer,journalist,photographer,,453,
454,http://www.wikidata.org/entity/Q19802861,war-correspondent,war-correspondent,sculptor,,454,
455,http://www.wikidata.org/entity/Q19832950,war-correspondent,war-correspondent,painter,,455,
456,http://www.wikidata.org/entity/Q19867595,war-photographer,journalist,NA,,456,
457,http://www.wikidata.org/entity/Q19975768,war-photographer,journalist,photojournalist,,457,
458,http://www.wikidata.org/entity/Q20035913,war-photographer,journalist,photographer,,458,
459,http://www.wikidata.org/entity/Q20127454,war-correspondent,war-correspondent,journalist,,459,
460,http://www.wikidata.org/entity/Q201589,war-correspondent,war-correspondent,journalist,,460,
461,http://www.wikidata.org/entity/Q202537,war-correspondent,war-correspondent,journalist,,461,
462,http://www.wikidata.org/entity/Q2036564,war-correspondent,war-correspondent,cinematographer,,462,
463,http://www.wikidata.org/entity/Q20643252,war-photographer,war-photographer,photographer,,463,
464,http://www.wikidata.org/entity/Q2071770,war-correspondent,war-correspondent,journalist,,464,
465,http://www.wikidata.org/entity/Q20724971,NA,journalist,writer,,465,
466,http://www.wikidata.org/entity/Q2074869,war-correspondent,war-correspondent,journalist,,466,
467,http://www.wikidata.org/entity/Q20749150,war-correspondent,war-correspondent,journalist,,467,
468,http://www.wikidata.org/entity/Q20752233,war-correspondent,war-correspondent,journalist,,468,
469,http://www.wikidata.org/entity/Q20810566,war-photographer,war-photographer,photographer,,469,
470,http://www.wikidata.org/entity/Q208116,war-correspondent,war-correspondent,writer,,470,
471,http://www.wikidata.org/entity/Q20859063,war-correspondent,war-correspondent,journalist,,471,
472,http://www.wikidata.org/entity/Q20864129,war-correspondent,war-correspondent,journalist,,472,
473,http://www.wikidata.org/entity/Q20879819,war-correspondent,war-correspondent,journalist,,473,
474,http://www.wikidata.org/entity/Q2095810,war-correspondent,war-correspondent,journalist,,474,
475,http://www.wikidata.org/entity/Q21029733,war-correspondent,war-correspondent,journalist,,475,
476,http://www.wikidata.org/entity/Q21069702,war-correspondent,war-correspondent,journalist,,476,
477,http://www.wikidata.org/entity/Q21074333,war-correspondent,war-correspondent,journalist,,477,
478,http://www.wikidata.org/entity/Q21079155,war-photographer,war-photographer,photographer,,478,
479,http://www.wikidata.org/entity/Q21083777,war-correspondent,war-correspondent,journalist,,479,
480,http://www.wikidata.org/entity/Q21096942,war-correspondent,war-correspondent,journalist,,480,
481,http://www.wikidata.org/entity/Q21140987,war-correspondent,war-correspondent,journalist,,481,
482,http://www.wikidata.org/entity/Q2118968,war-correspondent,war-correspondent,journalist,,482,
483,http://www.wikidata.org/entity/Q2119208,war-correspondent,war-correspondent,journalist,,483,
484,http://www.wikidata.org/entity/Q21289424,war-correspondent,war-correspondent,painter,,484,
485,http://www.wikidata.org/entity/Q21289743,war-correspondent,war-correspondent,writer,,485,
486,http://www.wikidata.org/entity/Q213957,war-correspondent,war-correspondent,journalist,,486,
487,http://www.wikidata.org/entity/Q214110,war-photographer,war-photographer,photographer,,487,
488,http://www.wikidata.org/entity/Q21421315,war-correspondent,war-correspondent,journalist,,488,
489,http://www.wikidata.org/entity/Q21498088,war-correspondent,war-correspondent,journalist,,489,
490,http://www.wikidata.org/entity/Q21531390,war-photographer,war-photographer,photographer,,490,
491,http://www.wikidata.org/entity/Q21534370,NA,journalist,NA,,491,
492,http://www.wikidata.org/entity/Q21535477,war-correspondent,war-correspondent,journalist,,492,
493,http://www.wikidata.org/entity/Q21535536,war-correspondent,war-correspondent,poet,,493,
494,http://www.wikidata.org/entity/Q21536882,war-correspondent,war-correspondent,journalist,,494,
495,http://www.wikidata.org/entity/Q2153910,war-correspondent,war-correspondent,historian,,495,
496,http://www.wikidata.org/entity/Q21584916,war-photographer,war-photographer,photographer,,496,
497,http://www.wikidata.org/entity/Q22004182,war-photographer,war-photographer,photographer,,497,
498,http://www.wikidata.org/entity/Q22046388,war-correspondent,war-correspondent,journalist,,498,
499,http://www.wikidata.org/entity/Q22078069,war-photographer,war-photographer,photographer,,499,
500,http://www.wikidata.org/entity/Q22249191,war-correspondent,war-correspondent,journalist,,500,
501,http://www.wikidata.org/entity/Q22249366,war-correspondent,war-correspondent,journalist,,501,
502,http://www.wikidata.org/entity/Q22683759,war-correspondent,war-correspondent,journalist,,502,
503,http://www.wikidata.org/entity/Q22696542,war-photographer,war-photographer,photojournalist,,503,
504,http://www.wikidata.org/entity/Q2272484,war-correspondent,war-correspondent,journalist,,504,
505,http://www.wikidata.org/entity/Q22919701,war-correspondent,war-correspondent,journalist,,505,
506,http://www.wikidata.org/entity/Q230068,war-correspondent,war-correspondent,journalist,,506,
507,http://www.wikidata.org/entity/Q23035828,war-correspondent,war-correspondent,journalist,,507,
508,http://www.wikidata.org/entity/Q23041503,war-correspondent,war-correspondent,soldier,,508,
509,http://www.wikidata.org/entity/Q23060091,war-correspondent,war-correspondent,journalist,,509,
510,http://www.wikidata.org/entity/Q23434,war-correspondent,war-correspondent,journalist,,510,
511,http://www.wikidata.org/entity/Q2348906,war-correspondent,war-correspondent,journalist,,511,
512,http://www.wikidata.org/entity/Q238364,war-photographer,journalist,writer,,512,
513,http://www.wikidata.org/entity/Q2389423,war-photographer,journalist,photographer,,513,
514,http://www.wikidata.org/entity/Q24005884,war-correspondent,war-correspondent,journalist,,514,
515,http://www.wikidata.org/entity/Q24009876,war-correspondent,war-correspondent,journalist,,515,
516,http://www.wikidata.org/entity/Q2401525,war-correspondent,war-correspondent,journalist,,516,
517,http://www.wikidata.org/entity/Q24033854,war-correspondent,war-correspondent,journalist,,517,
518,http://www.wikidata.org/entity/Q2405682,war-correspondent,war-correspondent,journalist,,518,
519,http://www.wikidata.org/entity/Q2418020,war-correspondent,war-correspondent,politician,,519,
520,http://www.wikidata.org/entity/Q24218097,war-correspondent,war-correspondent,journalist,,520,
521,http://www.wikidata.org/entity/Q24239595,war-correspondent,war-correspondent,journalist,,521,
522,http://www.wikidata.org/entity/Q2434219,war-photographer,war-photographer,photographer,,522,
523,http://www.wikidata.org/entity/Q24352861,war-correspondent,war-correspondent,journalist,,523,
524,http://www.wikidata.org/entity/Q24398939,war-photographer,journalist,photographer,,524,
525,http://www.wikidata.org/entity/Q24690123,war-photographer,war-photographer,military-personnel,,525,
526,http://www.wikidata.org/entity/Q24954706,war-correspondent,war-correspondent,journalist,,526,
527,http://www.wikidata.org/entity/Q2519739,war-correspondent,war-correspondent,journalist,,527,
528,http://www.wikidata.org/entity/Q25585196,war-photographer,war-photographer,NA,,528,
529,http://www.wikidata.org/entity/Q25742656,war-correspondent,war-correspondent,military-personnel,,529,
530,http://www.wikidata.org/entity/Q25927242,war-correspondent,war-correspondent,journalist,,530,
531,http://www.wikidata.org/entity/Q25927246,war-correspondent,war-correspondent,photographer,,531,
532,http://www.wikidata.org/entity/Q25929740,war-correspondent,war-correspondent,NA,,532,
533,http://www.wikidata.org/entity/Q2602049,war-photographer,journalist,photographer,,533,
534,http://www.wikidata.org/entity/Q26210868,war-photographer,war-photographer,photographer,,534,
535,http://www.wikidata.org/entity/Q262117,war-photographer,journalist,photographer,,535,
536,http://www.wikidata.org/entity/Q262660,war-photographer,journalist,photographer,,536,
537,http://www.wikidata.org/entity/Q2630812,war-correspondent,war-correspondent,journalist,,537,
538,http://www.wikidata.org/entity/Q2636873,war-correspondent,war-correspondent,journalist,,538,
539,http://www.wikidata.org/entity/Q2646947,war-correspondent,war-correspondent,journalist,,539,
540,http://www.wikidata.org/entity/Q265131,war-correspondent,war-correspondent,journalist,,540,
541,http://www.wikidata.org/entity/Q265810,war-correspondent,war-correspondent,journalist,,541,
542,http://www.wikidata.org/entity/Q2674537,war-photographer,journalist,cinematographer,,542,
543,http://www.wikidata.org/entity/Q26934893,war-correspondent,war-correspondent,war-photographer,,543,
544,http://www.wikidata.org/entity/Q269475,war-correspondent,war-correspondent,journalist,,544,
545,http://www.wikidata.org/entity/Q26998284,war-correspondent,war-correspondent,journalist,,545,
546,http://www.wikidata.org/entity/Q27074156,war-photographer,war-photographer,photographer,,546,
547,http://www.wikidata.org/entity/Q27132590,war-photographer,war-photographer,soldier,,547,
548,http://www.wikidata.org/entity/Q27178338,war-correspondent,war-correspondent,journalist,,548,
549,http://www.wikidata.org/entity/Q272847,war-correspondent,war-correspondent,journalist,,549,
550,http://www.wikidata.org/entity/Q27862277,war-correspondent,war-correspondent,journalist,,550,
551,http://www.wikidata.org/entity/Q278806,war-correspondent,war-correspondent,journalist,,551,
552,http://www.wikidata.org/entity/Q27924793,war-correspondent,war-correspondent,journalist,,552,
553,http://www.wikidata.org/entity/Q27927553,war-correspondent,war-correspondent,writer,,553,
554,http://www.wikidata.org/entity/Q27973960,war-correspondent,war-correspondent,NA,,554,
555,http://www.wikidata.org/entity/Q28096541,war-correspondent,war-correspondent,photographer,,555,
556,http://www.wikidata.org/entity/Q2825193,war-correspondent,war-correspondent,journalist,,556,
557,http://www.wikidata.org/entity/Q2830047,war-correspondent,war-correspondent,journalist,,557,
558,http://www.wikidata.org/entity/Q28482313,war-correspondent,war-correspondent,author,,558,
559,http://www.wikidata.org/entity/Q28498471,war-correspondent,war-correspondent,journalist,,559,
560,http://www.wikidata.org/entity/Q2851571,war-correspondent,war-correspondent,journalist,,560,
561,http://www.wikidata.org/entity/Q2853930,war-photographer,war-photographer,photographer,,561,
562,http://www.wikidata.org/entity/Q2865339,war-photographer,war-photographer,NA,,562,
563,http://www.wikidata.org/entity/Q28658,war-correspondent,war-correspondent,journalist,,563,
564,http://www.wikidata.org/entity/Q287994,war-correspondent,war-correspondent,journalist,,564,
565,http://www.wikidata.org/entity/Q28828792,war-photographer,war-photographer,photographer,,565,
566,http://www.wikidata.org/entity/Q2889554,war-photographer,war-photographer,camera-operator,,566,
567,http://www.wikidata.org/entity/Q2902056,war-photographer,war-photographer,photographer,,567,
568,http://www.wikidata.org/entity/Q2905536,war-photographer,journalist,photographer,,568,
569,http://www.wikidata.org/entity/Q2920090,war-correspondent,war-correspondent,politician,,569,
570,http://www.wikidata.org/entity/Q2925424,war-correspondent,war-correspondent,journalist,,570,
571,http://www.wikidata.org/entity/Q29267899,war-photographer,war-photographer,photographer,,571,
572,http://www.wikidata.org/entity/Q29344,war-correspondent,war-correspondent,journalist,,572,
573,http://www.wikidata.org/entity/Q2965997,war-photographer,war-photographer,photographer,,573,
574,http://www.wikidata.org/entity/Q2966532,war-correspondent,war-correspondent,journalist,,574,
575,http://www.wikidata.org/entity/Q2966626,war-photographer,journalist,photographer,,575,
576,http://www.wikidata.org/entity/Q2976984,war-correspondent,war-correspondent,screenwriter,,576,
577,http://www.wikidata.org/entity/Q2984420,war-correspondent,war-correspondent,journalist,,577,
578,http://www.wikidata.org/entity/Q29865014,NA,journalist,writer,,578,
579,http://www.wikidata.org/entity/Q29877791,war-correspondent,war-correspondent,journalist,,579,
580,http://www.wikidata.org/entity/Q2991025,war-correspondent,war-correspondent,journalist,,580,
581,http://www.wikidata.org/entity/Q30076276,war-correspondent,war-correspondent,film-director,,581,
582,http://www.wikidata.org/entity/Q300793,war-correspondent,war-correspondent,writer,,582,
583,http://www.wikidata.org/entity/Q30082313,war-correspondent,war-correspondent,NA,,583,
584,http://www.wikidata.org/entity/Q3017426,war-correspondent,war-correspondent,journalist,,584,
585,http://www.wikidata.org/entity/Q3019247,war-correspondent,war-correspondent,teacher,,585,
586,http://www.wikidata.org/entity/Q3026649,war-correspondent,war-correspondent,journalist,,586,
587,http://www.wikidata.org/entity/Q3048455,war-correspondent,war-correspondent,journalist,,587,
588,http://www.wikidata.org/entity/Q30560636,war-correspondent,war-correspondent,journalist,,588,
589,http://www.wikidata.org/entity/Q3060014,war-correspondent,war-correspondent,journalist,,589,
590,http://www.wikidata.org/entity/Q3080180,war-correspondent,war-correspondent,journalist,,590,
591,http://www.wikidata.org/entity/Q3083410,war-correspondent,war-correspondent,journalist,,591,
592,http://www.wikidata.org/entity/Q310900,war-correspondent,war-correspondent,journalist,,592,
593,http://www.wikidata.org/entity/Q3116258,war-photographer,journalist,writer,,593,
594,http://www.wikidata.org/entity/Q3118450,war-correspondent,war-correspondent,journalist,,594,
595,http://www.wikidata.org/entity/Q3121101,war-photographer,war-photographer,painter,,595,
596,http://www.wikidata.org/entity/Q312407,war-correspondent,war-correspondent,journalist,,596,
597,http://www.wikidata.org/entity/Q312637,war-correspondent,war-correspondent,journalist,,597,
598,http://www.wikidata.org/entity/Q3132687,war-correspondent,war-correspondent,journalist,,598,
599,http://www.wikidata.org/entity/Q3134441,war-correspondent,war-correspondent,journalist,,599,
600,http://www.wikidata.org/entity/Q313767,war-correspondent,war-correspondent,writer,,600,
601,http://www.wikidata.org/entity/Q313899,war-photographer,war-photographer,photographer,,601,
602,http://www.wikidata.org/entity/Q3140448,war-photographer,war-photographer,photographer,,602,
603,http://www.wikidata.org/entity/Q3141534,war-correspondent,war-correspondent,painter,,603,
604,http://www.wikidata.org/entity/Q3142466,war-correspondent,war-correspondent,journalist,,604,
605,http://www.wikidata.org/entity/Q3154828,war-correspondent,war-correspondent,journalist,,605,
606,http://www.wikidata.org/entity/Q3158064,war-correspondent,war-correspondent,journalist,,606,
607,http://www.wikidata.org/entity/Q3158494,war-correspondent,war-correspondent,journalist,,607,
608,http://www.wikidata.org/entity/Q3161503,war-correspondent,war-correspondent,journalist,,608,
609,http://www.wikidata.org/entity/Q3161665,war-photographer,war-photographer,photographer,,609,
610,http://www.wikidata.org/entity/Q3168550,war-correspondent,war-correspondent,journalist,,610,
611,http://www.wikidata.org/entity/Q3168596,war-correspondent,war-correspondent,journalist,,611,
612,http://www.wikidata.org/entity/Q3170750,war-correspondent,war-correspondent,journalist,,612,
613,http://www.wikidata.org/entity/Q3171138,war-correspondent,war-correspondent,journalist,,613,
614,http://www.wikidata.org/entity/Q3179715,war-photographer,journalist,photographer,,614,
615,http://www.wikidata.org/entity/Q3181505,war-photographer,war-photographer,photographer,,615,
616,http://www.wikidata.org/entity/Q3182249,war-photographer,war-photographer,photographer,,616,
617,http://www.wikidata.org/entity/Q318352,war-photographer,war-photographer,photographer,,617,
618,http://www.wikidata.org/entity/Q3189062,war-photographer,war-photographer,photographer,,618,
619,http://www.wikidata.org/entity/Q3193984,war-correspondent,war-correspondent,journalist,,619,
620,http://www.wikidata.org/entity/Q3195015,war-photographer,war-photographer,photographer,,620,
621,http://www.wikidata.org/entity/Q3195075,war-photographer,journalist,photographer,,621,
622,http://www.wikidata.org/entity/Q3228853,war-photographer,war-photographer,photographer,,622,
623,http://www.wikidata.org/entity/Q3229253,war-photographer,war-photographer,photographer,,623,
624,http://www.wikidata.org/entity/Q3266155,war-correspondent,war-correspondent,journalist,,624,
625,http://www.wikidata.org/entity/Q326766,war-correspondent,war-correspondent,writer,,625,
626,http://www.wikidata.org/entity/Q3272873,war-correspondent,war-correspondent,journalist,,626,
627,http://www.wikidata.org/entity/Q327426,war-photographer,journalist,photographer,,627,
628,http://www.wikidata.org/entity/Q3275723,war-correspondent,war-correspondent,journalist,,628,
629,http://www.wikidata.org/entity/Q3286755,war-photographer,journalist,photographer,,629,
630,http://www.wikidata.org/entity/Q3288026,war-photographer,journalist,writer,,630,
631,http://www.wikidata.org/entity/Q3288148,war-correspondent,war-correspondent,journalist,,631,
632,http://www.wikidata.org/entity/Q3290513,war-correspondent,war-correspondent,journalist,,632,
633,http://www.wikidata.org/entity/Q3296318,war-correspondent,war-correspondent,journalist,,633,
634,http://www.wikidata.org/entity/Q3299130,war-correspondent,war-correspondent,journalist,,634,
635,http://www.wikidata.org/entity/Q3302258,war-correspondent,war-correspondent,journalist,,635,
636,http://www.wikidata.org/entity/Q3303778,war-correspondent,war-correspondent,journalist,,636,
637,http://www.wikidata.org/entity/Q3304570,war-photographer,journalist,writer,,637,
638,http://www.wikidata.org/entity/Q33083119,war-correspondent,war-correspondent,journalist,,638,
639,http://www.wikidata.org/entity/Q3310418,war-correspondent,war-correspondent,journalist,,639,
640,http://www.wikidata.org/entity/Q3310509,war-correspondent,war-correspondent,journalist,,640,
641,http://www.wikidata.org/entity/Q3311260,war-correspondent,war-correspondent,television-producer,,641,
642,http://www.wikidata.org/entity/Q3314554,war-correspondent,war-correspondent,writer,,642,
643,http://www.wikidata.org/entity/Q333873,war-correspondent,war-correspondent,journalist,,643,
644,http://www.wikidata.org/entity/Q3351411,war-correspondent,war-correspondent,journalist,,644,
645,http://www.wikidata.org/entity/Q3371766,war-correspondent,war-correspondent,journalist,,645,
646,http://www.wikidata.org/entity/Q3371867,war-correspondent,war-correspondent,journalist,,646,
647,http://www.wikidata.org/entity/Q3379683,war-correspondent,war-correspondent,journalist,,647,
648,http://www.wikidata.org/entity/Q3380646,war-correspondent,war-correspondent,journalist,,648,
649,http://www.wikidata.org/entity/Q3395389,war-photographer,journalist,photographer,,649,
650,http://www.wikidata.org/entity/Q3425759,war-correspondent,war-correspondent,journalist,,650,
651,http://www.wikidata.org/entity/Q3429979,war-correspondent,war-correspondent,journalist,,651,
652,http://www.wikidata.org/entity/Q3436576,war-correspondent,war-correspondent,journalist,,652,
653,http://www.wikidata.org/entity/Q345336,war-correspondent,war-correspondent,journalist,,653,
654,http://www.wikidata.org/entity/Q345666,war-photographer,journalist,photographer,,654,
655,http://www.wikidata.org/entity/Q3473254,war-correspondent,war-correspondent,journalist,,655,
656,http://www.wikidata.org/entity/Q34743,war-correspondent,war-correspondent,journalist,,656,
657,http://www.wikidata.org/entity/Q3486610,war-photographer,war-photographer,photographer,,657,
658,http://www.wikidata.org/entity/Q3492049,war-photographer,journalist,photographer,,658,
659,http://www.wikidata.org/entity/Q3496830,war-photographer,journalist,photographer,,659,
660,http://www.wikidata.org/entity/Q3501551,war-correspondent,war-correspondent,journalist,,660,
661,http://www.wikidata.org/entity/Q3502694,war-photographer,journalist,photographer,,661,
662,http://www.wikidata.org/entity/Q3511688,war-correspondent,war-correspondent,journalist,,662,
663,http://www.wikidata.org/entity/Q3524764,war-correspondent,war-correspondent,journalist,,663,
664,http://www.wikidata.org/entity/Q352870,war-photographer,journalist,photographer,,664,
665,http://www.wikidata.org/entity/Q3530288,war-photographer,war-photographer,photographer,,665,
666,http://www.wikidata.org/entity/Q356537,war-correspondent,war-correspondent,journalist,,666,
667,http://www.wikidata.org/entity/Q3565826,war-correspondent,war-correspondent,journalist,,667,
668,http://www.wikidata.org/entity/Q3574217,war-correspondent,war-correspondent,journalist,,668,
669,http://www.wikidata.org/entity/Q3591222,war-correspondent,war-correspondent,journalist,,669,
670,http://www.wikidata.org/entity/Q3595401,war-correspondent,war-correspondent,journalist,,670,
671,http://www.wikidata.org/entity/Q361163,war-correspondent,war-correspondent,journalist,,671,
672,http://www.wikidata.org/entity/Q362337,war-photographer,journalist,photographer,,672,
673,http://www.wikidata.org/entity/Q3646655,war-correspondent,war-correspondent,journalist,,673,
674,http://www.wikidata.org/entity/Q3675375,war-correspondent,war-correspondent,journalist,,674,
675,http://www.wikidata.org/entity/Q371701,war-photographer,war-photographer,photographer,,675,
676,http://www.wikidata.org/entity/Q3733969,war-correspondent,war-correspondent,journalist,,676,
677,http://www.wikidata.org/entity/Q3751279,war-correspondent,war-correspondent,journalist,,677,
678,http://www.wikidata.org/entity/Q3751306,war-correspondent,war-correspondent,journalist,,678,
679,http://www.wikidata.org/entity/Q377314,war-photographer,journalist,writer,,679,
680,http://www.wikidata.org/entity/Q381369,war-photographer,journalist,photographer,,680,
681,http://www.wikidata.org/entity/Q3814766,war-correspondent,war-correspondent,journalist,,681,
682,http://www.wikidata.org/entity/Q383177,NA,journalist,writer,,682,
683,http://www.wikidata.org/entity/Q3838496,war-photographer,journalist,photographer,,683,
684,http://www.wikidata.org/entity/Q38415,war-correspondent,war-correspondent,journalist,,684,
685,http://www.wikidata.org/entity/Q38455487,war-photographer,war-photographer,photographer,,685,
686,http://www.wikidata.org/entity/Q38521022,war-photographer,war-photographer,photographer,,686,
687,http://www.wikidata.org/entity/Q387323,war-photographer,war-photographer,screenwriter,,687,
688,http://www.wikidata.org/entity/Q3888622,war-photographer,journalist,photographer,,688,
689,http://www.wikidata.org/entity/Q39212,war-correspondent,war-correspondent,writer,,689,
690,http://www.wikidata.org/entity/Q3966492,war-photographer,journalist,photographer,,690,
691,http://www.wikidata.org/entity/Q3980231,war-photographer,war-photographer,photographer,,691,
692,http://www.wikidata.org/entity/Q4057482,war-correspondent,war-correspondent,journalist,,692,
693,http://www.wikidata.org/entity/Q4062979,war-correspondent,war-correspondent,journalist,,693,
694,http://www.wikidata.org/entity/Q4065947,war-correspondent,war-correspondent,journalist,,694,
695,http://www.wikidata.org/entity/Q4069303,war-correspondent,war-correspondent,translator,,695,
696,http://www.wikidata.org/entity/Q4071335,war-correspondent,war-correspondent,journalist,,696,
697,http://www.wikidata.org/entity/Q4093646,war-correspondent,war-correspondent,journalist,,697,
698,http://www.wikidata.org/entity/Q4104509,war-correspondent,war-correspondent,journalist,,698,
699,http://www.wikidata.org/entity/Q4104688,war-correspondent,war-correspondent,journalist,,699,
700,http://www.wikidata.org/entity/Q4121800,war-correspondent,war-correspondent,journalist,,700,
701,http://www.wikidata.org/entity/Q4122755,war-correspondent,war-correspondent,journalist,,701,
702,http://www.wikidata.org/entity/Q4137820,war-correspondent,war-correspondent,journalist,,702,
703,http://www.wikidata.org/entity/Q4139307,war-correspondent,war-correspondent,journalist,,703,
704,http://www.wikidata.org/entity/Q4140923,war-correspondent,war-correspondent,writer,,704,
705,http://www.wikidata.org/entity/Q4147927,war-correspondent,war-correspondent,journalist,,705,
706,http://www.wikidata.org/entity/Q4150330,war-correspondent,war-correspondent,journalist,,706,
707,http://www.wikidata.org/entity/Q4154495,war-correspondent,war-correspondent,journalist,,707,
708,http://www.wikidata.org/entity/Q4168436,war-correspondent,war-correspondent,writer,,708,
709,http://www.wikidata.org/entity/Q41692082,war-photographer,war-photographer,photographer,,709,
710,http://www.wikidata.org/entity/Q4172957,war-photographer,journalist,photographer,,710,
711,http://www.wikidata.org/entity/Q4191147,war-photographer,journalist,photographer,,711,
712,http://www.wikidata.org/entity/Q4194814,war-correspondent,war-correspondent,journalist,,712,
713,http://www.wikidata.org/entity/Q4197476,war-correspondent,war-correspondent,journalist,,713,
714,http://www.wikidata.org/entity/Q4218911,war-correspondent,war-correspondent,journalist,,714,
715,http://www.wikidata.org/entity/Q4223718,war-photographer,war-photographer,cinematographer,,715,
716,http://www.wikidata.org/entity/Q4223982,war-correspondent,war-correspondent,journalist,,716,
717,http://www.wikidata.org/entity/Q42295434,war-correspondent,war-correspondent,photographer,,717,
718,http://www.wikidata.org/entity/Q4234152,war-correspondent,war-correspondent,journalist,,718,
719,http://www.wikidata.org/entity/Q4235649,war-correspondent,war-correspondent,journalist,,719,
720,http://www.wikidata.org/entity/Q4235683,war-correspondent,war-correspondent,journalist,,720,
721,http://www.wikidata.org/entity/Q4240974,war-correspondent,war-correspondent,journalist,,721,
722,http://www.wikidata.org/entity/Q4260204,war-correspondent,war-correspondent,journalist,,722,
723,http://www.wikidata.org/entity/Q4276223,war-correspondent,war-correspondent,journalist,,723,
724,http://www.wikidata.org/entity/Q4280007,war-correspondent,war-correspondent,journalist,,724,
725,http://www.wikidata.org/entity/Q4289341,war-correspondent,war-correspondent,writer,,725,
726,http://www.wikidata.org/entity/Q4293972,war-correspondent,war-correspondent,journalist,,726,
727,http://www.wikidata.org/entity/Q430182,war-correspondent,war-correspondent,journalist,,727,
728,http://www.wikidata.org/entity/Q4314393,war-correspondent,war-correspondent,public-figure,,728,
729,http://www.wikidata.org/entity/Q4327562,war-correspondent,war-correspondent,journalist,,729,
730,http://www.wikidata.org/entity/Q434185,war-correspondent,war-correspondent,journalist,,730,
731,http://www.wikidata.org/entity/Q43427815,war-correspondent,war-correspondent,writer,,731,
732,http://www.wikidata.org/entity/Q434578,war-photographer,journalist,writer,,732,
733,http://www.wikidata.org/entity/Q4354075,war-correspondent,war-correspondent,journalist,,733,
734,http://www.wikidata.org/entity/Q4354891,war-correspondent,war-correspondent,journalist,,734,
735,http://www.wikidata.org/entity/Q4357901,war-correspondent,war-correspondent,journalist,,735,
736,http://www.wikidata.org/entity/Q436699,war-correspondent,war-correspondent,journalist,,736,
737,http://www.wikidata.org/entity/Q4367499,war-correspondent,war-correspondent,journalist,,737,
738,http://www.wikidata.org/entity/Q437013,war-photographer,journalist,photographer,,738,
739,http://www.wikidata.org/entity/Q4371342,NA,journalist,writer,,739,
740,http://www.wikidata.org/entity/Q4380334,war-correspondent,war-correspondent,journalist,,740,
741,http://www.wikidata.org/entity/Q438924,war-correspondent,war-correspondent,journalist,,741,
742,http://www.wikidata.org/entity/Q439394,war-correspondent,war-correspondent,journalist,,742,
743,http://www.wikidata.org/entity/Q4396579,war-correspondent,war-correspondent,journalist,,743,
744,http://www.wikidata.org/entity/Q4422452,war-correspondent,war-correspondent,painter,,744,
745,http://www.wikidata.org/entity/Q4422872,war-correspondent,war-correspondent,writer,,745,
746,http://www.wikidata.org/entity/Q4423120,war-correspondent,war-correspondent,journalist,,746,
747,http://www.wikidata.org/entity/Q4441707,war-correspondent,war-correspondent,journalist,,747,
748,http://www.wikidata.org/entity/Q44426442,war-photographer,war-photographer,photographer,,748,
749,http://www.wikidata.org/entity/Q44517,war-correspondent,war-correspondent,politician,,749,
750,http://www.wikidata.org/entity/Q446291,war-photographer,journalist,photographer,,750,
751,http://www.wikidata.org/entity/Q44695,war-correspondent,war-correspondent,journalist,,751,
752,http://www.wikidata.org/entity/Q4477673,war-correspondent,war-correspondent,journalist,,752,
753,http://www.wikidata.org/entity/Q4484890,war-correspondent,war-correspondent,writer,,753,
754,http://www.wikidata.org/entity/Q44918180,war-correspondent,war-correspondent,journalist,,754,
755,http://www.wikidata.org/entity/Q4496689,war-correspondent,war-correspondent,journalist,,755,
756,http://www.wikidata.org/entity/Q4503108,war-correspondent,war-correspondent,journalist,,756,
757,http://www.wikidata.org/entity/Q4511915,war-correspondent,war-correspondent,writer,,757,
758,http://www.wikidata.org/entity/Q4515631,war-correspondent,war-correspondent,journalist,,758,
759,http://www.wikidata.org/entity/Q4520770,war-correspondent,war-correspondent,journalist,,759,
760,http://www.wikidata.org/entity/Q45315591,war-correspondent,war-correspondent,journalist,,760,
761,http://www.wikidata.org/entity/Q453447,war-correspondent,war-correspondent,journalist,,761,
762,http://www.wikidata.org/entity/Q4538196,war-correspondent,war-correspondent,journalist,,762,
763,http://www.wikidata.org/entity/Q454784,war-correspondent,war-correspondent,journalist,,763,
764,http://www.wikidata.org/entity/Q45765,war-correspondent,war-correspondent,journalist,,764,
765,http://www.wikidata.org/entity/Q45776346,war-photographer,war-photographer,NA,,765,
766,http://www.wikidata.org/entity/Q4583296,war-correspondent,war-correspondent,journalist,,766,
767,http://www.wikidata.org/entity/Q461010,war-correspondent,war-correspondent,photographer,,767,
768,http://www.wikidata.org/entity/Q461341,war-correspondent,war-correspondent,journalist,,768,
769,http://www.wikidata.org/entity/Q461822,war-photographer,journalist,photographer,,769,
770,http://www.wikidata.org/entity/Q4662041,war-correspondent,war-correspondent,journalist,,770,
771,http://www.wikidata.org/entity/Q4679035,war-photographer,war-photographer,photographer,,771,
772,http://www.wikidata.org/entity/Q4679887,war-photographer,journalist,NA,,772,
773,http://www.wikidata.org/entity/Q4683267,war-photographer,journalist,NA,,773,
774,http://www.wikidata.org/entity/Q4703665,war-photographer,war-photographer,photographer,,774,
775,http://www.wikidata.org/entity/Q4704091,war-correspondent,war-correspondent,NA,,775,
776,http://www.wikidata.org/entity/Q4706622,war-correspondent,war-correspondent,journalist,,776,
777,http://www.wikidata.org/entity/Q471546,war-correspondent,war-correspondent,journalist,,777,
778,http://www.wikidata.org/entity/Q4718682,war-correspondent,war-correspondent,journalist,,778,
779,http://www.wikidata.org/entity/Q4718929,war-correspondent,war-correspondent,NA,,779,
780,http://www.wikidata.org/entity/Q47199975,war-correspondent,war-correspondent,journalist,,780,
781,http://www.wikidata.org/entity/Q4722249,war-correspondent,war-correspondent,journalist,,781,
782,http://www.wikidata.org/entity/Q4723659,war-photographer,journalist,photographer,,782,
783,http://www.wikidata.org/entity/Q472783,war-correspondent,war-correspondent,journalist,,783,
784,http://www.wikidata.org/entity/Q4734330,war-correspondent,war-correspondent,journalist,,784,
785,http://www.wikidata.org/entity/Q47450994,war-correspondent,war-correspondent,photographer,,785,
786,http://www.wikidata.org/entity/Q4746095,war-photographer,journalist,photographer,,786,
787,http://www.wikidata.org/entity/Q47462061,war-correspondent,war-correspondent,journalist,,787,
788,http://www.wikidata.org/entity/Q4749599,war-correspondent,war-correspondent,journalist,,788,
789,http://www.wikidata.org/entity/Q4754899,war-correspondent,war-correspondent,journalist,,789,
790,http://www.wikidata.org/entity/Q4768368,NA,journalist,author,,790,
791,http://www.wikidata.org/entity/Q4775789,war-photographer,war-photographer,photographer,,791,
792,http://www.wikidata.org/entity/Q4795029,war-photographer,war-photographer,photographer,,792,
793,http://www.wikidata.org/entity/Q4798397,war-correspondent,war-correspondent,journalist,,793,
794,http://www.wikidata.org/entity/Q4805444,war-photographer,journalist,photographer,,794,
795,http://www.wikidata.org/entity/Q4808303,war-correspondent,war-correspondent,journalist,,795,
796,http://www.wikidata.org/entity/Q4861783,war-photographer,war-photographer,opinion-journalist,,796,
797,http://www.wikidata.org/entity/Q4867137,war-correspondent,war-correspondent,journalist,,797,
798,http://www.wikidata.org/entity/Q4886659,war-correspondent,war-correspondent,journalist,,798,
799,http://www.wikidata.org/entity/Q4888370,war-correspondent,war-correspondent,journalist,,799,
800,http://www.wikidata.org/entity/Q4893308,war-correspondent,war-correspondent,journalist,,800,
801,http://www.wikidata.org/entity/Q4895101,war-photographer,journalist,photographer,,801,
802,http://www.wikidata.org/entity/Q49080,war-correspondent,war-correspondent,journalist,,802,
803,http://www.wikidata.org/entity/Q4909121,war-photographer,journalist,photographer,,803,
804,http://www.wikidata.org/entity/Q4909232,war-photographer,journalist,photographer,,804,
805,http://www.wikidata.org/entity/Q4909855,war-correspondent,war-correspondent,journalist,,805,
806,http://www.wikidata.org/entity/Q4935035,war-correspondent,war-correspondent,NA,,806,
807,http://www.wikidata.org/entity/Q493551,war-correspondent,war-correspondent,journalist,,807,
808,http://www.wikidata.org/entity/Q496027,war-photographer,journalist,photographer,,808,
809,http://www.wikidata.org/entity/Q4961554,war-photographer,war-photographer,photographer,,809,
810,http://www.wikidata.org/entity/Q4964822,war-correspondent,war-correspondent,journalist,,810,
811,http://www.wikidata.org/entity/Q4967613,war-correspondent,war-correspondent,writer,,811,
812,http://www.wikidata.org/entity/Q4972273,war-correspondent,war-correspondent,illustrator,,812,
813,http://www.wikidata.org/entity/Q4997377,war-photographer,journalist,photographer,,813,
814,http://www.wikidata.org/entity/Q5004336,war-correspondent,war-correspondent,journalist,,814,
815,http://www.wikidata.org/entity/Q5004358,war-photographer,war-photographer,photographer,,815,
816,http://www.wikidata.org/entity/Q50060717,war-correspondent,war-correspondent,journalist,,816,
817,http://www.wikidata.org/entity/Q5042832,war-correspondent,war-correspondent,journalist,,817,
818,http://www.wikidata.org/entity/Q5055977,war-correspondent,war-correspondent,journalist,,818,
819,http://www.wikidata.org/entity/Q50602896,war-correspondent,war-correspondent,writer,,819,
820,http://www.wikidata.org/entity/Q5076100,war-correspondent,war-correspondent,journalist,,820,
821,http://www.wikidata.org/entity/Q5077053,war-photographer,war-photographer,NA,,821,
822,http://www.wikidata.org/entity/Q5077336,war-photographer,journalist,photographer,,822,
823,http://www.wikidata.org/entity/Q5077626,war-photographer,journalist,photographer,,823,
824,http://www.wikidata.org/entity/Q5081793,war-correspondent,war-correspondent,journalist,,824,
825,http://www.wikidata.org/entity/Q5084065,war-correspondent,war-correspondent,journalist,,825,
826,http://www.wikidata.org/entity/Q5093771,war-correspondent,war-correspondent,journalist,,826,
827,http://www.wikidata.org/entity/Q5108247,war-correspondent,war-correspondent,writer,,827,
828,http://www.wikidata.org/entity/Q5110817,war-correspondent,war-correspondent,journalist,,828,
829,http://www.wikidata.org/entity/Q5112000,war-correspondent,war-correspondent,journalist,,829,
830,http://www.wikidata.org/entity/Q5113407,war-correspondent,war-correspondent,journalist,,830,
831,http://www.wikidata.org/entity/Q51568743,war-correspondent,war-correspondent,journalist,,831,
832,http://www.wikidata.org/entity/Q516004,war-correspondent,war-correspondent,journalist,,832,
833,http://www.wikidata.org/entity/Q5163587,war-photographer,war-photographer,photographer,,833,
834,http://www.wikidata.org/entity/Q5170787,war-photographer,journalist,photographer,,834,
835,http://www.wikidata.org/entity/Q517945,war-photographer,journalist,photographer,,835,
836,http://www.wikidata.org/entity/Q5181586,war-correspondent,war-correspondent,journalist,,836,
837,http://www.wikidata.org/entity/Q51973534,war-correspondent,war-correspondent,photographer,,837,
838,http://www.wikidata.org/entity/Q5200056,war-photographer,journalist,photographer,,838,
839,http://www.wikidata.org/entity/Q5214843,war-photographer,journalist,photographer,,839,
840,http://www.wikidata.org/entity/Q52155633,war-correspondent,war-correspondent,journalist,,840,
841,http://www.wikidata.org/entity/Q52170382,war-correspondent,war-correspondent,journalist,,841,
842,http://www.wikidata.org/entity/Q5219013,war-correspondent,war-correspondent,journalist,,842,
843,http://www.wikidata.org/entity/Q5236459,war-photographer,journalist,photographer,,843,
844,http://www.wikidata.org/entity/Q5239528,war-correspondent,war-correspondent,journalist,,844,
845,http://www.wikidata.org/entity/Q5242712,war-correspondent,war-correspondent,journalist,,845,
846,http://www.wikidata.org/entity/Q5248217,war-photographer,journalist,photographer,,846,
847,http://www.wikidata.org/entity/Q52718733,war-correspondent,war-correspondent,journalist,,847,
848,http://www.wikidata.org/entity/Q5280188,war-photographer,journalist,photographer,,848,
849,http://www.wikidata.org/entity/Q5289531,war-correspondent,war-correspondent,journalist,,849,
850,http://www.wikidata.org/entity/Q529290,war-correspondent,war-correspondent,journalist,,850,
851,http://www.wikidata.org/entity/Q5294645,war-correspondent,war-correspondent,NA,,851,
852,http://www.wikidata.org/entity/Q5341389,war-correspondent,war-correspondent,journalist,,852,
853,http://www.wikidata.org/entity/Q5346736,war-correspondent,war-correspondent,journalist,,853,
854,http://www.wikidata.org/entity/Q5347721,war-correspondent,war-correspondent,journalist,,854,
855,http://www.wikidata.org/entity/Q5363503,war-correspondent,war-correspondent,journalist,,855,
856,http://www.wikidata.org/entity/Q5365836,war-correspondent,war-correspondent,journalist,,856,
857,http://www.wikidata.org/entity/Q5386484,NA,engineer,architect,,857,
858,http://www.wikidata.org/entity/Q5387483,war-correspondent,war-correspondent,journalist,,858,
859,http://www.wikidata.org/entity/Q5392696,war-correspondent,war-correspondent,journalist,,859,
860,http://www.wikidata.org/entity/Q5415579,war-correspondent,war-correspondent,journalist,,860,
861,http://www.wikidata.org/entity/Q5441839,war-correspondent,war-correspondent,painter,,861,
862,http://www.wikidata.org/entity/Q5449215,war-correspondent,war-correspondent,journalist,,862,
863,http://www.wikidata.org/entity/Q5481891,war-correspondent,war-correspondent,journalist,,863,
864,http://www.wikidata.org/entity/Q54826186,war-photographer,war-photographer,photographer,,864,
865,http://www.wikidata.org/entity/Q5486856,war-correspondent,war-correspondent,radio-journalist,,865,
866,http://www.wikidata.org/entity/Q5488877,war-correspondent,war-correspondent,journalist,,866,
867,http://www.wikidata.org/entity/Q5490122,war-correspondent,war-correspondent,journalist,,867,
868,http://www.wikidata.org/entity/Q5493411,war-correspondent,war-correspondent,journalist,,868,
869,http://www.wikidata.org/entity/Q55101974,war-correspondent,war-correspondent,writer,,869,
870,http://www.wikidata.org/entity/Q55103590,war-correspondent,war-correspondent,journalist,,870,
871,http://www.wikidata.org/entity/Q55107461,war-correspondent,war-correspondent,writer,,871,
872,http://www.wikidata.org/entity/Q55120392,war-correspondent,war-correspondent,writer,,872,
873,http://www.wikidata.org/entity/Q551491,war-photographer,journalist,photographer,,873,
874,http://www.wikidata.org/entity/Q5516685,war-photographer,journalist,photographer,,874,
875,http://www.wikidata.org/entity/Q5525380,war-correspondent,war-correspondent,war-photographer,,875,
876,http://www.wikidata.org/entity/Q5531414,war-correspondent,war-correspondent,journalist,,876,
877,http://www.wikidata.org/entity/Q5534419,war-correspondent,war-correspondent,journalist,,877,
878,http://www.wikidata.org/entity/Q5534546,war-correspondent,war-correspondent,journalist,,878,
879,http://www.wikidata.org/entity/Q5536175,war-correspondent,war-correspondent,journalist,,879,
880,http://www.wikidata.org/entity/Q5540586,war-correspondent,war-correspondent,journalist,,880,
881,http://www.wikidata.org/entity/Q5540976,war-correspondent,war-correspondent,diplomat,,881,
882,http://www.wikidata.org/entity/Q5541147,war-correspondent,war-correspondent,journalist,,882,
883,http://www.wikidata.org/entity/Q5541704,war-correspondent,war-correspondent,journalist,,883,
884,http://www.wikidata.org/entity/Q55419434,war-correspondent,war-correspondent,journalist,,884,
885,http://www.wikidata.org/entity/Q5545900,war-correspondent,war-correspondent,journalist,,885,
886,http://www.wikidata.org/entity/Q55563652,war-correspondent,war-correspondent,NA,,886,
887,http://www.wikidata.org/entity/Q55590161,war-correspondent,war-correspondent,journalist,,887,
888,http://www.wikidata.org/entity/Q5559228,war-photographer,writer,novelist,,888,
889,http://www.wikidata.org/entity/Q55615144,war-correspondent,war-correspondent,journalist,,889,
890,http://www.wikidata.org/entity/Q55740069,war-correspondent,war-correspondent,photographer,,890,
891,http://www.wikidata.org/entity/Q5584486,war-photographer,war-photographer,photographer,,891,
892,http://www.wikidata.org/entity/Q55861570,war-correspondent,war-correspondent,journalist,,892,
893,http://www.wikidata.org/entity/Q5592398,war-correspondent,war-correspondent,journalist,,893,
894,http://www.wikidata.org/entity/Q5596934,war-correspondent,war-correspondent,military-personnel,,894,
895,http://www.wikidata.org/entity/Q56071900,war-correspondent,war-correspondent,french-resistance-fighter,,895,
896,http://www.wikidata.org/entity/Q5610253,war-correspondent,war-correspondent,journalist,,896,
897,http://www.wikidata.org/entity/Q561342,war-correspondent,war-correspondent,journalist,,897,
898,http://www.wikidata.org/entity/Q56195288,war-correspondent,war-correspondent,journalist,,898,
899,http://www.wikidata.org/entity/Q56260741,war-correspondent,war-correspondent,journalist,,899,
900,http://www.wikidata.org/entity/Q5644949,war-correspondent,war-correspondent,journalist,,900,
901,http://www.wikidata.org/entity/Q565133,war-correspondent,war-correspondent,journalist,,901,
902,http://www.wikidata.org/entity/Q5662367,war-correspondent,war-correspondent,writer,,902,
903,http://www.wikidata.org/entity/Q5676958,war-photographer,war-photographer,photographer,,903,
904,http://www.wikidata.org/entity/Q56817054,war-correspondent,war-correspondent,journalist,,904,
905,http://www.wikidata.org/entity/Q569824,war-photographer,war-photographer,photographer,,905,
906,http://www.wikidata.org/entity/Q5702619,war-correspondent,war-correspondent,journalist,,906,
907,http://www.wikidata.org/entity/Q573995,war-correspondent,war-correspondent,journalist,,907,
908,http://www.wikidata.org/entity/Q5752662,war-correspondent,war-correspondent,journalist,,908,
909,http://www.wikidata.org/entity/Q5758296,war-correspondent,war-correspondent,journalist,,909,
910,http://www.wikidata.org/entity/Q57595574,war-correspondent,war-correspondent,screenwriter,,910,
911,http://www.wikidata.org/entity/Q57781270,war-photographer,war-photographer,photographer,,911,
912,http://www.wikidata.org/entity/Q5875912,war-correspondent,war-correspondent,journalist,,912,
913,http://www.wikidata.org/entity/Q5902025,war-photographer,war-photographer,photographer,,913,
914,http://www.wikidata.org/entity/Q5920326,war-correspondent,war-correspondent,journalist,,914,
915,http://www.wikidata.org/entity/Q5921269,war-correspondent,war-correspondent,journalist,,915,
916,http://www.wikidata.org/entity/Q5928039,war-correspondent,war-correspondent,journalist,,916,
917,http://www.wikidata.org/entity/Q5940332,NA,photographer,NA,,917,
918,http://www.wikidata.org/entity/Q59525430,war-correspondent,war-correspondent,journalist,,918,
919,http://www.wikidata.org/entity/Q59526049,war-correspondent,war-correspondent,journalist,,919,
920,http://www.wikidata.org/entity/Q59526793,war-correspondent,war-correspondent,journalist,,920,
921,http://www.wikidata.org/entity/Q59528094,war-correspondent,war-correspondent,journalist,,921,
922,http://www.wikidata.org/entity/Q59628850,war-correspondent,war-correspondent,journalist,,922,
923,http://www.wikidata.org/entity/Q597124,war-correspondent,war-correspondent,painter,,923,
924,http://www.wikidata.org/entity/Q59780819,war-correspondent,war-correspondent,journalist,,924,
925,http://www.wikidata.org/entity/Q5993645,war-correspondent,war-correspondent,journalist,,925,
926,http://www.wikidata.org/entity/Q6002013,war-correspondent,war-correspondent,journalist,,926,
927,http://www.wikidata.org/entity/Q60128,war-correspondent,war-correspondent,journalist,,927,
928,http://www.wikidata.org/entity/Q60623342,war-correspondent,war-correspondent,editing-staff,,928,
929,http://www.wikidata.org/entity/Q6066318,war-correspondent,war-correspondent,journalist,,929,
930,http://www.wikidata.org/entity/Q60815900,war-correspondent,war-correspondent,lord-of-the-manor,,930,
931,http://www.wikidata.org/entity/Q60818323,war-correspondent,war-correspondent,writer,,931,
932,http://www.wikidata.org/entity/Q60819833,war-correspondent,war-correspondent,actor,,932,
933,http://www.wikidata.org/entity/Q6097562,war-correspondent,war-correspondent,journalist,,933,
934,http://www.wikidata.org/entity/Q6099790,war-correspondent,war-correspondent,journalist,,934,
935,http://www.wikidata.org/entity/Q6108333,war-correspondent,war-correspondent,journalist,,935,
936,http://www.wikidata.org/entity/Q6109396,war-photographer,war-photographer,photographer,,936,
937,http://www.wikidata.org/entity/Q6112214,war-correspondent,war-correspondent,journalist,,937,
938,http://www.wikidata.org/entity/Q6114577,war-correspondent,war-correspondent,journalist,,938,
939,http://www.wikidata.org/entity/Q6118134,war-correspondent,war-correspondent,journalist,,939,
940,http://www.wikidata.org/entity/Q6133484,war-correspondent,war-correspondent,journalist,,940,
941,http://www.wikidata.org/entity/Q6136813,war-photographer,war-photographer,photographer,,941,
942,http://www.wikidata.org/entity/Q6150576,war-photographer,journalist,photographer,,942,
943,http://www.wikidata.org/entity/Q6154487,war-correspondent,war-correspondent,journalist,,943,
944,http://www.wikidata.org/entity/Q61589051,war-correspondent,war-correspondent,journalist,,944,
945,http://www.wikidata.org/entity/Q61597,war-correspondent,war-correspondent,journalist,,945,
946,http://www.wikidata.org/entity/Q6173254,war-photographer,war-photographer,screenwriter,,946,
947,http://www.wikidata.org/entity/Q6173656,war-correspondent,war-correspondent,journalist,,947,
948,http://www.wikidata.org/entity/Q6182912,war-correspondent,war-correspondent,journalist,,948,
949,http://www.wikidata.org/entity/Q6194484,war-correspondent,war-correspondent,journalist,,949,
950,http://www.wikidata.org/entity/Q6194935,war-photographer,war-photographer,photographer,,950,
951,http://www.wikidata.org/entity/Q6200287,war-photographer,war-photographer,photographer,,951,
952,http://www.wikidata.org/entity/Q6210407,war-correspondent,war-correspondent,journalist,,952,
953,http://www.wikidata.org/entity/Q6225065,war-correspondent,war-correspondent,war-photographer,,953,
954,http://www.wikidata.org/entity/Q6232069,war-photographer,war-photographer,photographer,,954,
955,http://www.wikidata.org/entity/Q6234432,war-correspondent,war-correspondent,journalist,,955,
956,http://www.wikidata.org/entity/Q63184,war-photographer,journalist,photographer,,956,
957,http://www.wikidata.org/entity/Q63213321,war-correspondent,war-correspondent,journalist,,957,
958,http://www.wikidata.org/entity/Q63874455,war-photographer,war-photographer,filmmaker,,958,
959,http://www.wikidata.org/entity/Q6390260,war-photographer,journalist,photographer,,959,
960,http://www.wikidata.org/entity/Q639274,war-correspondent,war-correspondent,writer,,960,
961,http://www.wikidata.org/entity/Q6409915,war-correspondent,war-correspondent,journalist,,961,
962,http://www.wikidata.org/entity/Q64279448,war-photographer,war-photographer,filmmaker,,962,
963,http://www.wikidata.org/entity/Q64373656,war-photographer,war-photographer,photographer,,963,
964,http://www.wikidata.org/entity/Q64502992,war-correspondent,war-correspondent,photographer,,964,
965,http://www.wikidata.org/entity/Q64685794,war-correspondent,war-correspondent,novelist,,965,
966,http://www.wikidata.org/entity/Q64685858,war-correspondent,war-correspondent,novelist,,966,
967,http://www.wikidata.org/entity/Q6529033,war-correspondent,war-correspondent,journalist,,967,
968,http://www.wikidata.org/entity/Q6540496,war-correspondent,war-correspondent,journalist,,968,
969,http://www.wikidata.org/entity/Q6558725,war-correspondent,war-correspondent,journalist,,969,
970,http://www.wikidata.org/entity/Q65648484,war-photographer,war-photographer,photographer,,970,
971,http://www.wikidata.org/entity/Q66041141,war-correspondent,war-correspondent,journalist,,971,
972,http://www.wikidata.org/entity/Q661176,war-photographer,war-photographer,photographer,,972,
973,http://www.wikidata.org/entity/Q66487154,war-correspondent,war-correspondent,writer,,973,
974,http://www.wikidata.org/entity/Q6673853,war-correspondent,war-correspondent,journalist,,974,
975,http://www.wikidata.org/entity/Q6688023,war-photographer,war-photographer,photographer,,975,
976,http://www.wikidata.org/entity/Q6688835,war-correspondent,war-correspondent,writer,,976,
977,http://www.wikidata.org/entity/Q671985,war-correspondent,war-correspondent,journalist,,977,
978,http://www.wikidata.org/entity/Q6722979,war-correspondent,war-correspondent,journalist,,978,
979,http://www.wikidata.org/entity/Q6757208,war-correspondent,war-correspondent,journalist,,979,
980,http://www.wikidata.org/entity/Q6758045,war-photographer,war-photographer,photographer,,980,
981,http://www.wikidata.org/entity/Q6767269,war-correspondent,war-correspondent,journalist,,981,
982,http://www.wikidata.org/entity/Q6774522,war-correspondent,war-correspondent,journalist,,982,
983,http://www.wikidata.org/entity/Q6779734,war-correspondent,war-correspondent,journalist,,983,
984,http://www.wikidata.org/entity/Q6790634,war-correspondent,war-correspondent,journalist,,984,
985,http://www.wikidata.org/entity/Q6791162,war-correspondent,war-correspondent,journalist,,985,
986,http://www.wikidata.org/entity/Q6793132,war-correspondent,war-correspondent,journalist,,986,
987,http://www.wikidata.org/entity/Q6828648,war-correspondent,war-correspondent,NA,,987,
988,http://www.wikidata.org/entity/Q6829765,war-correspondent,war-correspondent,journalist,,988,
989,http://www.wikidata.org/entity/Q6830516,war-correspondent,war-correspondent,historian,,989,
990,http://www.wikidata.org/entity/Q6835217,war-correspondent,war-correspondent,screenwriter,,990,
991,http://www.wikidata.org/entity/Q6860560,war-correspondent,war-correspondent,journalist,,991,
992,http://www.wikidata.org/entity/Q6937407,war-correspondent,war-correspondent,journalist,,992,
993,http://www.wikidata.org/entity/Q6939240,war-correspondent,war-correspondent,journalist,,993,
994,http://www.wikidata.org/entity/Q6939446,NA,journalist,reporter,,994,
995,http://www.wikidata.org/entity/Q697096,war-photographer,war-photographer,photographer,,995,
996,http://www.wikidata.org/entity/Q69776,war-photographer,war-photographer,photographer,,996,
997,http://www.wikidata.org/entity/Q70016713,war-correspondent,war-correspondent,journalist,,997,
998,http://www.wikidata.org/entity/Q700323,war-correspondent,war-correspondent,journalist,,998,
999,http://www.wikidata.org/entity/Q702625,war-photographer,journalist,photographer,,999,
1000,http://www.wikidata.org/entity/Q705515,war-photographer,journalist,writer,,1000,
1001,http://www.wikidata.org/entity/Q706662,war-correspondent,war-correspondent,writer,,1001,
1002,http://www.wikidata.org/entity/Q7087149,war-photographer,war-photographer,photographer,,1002,
1003,http://www.wikidata.org/entity/Q7087680,war-correspondent,war-correspondent,NA,,1003,
1004,http://www.wikidata.org/entity/Q7088475,war-photographer,war-photographer,photographer,,1004,
1005,http://www.wikidata.org/entity/Q709579,war-correspondent,war-correspondent,writer,,1005,
1006,http://www.wikidata.org/entity/Q714739,war-correspondent,war-correspondent,journalist,,1006,
1007,http://www.wikidata.org/entity/Q7149944,war-photographer,journalist,photographer,,1007,
1008,http://www.wikidata.org/entity/Q7152590,war-photographer,journalist,NA,,1008,
1009,http://www.wikidata.org/entity/Q7153908,war-photographer,journalist,photographer,,1009,
1010,http://www.wikidata.org/entity/Q7154771,war-correspondent,war-correspondent,journalist,,1010,
1011,http://www.wikidata.org/entity/Q7177423,war-photographer,journalist,photographer,,1011,
1012,http://www.wikidata.org/entity/Q7182447,war-photographer,war-photographer,photographer,,1012,
1013,http://www.wikidata.org/entity/Q721574,war-photographer,war-photographer,photographer,,1013,
1014,http://www.wikidata.org/entity/Q72417490,NA,journalist,writer,,1014,
1015,http://www.wikidata.org/entity/Q724357,war-correspondent,war-correspondent,journalist,,1015,
1016,http://www.wikidata.org/entity/Q7274096,war-correspondent,war-correspondent,journalist,,1016,
1017,http://www.wikidata.org/entity/Q72826,war-correspondent,war-correspondent,journalist,,1017,
1018,http://www.wikidata.org/entity/Q7287683,war-correspondent,war-correspondent,journalist,,1018,
1019,http://www.wikidata.org/entity/Q7290400,war-photographer,war-photographer,photographer,,1019,
1020,http://www.wikidata.org/entity/Q7294925,war-photographer,journalist,photographer,,1020,
1021,http://www.wikidata.org/entity/Q7298605,war-correspondent,war-correspondent,NA,,1021,
1022,http://www.wikidata.org/entity/Q731139,war-correspondent,war-correspondent,journalist,,1022,
1023,http://www.wikidata.org/entity/Q7326185,war-correspondent,war-correspondent,journalist,,1023,
1024,http://www.wikidata.org/entity/Q7329477,war-correspondent,war-correspondent,journalist,,1024,
1025,http://www.wikidata.org/entity/Q73503174,war-correspondent,war-correspondent,journalist,,1025,
1026,http://www.wikidata.org/entity/Q7356508,war-photographer,war-photographer,photographer,,1026,
1027,http://www.wikidata.org/entity/Q7356522,war-photographer,journalist,photographer,,1027,
1028,http://www.wikidata.org/entity/Q7358662,war-correspondent,war-correspondent,screenwriter,,1028,
1029,http://www.wikidata.org/entity/Q7363680,war-photographer,war-photographer,photographer,,1029,
1030,http://www.wikidata.org/entity/Q7364208,war-correspondent,war-correspondent,journalist,,1030,
1031,http://www.wikidata.org/entity/Q7369539,war-correspondent,war-correspondent,journalist,,1031,
1032,http://www.wikidata.org/entity/Q737545,war-correspondent,war-correspondent,journalist,,1032,
1033,http://www.wikidata.org/entity/Q7381626,war-photographer,journalist,photographer,,1033,
1034,http://www.wikidata.org/entity/Q7384540,war-photographer,journalist,photographer,,1034,
1035,http://www.wikidata.org/entity/Q7396436,war-correspondent,war-correspondent,journalist,,1035,
1036,http://www.wikidata.org/entity/Q7405281,war-correspondent,war-correspondent,writer,,1036,
1037,http://www.wikidata.org/entity/Q7410005,war-photographer,war-photographer,photographer,,1037,
1038,http://www.wikidata.org/entity/Q7422914,war-correspondent,war-correspondent,NA,,1038,
1039,http://www.wikidata.org/entity/Q7435888,war-correspondent,war-correspondent,journalist,,1039,
1040,http://www.wikidata.org/entity/Q74465,war-correspondent,war-correspondent,journalist,,1040,
1041,http://www.wikidata.org/entity/Q74596,war-correspondent,war-correspondent,journalist,,1041,
1042,http://www.wikidata.org/entity/Q75265,war-correspondent,war-correspondent,journalist,,1042,
1043,http://www.wikidata.org/entity/Q7555580,war-correspondent,war-correspondent,journalist,,1043,
1044,http://www.wikidata.org/entity/Q75835,war-correspondent,war-correspondent,journalist,,1044,
1045,http://www.wikidata.org/entity/Q7597533,war-correspondent,war-correspondent,NA,,1045,
1046,http://www.wikidata.org/entity/Q76078273,war-correspondent,war-correspondent,journalist,,1046,
1047,http://www.wikidata.org/entity/Q7609179,war-correspondent,war-correspondent,journalist,,1047,
1048,http://www.wikidata.org/entity/Q76289129,war-correspondent,war-correspondent,military-officer,,1048,
1049,http://www.wikidata.org/entity/Q76632,war-correspondent,war-correspondent,journalist,,1049,
1050,http://www.wikidata.org/entity/Q76655843,war-correspondent,war-correspondent,engineer,,1050,
1051,http://www.wikidata.org/entity/Q766913,war-correspondent,war-correspondent,journalist,,1051,
1052,http://www.wikidata.org/entity/Q7679021,war-correspondent,war-correspondent,announcer,,1052,
1053,http://www.wikidata.org/entity/Q76935,war-photographer,journalist,writer,,1053,
1054,http://www.wikidata.org/entity/Q769468,war-correspondent,war-correspondent,journalist,,1054,
1055,http://www.wikidata.org/entity/Q77308971,war-photographer,war-photographer,photographer,,1055,
1056,http://www.wikidata.org/entity/Q77347,war-photographer,war-photographer,photographer,,1056,
1057,http://www.wikidata.org/entity/Q77475,war-correspondent,war-correspondent,journalist,,1057,
1058,http://www.wikidata.org/entity/Q77575771,war-photographer,war-photographer,photographer,,1058,
1059,http://www.wikidata.org/entity/Q77713414,war-photographer,war-photographer,NA,,1059,
1060,http://www.wikidata.org/entity/Q7788166,war-photographer,journalist,photographer,,1060,
1061,http://www.wikidata.org/entity/Q7789792,war-correspondent,war-correspondent,journalist,,1061,
1062,http://www.wikidata.org/entity/Q7803746,war-correspondent,war-correspondent,journalist,,1062,
1063,http://www.wikidata.org/entity/Q7803896,war-correspondent,war-correspondent,journalist,,1063,
1064,http://www.wikidata.org/entity/Q7815948,war-correspondent,war-correspondent,journalist,,1064,
1065,http://www.wikidata.org/entity/Q7815989,war-correspondent,war-correspondent,journalist,,1065,
1066,http://www.wikidata.org/entity/Q78185432,war-correspondent,war-correspondent,NA,,1066,
1067,http://www.wikidata.org/entity/Q7831270,war-correspondent,war-correspondent,journalist,,1067,
1068,http://www.wikidata.org/entity/Q7860035,war-photographer,journalist,photographer,,1068,
1069,http://www.wikidata.org/entity/Q786531,war-photographer,war-photographer,photographer,,1069,
1070,http://www.wikidata.org/entity/Q788563,war-correspondent,war-correspondent,journalist,,1070,
1071,http://www.wikidata.org/entity/Q79059219,war-correspondent,war-correspondent,journalist,,1071,
1072,http://www.wikidata.org/entity/Q7920769,war-photographer,war-photographer,photographer,,1072,
1073,http://www.wikidata.org/entity/Q7926046,war-photographer,war-photographer,photographer,,1073,
1074,http://www.wikidata.org/entity/Q7932728,war-correspondent,war-correspondent,journalist,,1074,
1075,http://www.wikidata.org/entity/Q7964150,war-correspondent,war-correspondent,journalist,,1075,
1076,http://www.wikidata.org/entity/Q7969034,war-correspondent,war-correspondent,journalist,,1076,
1077,http://www.wikidata.org/entity/Q7978667,war-correspondent,war-correspondent,journalist,,1077,
1078,http://www.wikidata.org/entity/Q7987177,war-correspondent,war-correspondent,journalist,,1078,
1079,http://www.wikidata.org/entity/Q8006207,war-correspondent,war-correspondent,journalist,,1079,
1080,http://www.wikidata.org/entity/Q8007849,war-correspondent,war-correspondent,journalist,,1080,
1081,http://www.wikidata.org/entity/Q8019109,war-photographer,war-photographer,military-personnel,,1081,
1082,http://www.wikidata.org/entity/Q8026045,war-correspondent,war-correspondent,journalist,,1082,
1083,http://www.wikidata.org/entity/Q8029120,war-correspondent,war-correspondent,journalist,,1083,
1084,http://www.wikidata.org/entity/Q8030035,war-correspondent,war-correspondent,journalist,,1084,
1085,http://www.wikidata.org/entity/Q8048898,war-photographer,journalist,photographer,,1085,
1086,http://www.wikidata.org/entity/Q8048904,war-photographer,journalist,photographer,,1086,
1087,http://www.wikidata.org/entity/Q80704706,war-correspondent,war-correspondent,journalist,,1087,
1088,http://www.wikidata.org/entity/Q81782603,war-photographer,war-photographer,NA,,1088,
1089,http://www.wikidata.org/entity/Q8198059,war-correspondent,war-correspondent,journalist,,1089,
1090,http://www.wikidata.org/entity/Q8201046,war-photographer,war-photographer,photographer,,1090,
1091,http://www.wikidata.org/entity/Q8263952,NA,journalist,writer,,1091,
1092,http://www.wikidata.org/entity/Q831101,war-correspondent,war-correspondent,photographer,,1092,
1093,http://www.wikidata.org/entity/Q84121088,war-photographer,war-photographer,photographer,,1093,
1094,http://www.wikidata.org/entity/Q84515001,war-correspondent,war-correspondent,writer,,1094,
1095,http://www.wikidata.org/entity/Q84593699,war-photographer,war-photographer,photographer,,1095,
1096,http://www.wikidata.org/entity/Q84714703,war-correspondent,war-correspondent,writer,,1096,
1097,http://www.wikidata.org/entity/Q84720985,war-correspondent,war-correspondent,NA,,1097,
1098,http://www.wikidata.org/entity/Q847345,war-correspondent,war-correspondent,journalist,,1098,
1099,http://www.wikidata.org/entity/Q847938,war-correspondent,war-correspondent,journalist,,1099,
1100,http://www.wikidata.org/entity/Q85136946,war-correspondent,war-correspondent,NA,,1100,
1101,http://www.wikidata.org/entity/Q85674260,war-photographer,war-photographer,NA,,1101,
1102,http://www.wikidata.org/entity/Q85867376,war-correspondent,war-correspondent,journalist,,1102,
1103,http://www.wikidata.org/entity/Q85870330,war-correspondent,war-correspondent,journalist,,1103,
1104,http://www.wikidata.org/entity/Q862297,war-correspondent,war-correspondent,journalist,,1104,
1105,http://www.wikidata.org/entity/Q862412,war-correspondent,war-correspondent,journalist,,1105,
1106,http://www.wikidata.org/entity/Q87065726,war-correspondent,war-correspondent,journalist,,1106,
1107,http://www.wikidata.org/entity/Q87082636,war-photographer,journalist,photographer,,1107,
1108,http://www.wikidata.org/entity/Q88645650,war-photographer,war-photographer,photographer,,1108,
1109,http://www.wikidata.org/entity/Q88647774,war-correspondent,war-correspondent,photographer,,1109,
1110,http://www.wikidata.org/entity/Q888256,war-correspondent,war-correspondent,journalist,,1110,
1111,http://www.wikidata.org/entity/Q888334,war-correspondent,war-correspondent,journalist,,1111,
1112,http://www.wikidata.org/entity/Q88949847,war-correspondent,war-correspondent,journalist,,1112,
1113,http://www.wikidata.org/entity/Q89017951,war-correspondent,war-correspondent,photographer,,1113,
1114,http://www.wikidata.org/entity/Q89326,war-correspondent,war-correspondent,journalist,,1114,
1115,http://www.wikidata.org/entity/Q893637,war-photographer,war-photographer,photographer,,1115,
1116,http://www.wikidata.org/entity/Q89422711,war-photographer,war-photographer,photographer,,1116,
1117,http://www.wikidata.org/entity/Q89953827,war-photographer,war-photographer,inventor,,1117,
1118,http://www.wikidata.org/entity/Q9012555,war-correspondent,war-correspondent,journalist,,1118,
1119,http://www.wikidata.org/entity/Q90730190,war-correspondent,war-correspondent,illustrator,,1119,
1120,http://www.wikidata.org/entity/Q91417,war-correspondent,war-correspondent,journalist,,1120,
1121,http://www.wikidata.org/entity/Q920364,war-photographer,journalist,photographer,,1121,
1122,http://www.wikidata.org/entity/Q920637,war-correspondent,war-correspondent,journalist,,1122,
1123,http://www.wikidata.org/entity/Q922290,war-correspondent,war-correspondent,journalist,,1123,
1124,http://www.wikidata.org/entity/Q922457,war-correspondent,war-correspondent,journalist,,1124,
1125,http://www.wikidata.org/entity/Q922484,war-correspondent,war-correspondent,journalist,,1125,
1126,http://www.wikidata.org/entity/Q922552,war-correspondent,war-correspondent,journalist,,1126,
1127,http://www.wikidata.org/entity/Q9255784,war-correspondent,war-correspondent,journalist,,1127,
1128,http://www.wikidata.org/entity/Q934682,war-correspondent,war-correspondent,journalist,,1128,
1129,http://www.wikidata.org/entity/Q934820,war-photographer,journalist,writer,,1129,
1130,http://www.wikidata.org/entity/Q9368884,war-correspondent,war-correspondent,journalist,,1130,
1131,http://www.wikidata.org/entity/Q9375652,war-correspondent,war-correspondent,journalist,,1131,
1132,http://www.wikidata.org/entity/Q937835,war-correspondent,war-correspondent,journalist,,1132,
1133,http://www.wikidata.org/entity/Q93862,war-correspondent,war-correspondent,journalist,,1133,
1134,http://www.wikidata.org/entity/Q9391722,war-correspondent,war-correspondent,journalist,,1134,
1135,http://www.wikidata.org/entity/Q940918,war-photographer,journalist,photographer,,1135,
1136,http://www.wikidata.org/entity/Q94097711,war-correspondent,war-correspondent,NA,,1136,
1137,http://www.wikidata.org/entity/Q94122149,war-correspondent,war-correspondent,writer,,1137,
1138,http://www.wikidata.org/entity/Q94130218,war-correspondent,war-correspondent,journalist,,1138,
1139,http://www.wikidata.org/entity/Q94415431,war-correspondent,war-correspondent,photographer,,1139,
1140,http://www.wikidata.org/entity/Q94426840,war-correspondent,war-correspondent,photographer,,1140,
1141,http://www.wikidata.org/entity/Q94623592,war-correspondent,war-correspondent,journalist,,1141,
1142,http://www.wikidata.org/entity/Q94850507,war-correspondent,war-correspondent,war-photographer,,1142,
1143,http://www.wikidata.org/entity/Q94879455,war-correspondent,war-correspondent,military-personnel,,1143,
1144,http://www.wikidata.org/entity/Q94893954,war-correspondent,war-correspondent,journalist,,1144,
1145,http://www.wikidata.org/entity/Q951922,war-correspondent,war-correspondent,journalist,,1145,
1146,http://www.wikidata.org/entity/Q95317128,war-photographer,war-photographer,photographer,,1146,
1147,http://www.wikidata.org/entity/Q95468941,war-correspondent,war-correspondent,reporter,,1147,
1148,http://www.wikidata.org/entity/Q958587,war-photographer,war-photographer,photographer,,1148,
1149,http://www.wikidata.org/entity/Q959600,war-correspondent,war-correspondent,journalist,,1149,
1150,http://www.wikidata.org/entity/Q960196,war-photographer,writer,photographer,,1150,
1151,http://www.wikidata.org/entity/Q96098920,war-correspondent,war-correspondent,journalist,,1151,
1152,http://www.wikidata.org/entity/Q96146039,war-correspondent,war-correspondent,journalist,,1152,
1153,http://www.wikidata.org/entity/Q96655342,war-correspondent,war-correspondent,journalist,,1153,
1154,http://www.wikidata.org/entity/Q96743044,war-correspondent,war-correspondent,journalist,,1154,
1155,http://www.wikidata.org/entity/Q96773343,war-correspondent,war-correspondent,journalist,,1155,
1156,http://www.wikidata.org/entity/Q969298,war-correspondent,war-correspondent,journalist,,1156,
1157,http://www.wikidata.org/entity/Q96978,war-correspondent,war-correspondent,journalist,,1157,
1158,http://www.wikidata.org/entity/Q97175753,war-correspondent,war-correspondent,journalist,,1158,
1159,http://www.wikidata.org/entity/Q975877,NA,journalist,writer,,1159,
1160,http://www.wikidata.org/entity/Q976238,war-correspondent,war-correspondent,journalist,,1160,
1161,http://www.wikidata.org/entity/Q980296,war-correspondent,war-correspondent,journalist,,1161,
1162,http://www.wikidata.org/entity/Q982056,war-correspondent,war-correspondent,journalist,,1162,
1163,http://www.wikidata.org/entity/Q983434,war-correspondent,war-correspondent,journalist,,1163,
1164,http://www.wikidata.org/entity/Q98665900,war-correspondent,war-correspondent,journalist,,1164,
1165,http://www.wikidata.org/entity/Q98756136,war-correspondent,war-correspondent,journalist,,1165,
1166,http://www.wikidata.org/entity/Q98848082,war-correspondent,war-correspondent,military-officer,,1166,
1167,http://www.wikidata.org/entity/Q98907949,war-correspondent,war-correspondent,journalist,,1167,
1168,http://www.wikidata.org/entity/Q99390539,war-correspondent,war-correspondent,journalist,,1168,
1169,http://www.wikidata.org/entity/Q99528903,war-correspondent,war-correspondent,NA,,1169,
1170,http://www.wikidata.org/entity/Q99626192,war-correspondent,war-correspondent,photographer,,1170,
1171,http://www.wikidata.org/entity/Q99889,war-photographer,war-photographer,photographer,,1171,
