"person_uri","organisation_uri","organisation_label","relationship"
http://www.wikidata.org/entity/Q100525,http://www.wikidata.org/entity/Q372899,Magnum Photos,membership
http://www.wikidata.org/entity/Q101110503,http://www.wikidata.org/entity/Q4424975,Smolensk State University,education
http://www.wikidata.org/entity/Q104590752,http://www.wikidata.org/entity/Q2399994,ECPAD,employment
http://www.wikidata.org/entity/Q104590752,http://www.wikidata.org/entity/Q678095,Paris Match,employment
http://www.wikidata.org/entity/Q106117785,http://www.wikidata.org/entity/Q1482505,Het Vrije Volk,employment
http://www.wikidata.org/entity/Q106117785,http://www.wikidata.org/entity/Q2063131,De Arbeiderspers,employment
http://www.wikidata.org/entity/Q106117785,http://www.wikidata.org/entity/Q47484985,Anep-Aneta,employment
http://www.wikidata.org/entity/Q1064279,http://www.wikidata.org/entity/Q106486477,University of Lorraine Faculty of Medicine,education
http://www.wikidata.org/entity/Q1064279,http://www.wikidata.org/entity/Q1714952,Kol Yisrael,employment
http://www.wikidata.org/entity/Q1064279,http://www.wikidata.org/entity/Q3268712,lycée Henri-Poincaré,education
http://www.wikidata.org/entity/Q1064279,http://www.wikidata.org/entity/Q525894,France 2,employment
http://www.wikidata.org/entity/Q1064279,http://www.wikidata.org/entity/Q686375,RMC,employment
http://www.wikidata.org/entity/Q106481431,http://www.wikidata.org/entity/Q106481434,Conflict Intelligence Team,employment
http://www.wikidata.org/entity/Q106481431,http://www.wikidata.org/entity/Q106481434,Conflict Intelligence Team,membership
http://www.wikidata.org/entity/Q106481431,http://www.wikidata.org/entity/Q4446469,Surgut State University,education
http://www.wikidata.org/entity/Q106490483,http://www.wikidata.org/entity/Q106101702,Carson City Daily Appeal,employment
http://www.wikidata.org/entity/Q106490483,http://www.wikidata.org/entity/Q106101739,Nevada Appeal,employment
http://www.wikidata.org/entity/Q106490483,http://www.wikidata.org/entity/Q1185955,"University of Nevada, Reno",education
http://www.wikidata.org/entity/Q107002,http://www.wikidata.org/entity/Q1774693,Lancing College,education
http://www.wikidata.org/entity/Q107002,http://www.wikidata.org/entity/Q2278254,Sherborne School,education
http://www.wikidata.org/entity/Q107002,http://www.wikidata.org/entity/Q3369232,Heatherley School of Fine Art,education
http://www.wikidata.org/entity/Q107002,http://www.wikidata.org/entity/Q5693502,Heath Mount School,education
http://www.wikidata.org/entity/Q107002,http://www.wikidata.org/entity/Q81090,Hertford College,education
http://www.wikidata.org/entity/Q107098092,http://www.wikidata.org/entity/Q1483704,Vkhutein,education
http://www.wikidata.org/entity/Q107098092,http://www.wikidata.org/entity/Q4430596,Artists' Union of the USSR,membership
http://www.wikidata.org/entity/Q1072114,http://www.wikidata.org/entity/Q4314796,National Academy of Visual Arts and Architecture,employment
http://www.wikidata.org/entity/Q1072114,http://www.wikidata.org/entity/Q4496242,Kharkiv Institute of Arts,employment
http://www.wikidata.org/entity/Q1072114,http://www.wikidata.org/entity/Q59421313,Higher Art School at the Imperial Academy of Arts,employment
http://www.wikidata.org/entity/Q1072114,http://www.wikidata.org/entity/Q628254,Imperial Academy of Arts,education
http://www.wikidata.org/entity/Q1072114,http://www.wikidata.org/entity/Q628254,Imperial Academy of Arts,membership
http://www.wikidata.org/entity/Q107647521,http://www.wikidata.org/entity/Q3153288,International News Service,employment
http://www.wikidata.org/entity/Q107647521,http://www.wikidata.org/entity/Q493845,United Press International,employment
http://www.wikidata.org/entity/Q1077344,http://www.wikidata.org/entity/Q1075339,Ohio University,education
http://www.wikidata.org/entity/Q1077344,http://www.wikidata.org/entity/Q1132346,North Carolina State University,education
http://www.wikidata.org/entity/Q1077344,http://www.wikidata.org/entity/Q7704982,Terry Sanford High School,education
http://www.wikidata.org/entity/Q108263442,http://www.wikidata.org/entity/Q1427385,Tygodnik Powszechny,employment
http://www.wikidata.org/entity/Q108263442,http://www.wikidata.org/entity/Q144488,University of Warsaw,education
http://www.wikidata.org/entity/Q108306133,http://www.wikidata.org/entity/Q109743508,Writers' Union of the Donetsk People's Republic,membership
http://www.wikidata.org/entity/Q108306133,http://www.wikidata.org/entity/Q112173732,Writer's Union of Lugansk People's Republic,membership
http://www.wikidata.org/entity/Q108306133,http://www.wikidata.org/entity/Q1458695,National University of Kharkiv,education
http://www.wikidata.org/entity/Q108306133,http://www.wikidata.org/entity/Q3920305,Union of Writers of Russia,membership
http://www.wikidata.org/entity/Q108321855,http://www.wikidata.org/entity/Q158689,Ministry of Public Enlightenment and Propaganda,employment
http://www.wikidata.org/entity/Q108321855,http://www.wikidata.org/entity/Q414110,"Academy of Arts, Berlin",education
http://www.wikidata.org/entity/Q108400542,http://www.wikidata.org/entity/Q118929466,"Faculty of Law, University of Baghdad",education
http://www.wikidata.org/entity/Q108400542,http://www.wikidata.org/entity/Q310842,Al-Mustansiriya University,education
http://www.wikidata.org/entity/Q108429845,http://www.wikidata.org/entity/Q192088,Eton College,education
http://www.wikidata.org/entity/Q108429845,http://www.wikidata.org/entity/Q50008,The Times,employment
http://www.wikidata.org/entity/Q108429845,http://www.wikidata.org/entity/Q7593001,St Edmund's School,education
http://www.wikidata.org/entity/Q108561804,http://www.wikidata.org/entity/Q13477,Al Jazeera,employment
http://www.wikidata.org/entity/Q108561804,http://www.wikidata.org/entity/Q285738,Al-Hayat,employment
http://www.wikidata.org/entity/Q108561804,http://www.wikidata.org/entity/Q3918518,International Islamic University Islamabad,education
http://www.wikidata.org/entity/Q108561804,http://www.wikidata.org/entity/Q3918532,University of Peshawar,education
http://www.wikidata.org/entity/Q108561804,http://www.wikidata.org/entity/Q724844,Asharq Al-Awsat,employment
http://www.wikidata.org/entity/Q108649,http://www.wikidata.org/entity/Q1378924,Eutiner Dichterkreis,membership
http://www.wikidata.org/entity/Q108649,http://www.wikidata.org/entity/Q44687,Schutzstaffel,membership
http://www.wikidata.org/entity/Q108695632,http://www.wikidata.org/entity/Q34433,University of Oxford,education
http://www.wikidata.org/entity/Q108695632,http://www.wikidata.org/entity/Q49088,Columbia University,education
http://www.wikidata.org/entity/Q109326653,http://www.wikidata.org/entity/Q28918202,À Punt,employment
http://www.wikidata.org/entity/Q109326653,http://www.wikidata.org/entity/Q2935942,Nou,employment
http://www.wikidata.org/entity/Q109326653,http://www.wikidata.org/entity/Q383568,University of Valencia,employment
http://www.wikidata.org/entity/Q109326653,http://www.wikidata.org/entity/Q43452,Autonomous University of Barcelona,education
http://www.wikidata.org/entity/Q109773247,http://www.wikidata.org/entity/Q109311159,Lycée Charlie-Chaplin (Décines-Charpieu),education
http://www.wikidata.org/entity/Q109773247,http://www.wikidata.org/entity/Q2120364,Radio France,employment
http://www.wikidata.org/entity/Q109773247,http://www.wikidata.org/entity/Q2946096,Centre universitaire d’enseignement du journalisme,education
http://www.wikidata.org/entity/Q109773247,http://www.wikidata.org/entity/Q3151959,Grenoble Institute of Political Studies,education
http://www.wikidata.org/entity/Q109773247,http://www.wikidata.org/entity/Q525894,France 2,employment
http://www.wikidata.org/entity/Q109851759,http://www.wikidata.org/entity/Q627969,University of Ottawa,education
http://www.wikidata.org/entity/Q1104100,http://www.wikidata.org/entity/Q3272069,Art Center College of Design,education
http://www.wikidata.org/entity/Q110647631,http://www.wikidata.org/entity/Q86475061,Dienst voor Legercontacten Indonesië,employment
http://www.wikidata.org/entity/Q110990047,http://www.wikidata.org/entity/Q11441498,Osaka Mainichi Shimbun,employment
http://www.wikidata.org/entity/Q110990047,http://www.wikidata.org/entity/Q3577924,Tokyo Academy of Fine Arts,education
http://www.wikidata.org/entity/Q111013476,http://www.wikidata.org/entity/Q430417,Cégep de Jonquière,education
http://www.wikidata.org/entity/Q111013476,http://www.wikidata.org/entity/Q461761,Canadian Broadcasting Corporation,employment
http://www.wikidata.org/entity/Q111288494,http://www.wikidata.org/entity/Q54829,RTVE,employment
http://www.wikidata.org/entity/Q111288494,http://www.wikidata.org/entity/Q5854722,Facultad de Ciencias Políticas y Sociología (Universidad Complutense de Madrid),education
http://www.wikidata.org/entity/Q111288494,http://www.wikidata.org/entity/Q5854766,"Faculty of Information Sciences, Complutense University of Madrid",education
http://www.wikidata.org/entity/Q111305264,http://www.wikidata.org/entity/Q15280975,Hromadske.TV,employment
http://www.wikidata.org/entity/Q111305264,http://www.wikidata.org/entity/Q485500,Radio Free Europe/Radio Liberty,employment
http://www.wikidata.org/entity/Q111305264,http://www.wikidata.org/entity/Q904463,Ukrainska Pravda,employment
http://www.wikidata.org/entity/Q111331681,http://www.wikidata.org/entity/Q15857340,Ukrainian Association of Professional Photographers,membership
http://www.wikidata.org/entity/Q111331681,http://www.wikidata.org/entity/Q2095222,Ukrainian Independent Information Agency,employment
http://www.wikidata.org/entity/Q111331681,http://www.wikidata.org/entity/Q40469,Associated Press,employment
http://www.wikidata.org/entity/Q111331681,http://www.wikidata.org/entity/Q85449,Igor Sikorsky Kyiv Polytechnic Institute,education
http://www.wikidata.org/entity/Q1113742,http://www.wikidata.org/entity/Q11148,The Guardian,employment
http://www.wikidata.org/entity/Q1113742,http://www.wikidata.org/entity/Q13717,Libération,employment
http://www.wikidata.org/entity/Q1113742,http://www.wikidata.org/entity/Q180089,The Economist,employment
http://www.wikidata.org/entity/Q1113742,http://www.wikidata.org/entity/Q192621,The Daily Telegraph,employment
http://www.wikidata.org/entity/Q1113742,http://www.wikidata.org/entity/Q193196,University College London,education
http://www.wikidata.org/entity/Q1113742,http://www.wikidata.org/entity/Q675848,University of Zagreb,education
http://www.wikidata.org/entity/Q111433321,http://www.wikidata.org/entity/Q13416137,Military University of the Ministry of Defense of the Russian Federation,education
http://www.wikidata.org/entity/Q111461680,http://www.wikidata.org/entity/Q4402655,Sergei Yesenin Ryazan State University,education
http://www.wikidata.org/entity/Q111469300,http://www.wikidata.org/entity/Q16969435,"114th Separate Guards Motorized Rifle Brigade",membership
http://www.wikidata.org/entity/Q111469300,http://www.wikidata.org/entity/Q18572033,Sputnik,employment
http://www.wikidata.org/entity/Q111469300,http://www.wikidata.org/entity/Q1967560,National Organization for the Reform of Marijuana Laws,membership
http://www.wikidata.org/entity/Q111469300,http://www.wikidata.org/entity/Q4446843,Essence of Time,membership
http://www.wikidata.org/entity/Q111685918,http://www.wikidata.org/entity/Q1819581,The Daily Telegraph,employment
http://www.wikidata.org/entity/Q111685918,http://www.wikidata.org/entity/Q4294411,Department of Information,employment
http://www.wikidata.org/entity/Q111765027,http://www.wikidata.org/entity/Q214683,TF1,employment
http://www.wikidata.org/entity/Q111765027,http://www.wikidata.org/entity/Q2399994,ECPAD,employment
http://www.wikidata.org/entity/Q111765027,http://www.wikidata.org/entity/Q3415730,RTF Télévision,employment
http://www.wikidata.org/entity/Q111765027,http://www.wikidata.org/entity/Q362280,Office de radiodiffusion télévision française,employment
http://www.wikidata.org/entity/Q111793104,http://www.wikidata.org/entity/Q505170,Leuphana University of Lüneburg,education
http://www.wikidata.org/entity/Q111838183,http://www.wikidata.org/entity/Q1960862,East Ukrainian Volodymyr Dahl National University,education
http://www.wikidata.org/entity/Q112054838,http://www.wikidata.org/entity/Q1075339,Ohio University,employment
http://www.wikidata.org/entity/Q112054838,http://www.wikidata.org/entity/Q2042418,Overseas Press Club,membership
http://www.wikidata.org/entity/Q112054838,http://www.wikidata.org/entity/Q238101,University of Minnesota,education
http://www.wikidata.org/entity/Q112054838,http://www.wikidata.org/entity/Q3550711,United Press,employment
http://www.wikidata.org/entity/Q112054838,http://www.wikidata.org/entity/Q47596,Chicago Tribune,employment
http://www.wikidata.org/entity/Q112054838,http://www.wikidata.org/entity/Q577417,Chicago Sun-Times,employment
http://www.wikidata.org/entity/Q112074603,http://www.wikidata.org/entity/Q610190,Daily Express,employment
http://www.wikidata.org/entity/Q112103588,http://www.wikidata.org/entity/Q2095955,The Courier-Mail,employment
http://www.wikidata.org/entity/Q112103588,http://www.wikidata.org/entity/Q390216,The Sydney Morning Herald,employment
http://www.wikidata.org/entity/Q112103588,http://www.wikidata.org/entity/Q487556,University of Sydney,education
http://www.wikidata.org/entity/Q112103588,http://www.wikidata.org/entity/Q7762626,The Scots College,education
http://www.wikidata.org/entity/Q112263,http://www.wikidata.org/entity/Q51985,Technische Universität Berlin,education
http://www.wikidata.org/entity/Q112326997,http://www.wikidata.org/entity/Q701165,maquis,membership
http://www.wikidata.org/entity/Q112326997,http://www.wikidata.org/entity/Q7894025,Universal Newsreel,employment
http://www.wikidata.org/entity/Q112326997,http://www.wikidata.org/entity/Q9531,British Broadcasting Corporation,employment
http://www.wikidata.org/entity/Q112546143,http://www.wikidata.org/entity/Q210534,Daily Mail,employment
http://www.wikidata.org/entity/Q112546143,http://www.wikidata.org/entity/Q610190,Daily Express,employment
http://www.wikidata.org/entity/Q1133092,http://www.wikidata.org/entity/Q1425328,USSR Union of Writers,membership
http://www.wikidata.org/entity/Q1133092,http://www.wikidata.org/entity/Q3401716,The First Saint-Petersburg Gymnasium,education
http://www.wikidata.org/entity/Q113499941,http://www.wikidata.org/entity/Q131859346,Polonia,employment
http://www.wikidata.org/entity/Q113499941,http://www.wikidata.org/entity/Q4707862,Dziennik Zachodni,employment
http://www.wikidata.org/entity/Q113499941,http://www.wikidata.org/entity/Q6001312,Ilustrowany Kurier Codzienny,employment
http://www.wikidata.org/entity/Q113499941,http://www.wikidata.org/entity/Q9396244,Światowid,employment
http://www.wikidata.org/entity/Q113703431,http://www.wikidata.org/entity/Q130879,Reuters,employment
http://www.wikidata.org/entity/Q113703431,http://www.wikidata.org/entity/Q1397143,Fars News Agency,employment
http://www.wikidata.org/entity/Q113703431,http://www.wikidata.org/entity/Q1475722,Mehr News Agency,employment
http://www.wikidata.org/entity/Q113841599,http://www.wikidata.org/entity/Q3148456,Il Foglio,employment
http://www.wikidata.org/entity/Q113841599,http://www.wikidata.org/entity/Q3831975,L.S.S. Camillo Cavour,education
http://www.wikidata.org/entity/Q113841599,http://www.wikidata.org/entity/Q959524,Bocconi University,education
http://www.wikidata.org/entity/Q114404304,http://www.wikidata.org/entity/Q1458675,National Film School in Łódź,education
http://www.wikidata.org/entity/Q114404304,http://www.wikidata.org/entity/Q189441,Jagiellonian University,education
http://www.wikidata.org/entity/Q114515974,http://www.wikidata.org/entity/Q40469,Associated Press,employment
http://www.wikidata.org/entity/Q114515974,http://www.wikidata.org/entity/Q493294,Technical University of Civil Engineering of Bucharest,education
http://www.wikidata.org/entity/Q11488414,http://www.wikidata.org/entity/Q1323040,Hosei University,education
http://www.wikidata.org/entity/Q115037452,http://www.wikidata.org/entity/Q1096870,Index,employment
http://www.wikidata.org/entity/Q115037452,http://www.wikidata.org/entity/Q545531,Heti Világgazdaság,employment
http://www.wikidata.org/entity/Q115037452,http://www.wikidata.org/entity/Q98924172,telex.hu,employment
http://www.wikidata.org/entity/Q115324718,http://www.wikidata.org/entity/Q6296271,Journalists' Union of the Athens Daily Newspapers,membership
http://www.wikidata.org/entity/Q115324718,http://www.wikidata.org/entity/Q953421,Panteion University,education
http://www.wikidata.org/entity/Q115407029,http://www.wikidata.org/entity/Q649695,Islamic Republic News Agency,employment
http://www.wikidata.org/entity/Q115408489,http://www.wikidata.org/entity/Q5962370,Jihad Sazandegi,employment
http://www.wikidata.org/entity/Q115408489,http://www.wikidata.org/entity/Q649695,Islamic Republic News Agency,employment
http://www.wikidata.org/entity/Q115408555,http://www.wikidata.org/entity/Q271110,Islamic Revolutionary Guard Corps,employment
http://www.wikidata.org/entity/Q115408555,http://www.wikidata.org/entity/Q737835,University of Tehran,education
http://www.wikidata.org/entity/Q115409015,http://www.wikidata.org/entity/Q1674127,Islamic Republic of Iran Broadcasting,employment
http://www.wikidata.org/entity/Q115409015,http://www.wikidata.org/entity/Q5962370,Jihad Sazandegi,employment
http://www.wikidata.org/entity/Q11562820,http://www.wikidata.org/entity/Q1539129,Meiji Gakuin University,education
http://www.wikidata.org/entity/Q1158512,http://www.wikidata.org/entity/Q5109373,St Mary's College,education
http://www.wikidata.org/entity/Q1158512,http://www.wikidata.org/entity/Q7593891,St Kevin's College,education
http://www.wikidata.org/entity/Q1158512,http://www.wikidata.org/entity/Q7595467,St Stanislaus' College,education
http://www.wikidata.org/entity/Q115963230,http://www.wikidata.org/entity/Q40464,Agence France-Presse,employment
http://www.wikidata.org/entity/Q116009710,http://www.wikidata.org/entity/Q1190356,RTBF,employment
http://www.wikidata.org/entity/Q116009710,http://www.wikidata.org/entity/Q1502191,Graduate Institute of International Studies,education
http://www.wikidata.org/entity/Q116062773,http://www.wikidata.org/entity/Q1540876,Saint Petersburg State University of Cinema and Television,education
http://www.wikidata.org/entity/Q116062773,http://www.wikidata.org/entity/Q223799,TASS,employment
http://www.wikidata.org/entity/Q116062773,http://www.wikidata.org/entity/Q4110185,Вечерний Ленинград,employment
http://www.wikidata.org/entity/Q116062773,http://www.wikidata.org/entity/Q4146886,State Museum of the History of St. Petersburg,employment
http://www.wikidata.org/entity/Q116062773,http://www.wikidata.org/entity/Q4430490,Union of Soviet Journalists,membership
http://www.wikidata.org/entity/Q116062773,http://www.wikidata.org/entity/Q951623,Sovetskaya Rossiya,employment
http://www.wikidata.org/entity/Q116173859,http://www.wikidata.org/entity/Q111028947,The Kyiv Independent,employment
http://www.wikidata.org/entity/Q116173859,http://www.wikidata.org/entity/Q17584319,Ukraine News Today,employment
http://www.wikidata.org/entity/Q116173859,http://www.wikidata.org/entity/Q1795015,Kyiv Post,employment
http://www.wikidata.org/entity/Q116173859,http://www.wikidata.org/entity/Q4281580,Mariupol State University,education
http://www.wikidata.org/entity/Q117121102,http://www.wikidata.org/entity/Q1065,United Nations,employment
http://www.wikidata.org/entity/Q117121102,http://www.wikidata.org/entity/Q35525,White House,employment
http://www.wikidata.org/entity/Q117121102,http://www.wikidata.org/entity/Q40469,Associated Press,employment
http://www.wikidata.org/entity/Q11715707,http://www.wikidata.org/entity/Q11833454,Radio Plus,employment
http://www.wikidata.org/entity/Q11715707,http://www.wikidata.org/entity/Q129110,Telewizja Polska,employment
http://www.wikidata.org/entity/Q11715707,http://www.wikidata.org/entity/Q1416331,Cardinal Stefan Wyszyński University in Warsaw,employment
http://www.wikidata.org/entity/Q11715707,http://www.wikidata.org/entity/Q144488,University of Warsaw,employment
http://www.wikidata.org/entity/Q11715707,http://www.wikidata.org/entity/Q1736541,Gdańsk Shipyard,employment
http://www.wikidata.org/entity/Q11715707,http://www.wikidata.org/entity/Q174240,Transparency International,employment
http://www.wikidata.org/entity/Q11715707,http://www.wikidata.org/entity/Q175529,John Paul II Catholic University of Lublin,education
http://www.wikidata.org/entity/Q11715707,http://www.wikidata.org/entity/Q2164678,Rzeczpospolita,employment
http://www.wikidata.org/entity/Q11715707,http://www.wikidata.org/entity/Q2339220,Urząd Ochrony Państwa,employment
http://www.wikidata.org/entity/Q11715707,http://www.wikidata.org/entity/Q3888048,Gazeta Polska,employment
http://www.wikidata.org/entity/Q11715707,http://www.wikidata.org/entity/Q393231,Życie Warszawy,employment
http://www.wikidata.org/entity/Q11715707,http://www.wikidata.org/entity/Q446161,TV Puls,employment
http://www.wikidata.org/entity/Q11715707,http://www.wikidata.org/entity/Q741296,Gazeta Wyborcza,employment
http://www.wikidata.org/entity/Q11715707,http://www.wikidata.org/entity/Q9356563,Telewizyjna Agencja Informacyjna,employment
http://www.wikidata.org/entity/Q11715707,http://www.wikidata.org/entity/Q9380729,Higher School of Journalism in Warsaw,employment
http://www.wikidata.org/entity/Q11715707,http://www.wikidata.org/entity/Q9397665,Życie,employment
http://www.wikidata.org/entity/Q11715707,http://www.wikidata.org/entity/Q953299,Wyższa Szkoła Biznesu – National-Louis University,employment
http://www.wikidata.org/entity/Q117220565,http://www.wikidata.org/entity/Q271110,Islamic Revolutionary Guard Corps,employment
http://www.wikidata.org/entity/Q11749538,http://www.wikidata.org/entity/Q144488,University of Warsaw,employment
http://www.wikidata.org/entity/Q11749538,http://www.wikidata.org/entity/Q189441,Jagiellonian University,employment
http://www.wikidata.org/entity/Q11749538,http://www.wikidata.org/entity/Q9379440,Faculty of Physics of the University of Warsaw,education
http://www.wikidata.org/entity/Q117819787,http://www.wikidata.org/entity/Q193510,University of Padua,education
http://www.wikidata.org/entity/Q118876501,http://www.wikidata.org/entity/Q11220,United States Navy,employment
http://www.wikidata.org/entity/Q118876501,http://www.wikidata.org/entity/Q658626,Office of Strategic Services,employment
http://www.wikidata.org/entity/Q118876501,http://www.wikidata.org/entity/Q7014854,New York World-Telegram,employment
http://www.wikidata.org/entity/Q118876501,http://www.wikidata.org/entity/Q7053826,North American Newspaper Alliance,employment
http://www.wikidata.org/entity/Q11904754,http://www.wikidata.org/entity/Q12465,Avui,employment
http://www.wikidata.org/entity/Q11904754,http://www.wikidata.org/entity/Q219615,University of Barcelona,employment
http://www.wikidata.org/entity/Q11904754,http://www.wikidata.org/entity/Q43452,Autonomous University of Barcelona,education
http://www.wikidata.org/entity/Q11904754,http://www.wikidata.org/entity/Q565444,Tele/eXpres,employment
http://www.wikidata.org/entity/Q120085,http://www.wikidata.org/entity/Q1109549,Collier's,employment
http://www.wikidata.org/entity/Q120085,http://www.wikidata.org/entity/Q1329873,The New Republic,employment
http://www.wikidata.org/entity/Q120085,http://www.wikidata.org/entity/Q1542536,The Atlantic,employment
http://www.wikidata.org/entity/Q120085,http://www.wikidata.org/entity/Q3550711,United Press,employment
http://www.wikidata.org/entity/Q120085,http://www.wikidata.org/entity/Q6224030,John Burroughs School,education
http://www.wikidata.org/entity/Q120085,http://www.wikidata.org/entity/Q995265,Bryn Mawr College,education
http://www.wikidata.org/entity/Q120615740,http://www.wikidata.org/entity/Q166180,France 24,employment
http://www.wikidata.org/entity/Q12105929,http://www.wikidata.org/entity/Q12166967,Kharkiv Electromechanical Plant,employment
http://www.wikidata.org/entity/Q12105929,http://www.wikidata.org/entity/Q4314796,National Academy of Visual Arts and Architecture,education
http://www.wikidata.org/entity/Q12105929,http://www.wikidata.org/entity/Q4314796,National Academy of Visual Arts and Architecture,employment
http://www.wikidata.org/entity/Q12105929,http://www.wikidata.org/entity/Q4315103,National Union of Artists of Ukraine,membership
http://www.wikidata.org/entity/Q12105929,http://www.wikidata.org/entity/Q7167897,Perets',employment
http://www.wikidata.org/entity/Q12133605,http://www.wikidata.org/entity/Q1130457,Gerasimov Institute of Cinematography,education
http://www.wikidata.org/entity/Q12133605,http://www.wikidata.org/entity/Q12166950,institut d'éducation populaire de Kharkov,education
http://www.wikidata.org/entity/Q12133605,http://www.wikidata.org/entity/Q2030806,National Writers' Union of Ukraine,membership
http://www.wikidata.org/entity/Q12171471,http://www.wikidata.org/entity/Q12074611,"Taras Shevchenko National University of Kyiv, Institute of Journalism",education
http://www.wikidata.org/entity/Q12171471,http://www.wikidata.org/entity/Q1989628,Oles Honchar Dnipro National University,education
http://www.wikidata.org/entity/Q122665124,http://www.wikidata.org/entity/Q1145731,University of Technology Sydney,education
http://www.wikidata.org/entity/Q12281166,http://www.wikidata.org/entity/Q658975,University of Lausanne,education
http://www.wikidata.org/entity/Q12298530,http://www.wikidata.org/entity/Q2027233,reserve officers academy,education
http://www.wikidata.org/entity/Q12298530,http://www.wikidata.org/entity/Q20498506,Union of Bulgarian Journalists,membership
http://www.wikidata.org/entity/Q12298530,http://www.wikidata.org/entity/Q2652164,Writers Union of Bulgaria,membership
http://www.wikidata.org/entity/Q1230935,http://www.wikidata.org/entity/Q1425328,USSR Union of Writers,membership
http://www.wikidata.org/entity/Q123110455,http://www.wikidata.org/entity/Q1050307,Catalunya Ràdio,employment
http://www.wikidata.org/entity/Q123110455,http://www.wikidata.org/entity/Q219615,University of Barcelona,education
http://www.wikidata.org/entity/Q123110455,http://www.wikidata.org/entity/Q3323383,Corporació Catalana de Mitjans Audiovisuals,employment
http://www.wikidata.org/entity/Q123110455,http://www.wikidata.org/entity/Q43452,Autonomous University of Barcelona,education
http://www.wikidata.org/entity/Q123110455,http://www.wikidata.org/entity/Q935960,TV3,employment
http://www.wikidata.org/entity/Q12328239,http://www.wikidata.org/entity/Q2166335,University of Southern Denmark,education
http://www.wikidata.org/entity/Q123352,http://www.wikidata.org/entity/Q131478,Der Spiegel,employment
http://www.wikidata.org/entity/Q123352,http://www.wikidata.org/entity/Q156725,University of Hamburg,education
http://www.wikidata.org/entity/Q123352,http://www.wikidata.org/entity/Q158322,Stern,employment
http://www.wikidata.org/entity/Q123414022,http://www.wikidata.org/entity/Q1397143,Fars News Agency,employment
http://www.wikidata.org/entity/Q123414022,http://www.wikidata.org/entity/Q17070845,Tasnim News Agency,employment
http://www.wikidata.org/entity/Q123531486,http://www.wikidata.org/entity/Q130879,Reuters,employment
http://www.wikidata.org/entity/Q123531486,http://www.wikidata.org/entity/Q7374234,Royal Grammar School,education
http://www.wikidata.org/entity/Q123605962,http://www.wikidata.org/entity/Q13717,Libération,employment
http://www.wikidata.org/entity/Q123605962,http://www.wikidata.org/entity/Q1788906,L'Orient-Le Jour,employment
http://www.wikidata.org/entity/Q123605962,http://www.wikidata.org/entity/Q245247,King's College London,education
http://www.wikidata.org/entity/Q123605962,http://www.wikidata.org/entity/Q3152163,Institut des hautes études des communications sociales,education
http://www.wikidata.org/entity/Q123605962,http://www.wikidata.org/entity/Q3205137,L'Écho,employment
http://www.wikidata.org/entity/Q123605962,http://www.wikidata.org/entity/Q5225567,Dart Center for Journalism and Trauma,education
http://www.wikidata.org/entity/Q1238249,http://www.wikidata.org/entity/Q1592074,Lafayette College,education
http://www.wikidata.org/entity/Q1238249,http://www.wikidata.org/entity/Q926749,Lycée Condorcet,education
http://www.wikidata.org/entity/Q1238740,http://www.wikidata.org/entity/Q13371,Harvard University,education
http://www.wikidata.org/entity/Q1238740,http://www.wikidata.org/entity/Q7059380,Northfield Mount Hermon School,education
http://www.wikidata.org/entity/Q1239329,http://www.wikidata.org/entity/Q15228885,Arts and Media School Islington,education
http://www.wikidata.org/entity/Q12411282,http://www.wikidata.org/entity/Q4026048,HaHadashot 12,employment
http://www.wikidata.org/entity/Q124158563,http://www.wikidata.org/entity/Q2429494,Television of Catalonia,employment
http://www.wikidata.org/entity/Q124343135,http://www.wikidata.org/entity/Q221653,Utrecht University,education
http://www.wikidata.org/entity/Q124343135,http://www.wikidata.org/entity/Q689481,Nederlands Dagblad,employment
http://www.wikidata.org/entity/Q124518825,http://www.wikidata.org/entity/Q26683,Palestine Liberation Organization,membership
http://www.wikidata.org/entity/Q124625819,http://www.wikidata.org/entity/Q13164,Lomonosov Moscow State University,education
http://www.wikidata.org/entity/Q124625819,http://www.wikidata.org/entity/Q30889494,"25 January Committee",membership
http://www.wikidata.org/entity/Q125157034,http://www.wikidata.org/entity/Q30889494,"25 January Committee",membership
http://www.wikidata.org/entity/Q125357637,http://www.wikidata.org/entity/Q104481518,State University of Economics and Technology,education
http://www.wikidata.org/entity/Q125523559,http://www.wikidata.org/entity/Q5338172,Edinburgh College of Art,education
http://www.wikidata.org/entity/Q125526373,http://www.wikidata.org/entity/Q493845,United Press International,employment
http://www.wikidata.org/entity/Q125535046,http://www.wikidata.org/entity/Q4439029,Stavropol State University,education
http://www.wikidata.org/entity/Q125649890,http://www.wikidata.org/entity/Q1022995,CBS Radio,employment
http://www.wikidata.org/entity/Q125649890,http://www.wikidata.org/entity/Q1342484,Robert College,education
http://www.wikidata.org/entity/Q125649890,http://www.wikidata.org/entity/Q49166,Williams College,education
http://www.wikidata.org/entity/Q125649890,http://www.wikidata.org/entity/Q5250893,Deerfield Academy,education
http://www.wikidata.org/entity/Q125649890,http://www.wikidata.org/entity/Q81173,Exeter College,education
http://www.wikidata.org/entity/Q125649890,http://www.wikidata.org/entity/Q9684,The New York Times,employment
http://www.wikidata.org/entity/Q12645802,http://www.wikidata.org/entity/Q12627213,"Faculty of Architecture, University of Zagreb",education
http://www.wikidata.org/entity/Q12727590,http://www.wikidata.org/entity/Q608338,University of Bucharest,education
http://www.wikidata.org/entity/Q1274616,http://www.wikidata.org/entity/Q1034225,Harvard Divinity School,education
http://www.wikidata.org/entity/Q1274616,http://www.wikidata.org/entity/Q1191335,Colgate University,education
http://www.wikidata.org/entity/Q1274616,http://www.wikidata.org/entity/Q13371,Harvard University,education
http://www.wikidata.org/entity/Q1274616,http://www.wikidata.org/entity/Q193156,Ralph Nader,employment
http://www.wikidata.org/entity/Q1274616,http://www.wikidata.org/entity/Q49088,Columbia University,employment
http://www.wikidata.org/entity/Q1274616,http://www.wikidata.org/entity/Q5325320,Eaglebrook School,education
http://www.wikidata.org/entity/Q12749616,http://www.wikidata.org/entity/Q1251605,RTV BK Telecom,employment
http://www.wikidata.org/entity/Q12749616,http://www.wikidata.org/entity/Q1260719,Association of Writers of Serbia,membership
http://www.wikidata.org/entity/Q12749616,http://www.wikidata.org/entity/Q1261822,Ninth Belgrade Gymnasium,education
http://www.wikidata.org/entity/Q12749616,http://www.wikidata.org/entity/Q1284050,Televizija OBN,employment
http://www.wikidata.org/entity/Q12749616,http://www.wikidata.org/entity/Q3512609,TV Košava,employment
http://www.wikidata.org/entity/Q12749616,http://www.wikidata.org/entity/Q366621,Happy TV,employment
http://www.wikidata.org/entity/Q12751155,http://www.wikidata.org/entity/Q1126523,Faculty of Dramatic Arts of Belgrade,education
http://www.wikidata.org/entity/Q12792181,http://www.wikidata.org/entity/Q266063,Slovenian Academy of Sciences and Arts,membership
http://www.wikidata.org/entity/Q12792181,http://www.wikidata.org/entity/Q472316,University of Nottingham,employment
http://www.wikidata.org/entity/Q128799375,http://www.wikidata.org/entity/Q11149,The Independent,employment
http://www.wikidata.org/entity/Q128799375,http://www.wikidata.org/entity/Q1943651,The i Paper,employment
http://www.wikidata.org/entity/Q128799375,http://www.wikidata.org/entity/Q210534,Daily Mail,employment
http://www.wikidata.org/entity/Q128799375,http://www.wikidata.org/entity/Q7812185,Today,employment
http://www.wikidata.org/entity/Q129623550,http://www.wikidata.org/entity/Q1517401,Tavrida National V.I. Vernadsky University,education
http://www.wikidata.org/entity/Q130211524,http://www.wikidata.org/entity/Q2031151,Prensa Latina,employment
http://www.wikidata.org/entity/Q130211524,http://www.wikidata.org/entity/Q2496821,La Jornada,employment
http://www.wikidata.org/entity/Q130211524,http://www.wikidata.org/entity/Q310659,TeleSUR,membership
http://www.wikidata.org/entity/Q130211524,http://www.wikidata.org/entity/Q7894273,Universidad Externado de Colombia,education
http://www.wikidata.org/entity/Q1304314,http://www.wikidata.org/entity/Q1307345,University of Maine,education
http://www.wikidata.org/entity/Q130551164,http://www.wikidata.org/entity/Q11614305,Shipping Headquarters,employment
http://www.wikidata.org/entity/Q130551164,http://www.wikidata.org/entity/Q906959,Chugoku Shimbun,employment
http://www.wikidata.org/entity/Q131140024,http://www.wikidata.org/entity/Q112173732,Writer's Union of Lugansk People's Republic,membership
http://www.wikidata.org/entity/Q131324277,http://www.wikidata.org/entity/Q186223,South Ukraine Nuclear Power Plant,employment
http://www.wikidata.org/entity/Q131673338,http://www.wikidata.org/entity/Q798854,IDF Radio,employment
http://www.wikidata.org/entity/Q1324581,http://www.wikidata.org/entity/Q4851470,Ballarat High School,education
http://www.wikidata.org/entity/Q133253582,http://www.wikidata.org/entity/Q1097810,Moldova State University,education
http://www.wikidata.org/entity/Q133277817,http://www.wikidata.org/entity/Q129110,Telewizja Polska,employment
http://www.wikidata.org/entity/Q133277817,http://www.wikidata.org/entity/Q144488,University of Warsaw,education
http://www.wikidata.org/entity/Q133277817,http://www.wikidata.org/entity/Q2385689,TVN24,employment
http://www.wikidata.org/entity/Q133278033,http://www.wikidata.org/entity/Q4144467,Horlivka Institute for Foreign Languages,education
http://www.wikidata.org/entity/Q133284665,http://www.wikidata.org/entity/Q493353,Federal Ministry of Defence of Germany,employment
http://www.wikidata.org/entity/Q133653,http://www.wikidata.org/entity/Q108535489,Reuters TV,employment
http://www.wikidata.org/entity/Q133653,http://www.wikidata.org/entity/Q1210241,ITN,employment
http://www.wikidata.org/entity/Q133653,http://www.wikidata.org/entity/Q13974,NBC,employment
http://www.wikidata.org/entity/Q133653,http://www.wikidata.org/entity/Q166400,European Broadcasting Union,employment
http://www.wikidata.org/entity/Q133653,http://www.wikidata.org/entity/Q166419,Fox Broadcasting Company,employment
http://www.wikidata.org/entity/Q133653,http://www.wikidata.org/entity/Q2021166,University of Natal,education
http://www.wikidata.org/entity/Q133653,http://www.wikidata.org/entity/Q2288792,Sinclair Broadcast Group,employment
http://www.wikidata.org/entity/Q133653,http://www.wikidata.org/entity/Q2734852,GMTV,employment
http://www.wikidata.org/entity/Q133653,http://www.wikidata.org/entity/Q287171,ABC News,employment
http://www.wikidata.org/entity/Q133653,http://www.wikidata.org/entity/Q48340,CNN,employment
http://www.wikidata.org/entity/Q133653,http://www.wikidata.org/entity/Q5209317,Daily News,employment
http://www.wikidata.org/entity/Q133653,http://www.wikidata.org/entity/Q861764,CBS News,employment
http://www.wikidata.org/entity/Q133653,http://www.wikidata.org/entity/Q918390,Sky Group,employment
http://www.wikidata.org/entity/Q1348644,http://www.wikidata.org/entity/Q40469,Associated Press,employment
http://www.wikidata.org/entity/Q1348644,http://www.wikidata.org/entity/Q463198,Life,employment
http://www.wikidata.org/entity/Q1348644,http://www.wikidata.org/entity/Q610190,Daily Express,employment
http://www.wikidata.org/entity/Q135270950,http://www.wikidata.org/entity/Q112107737,Far Eastern State University,education
http://www.wikidata.org/entity/Q135493752,http://www.wikidata.org/entity/Q110729368,The Herald,employment
http://www.wikidata.org/entity/Q135493752,http://www.wikidata.org/entity/Q1478700,The Australian,employment
http://www.wikidata.org/entity/Q135493752,http://www.wikidata.org/entity/Q432475,University of Canterbury,education
http://www.wikidata.org/entity/Q135493752,http://www.wikidata.org/entity/Q7570855,Southland Boys' High School,education
http://www.wikidata.org/entity/Q135493752,http://www.wikidata.org/entity/Q7714229,The Argus,employment
http://www.wikidata.org/entity/Q13560405,http://www.wikidata.org/entity/Q532494,New York Herald Tribune,employment
http://www.wikidata.org/entity/Q13560889,http://www.wikidata.org/entity/Q7600472,Staples High School,education
http://www.wikidata.org/entity/Q13560889,http://www.wikidata.org/entity/Q838330,University of Wisconsin–Madison,education
http://www.wikidata.org/entity/Q13562982,http://www.wikidata.org/entity/Q211374,New York Post,employment
http://www.wikidata.org/entity/Q13562982,http://www.wikidata.org/entity/Q5747151,Heterodoxy,membership
http://www.wikidata.org/entity/Q13562982,http://www.wikidata.org/entity/Q623009,National Woman's Party,membership
http://www.wikidata.org/entity/Q135760626,http://www.wikidata.org/entity/Q16670710,Leningrad State Institute of Journalism,education
http://www.wikidata.org/entity/Q136008850,http://www.wikidata.org/entity/Q130877,Black Hand,membership
http://www.wikidata.org/entity/Q136008850,http://www.wikidata.org/entity/Q622683,University of Graz,education
http://www.wikidata.org/entity/Q136008850,http://www.wikidata.org/entity/Q675848,University of Zagreb,education
http://www.wikidata.org/entity/Q136213693,http://www.wikidata.org/entity/Q129762338,Rīgas Mākslas filmu studija,employment
http://www.wikidata.org/entity/Q136213693,http://www.wikidata.org/entity/Q1512969,VEF,employment
http://www.wikidata.org/entity/Q136213693,http://www.wikidata.org/entity/Q16351446,Liepājas Valsts tehnikums,education
http://www.wikidata.org/entity/Q136213693,http://www.wikidata.org/entity/Q1807092,Latvijas Radio,employment
http://www.wikidata.org/entity/Q136213693,http://www.wikidata.org/entity/Q498407,University of Latvia,education
http://www.wikidata.org/entity/Q1363814,http://www.wikidata.org/entity/Q192088,Eton College,education
http://www.wikidata.org/entity/Q1363814,http://www.wikidata.org/entity/Q332342,Trinity College,education
http://www.wikidata.org/entity/Q136386664,http://www.wikidata.org/entity/Q183644,Pravda,employment
http://www.wikidata.org/entity/Q136631472,http://www.wikidata.org/entity/Q136654821,Latvija. Ministerium für öffentliche Angelegenheite,employment
http://www.wikidata.org/entity/Q136631472,http://www.wikidata.org/entity/Q5764666,"University of Latvia, Faculty of Law",education
http://www.wikidata.org/entity/Q136631472,http://www.wikidata.org/entity/Q6112208,Lycée Français de Riga,education
http://www.wikidata.org/entity/Q1371063,http://www.wikidata.org/entity/Q193755,United States Geological Survey,employment
http://www.wikidata.org/entity/Q1371063,http://www.wikidata.org/entity/Q63185026,Mathew Brady Studio,employment
http://www.wikidata.org/entity/Q137532874,http://www.wikidata.org/entity/Q1780189,Kommersant,employment
http://www.wikidata.org/entity/Q137532874,http://www.wikidata.org/entity/Q4151629,Gudok,employment
http://www.wikidata.org/entity/Q137532874,http://www.wikidata.org/entity/Q4480746,MSU Faculty of Journalism,education
http://www.wikidata.org/entity/Q137532874,http://www.wikidata.org/entity/Q595181,gazeta.ru,employment
http://www.wikidata.org/entity/Q138846,http://www.wikidata.org/entity/Q1191335,Colgate University,education
http://www.wikidata.org/entity/Q138846,http://www.wikidata.org/entity/Q7712997,The Albany Academy,education
http://www.wikidata.org/entity/Q1388736,http://www.wikidata.org/entity/Q107051261,Deutsche Vierteljahrsschrift,employment
http://www.wikidata.org/entity/Q1388736,http://www.wikidata.org/entity/Q1432339,Allgemeine Zeitung,employment
http://www.wikidata.org/entity/Q1388736,http://www.wikidata.org/entity/Q151510,Heidelberg University,education
http://www.wikidata.org/entity/Q1388736,http://www.wikidata.org/entity/Q1795887,Kölnische Zeitung,employment
http://www.wikidata.org/entity/Q1388736,http://www.wikidata.org/entity/Q2528944,Vitzthum-Gymnasium Dresden,education
http://www.wikidata.org/entity/Q1388736,http://www.wikidata.org/entity/Q55044,Ludwig-Maximilians-Universität München,education
http://www.wikidata.org/entity/Q1388736,http://www.wikidata.org/entity/Q693744,German National Association,membership
http://www.wikidata.org/entity/Q1392250,http://www.wikidata.org/entity/Q201492,McGill University,education
http://www.wikidata.org/entity/Q1392250,http://www.wikidata.org/entity/Q5763164,Hillhead High School,education
http://www.wikidata.org/entity/Q139545676,http://www.wikidata.org/entity/Q485500,Radio Free Europe/Radio Liberty,employment
http://www.wikidata.org/entity/Q139545676,http://www.wikidata.org/entity/Q532494,New York Herald Tribune,employment
http://www.wikidata.org/entity/Q142025,http://www.wikidata.org/entity/Q7960459,Waitaki Boys' High School,education
http://www.wikidata.org/entity/Q1452890,http://www.wikidata.org/entity/Q3443159,University of the Sciences in Philadelphia,education
http://www.wikidata.org/entity/Q14588770,http://www.wikidata.org/entity/Q1136919,Iowa State University,education
http://www.wikidata.org/entity/Q1483880,http://www.wikidata.org/entity/Q372899,Magnum Photos,employment
http://www.wikidata.org/entity/Q1483880,http://www.wikidata.org/entity/Q372989,Fortune,employment
http://www.wikidata.org/entity/Q1483880,http://www.wikidata.org/entity/Q463198,Life,employment
http://www.wikidata.org/entity/Q15071250,http://www.wikidata.org/entity/Q13416137,Military University of the Ministry of Defense of the Russian Federation,education
http://www.wikidata.org/entity/Q15071250,http://www.wikidata.org/entity/Q223799,TASS,employment
http://www.wikidata.org/entity/Q15071250,http://www.wikidata.org/entity/Q4271124,Lvov Military Political High School,education
http://www.wikidata.org/entity/Q15071250,http://www.wikidata.org/entity/Q4316258,Nezavisimoye Voyennoye Obozreniye,employment
http://www.wikidata.org/entity/Q15071250,http://www.wikidata.org/entity/Q4330151,Obshchaya Gazeta,employment
http://www.wikidata.org/entity/Q15071250,http://www.wikidata.org/entity/Q753932,Izvestia,employment
http://www.wikidata.org/entity/Q15071250,http://www.wikidata.org/entity/Q821172,RIA Novosti,employment
http://www.wikidata.org/entity/Q15127495,http://www.wikidata.org/entity/Q19912,Radio France Internationale,employment
http://www.wikidata.org/entity/Q15127495,http://www.wikidata.org/entity/Q2201536,Medi 1 radio,employment
http://www.wikidata.org/entity/Q15127495,http://www.wikidata.org/entity/Q3080636,France Bleu Belfort Montbéliard,employment
http://www.wikidata.org/entity/Q15127495,http://www.wikidata.org/entity/Q3221864,Le Courrier cauchois,employment
http://www.wikidata.org/entity/Q15127495,http://www.wikidata.org/entity/Q3246681,École supérieure de journalisme de Paris,education
http://www.wikidata.org/entity/Q15127495,http://www.wikidata.org/entity/Q3546778,Témoignage chrétien,employment
http://www.wikidata.org/entity/Q15127495,http://www.wikidata.org/entity/Q660769,Ouest-France,employment
http://www.wikidata.org/entity/Q15149827,http://www.wikidata.org/entity/Q1583249,USC School of Cinematic Arts,education
http://www.wikidata.org/entity/Q15149827,http://www.wikidata.org/entity/Q4614,University of Southern California,education
http://www.wikidata.org/entity/Q1523446,http://www.wikidata.org/entity/Q1250779,Maxim Gorky Literature Institute,education
http://www.wikidata.org/entity/Q1523446,http://www.wikidata.org/entity/Q1425328,USSR Union of Writers,membership
http://www.wikidata.org/entity/Q152524,http://www.wikidata.org/entity/Q463198,Life,employment
http://www.wikidata.org/entity/Q153700,http://www.wikidata.org/entity/Q66986260,Liceo classico statale Galileo,education
http://www.wikidata.org/entity/Q153700,http://www.wikidata.org/entity/Q820887,University of Florence,education
http://www.wikidata.org/entity/Q15489360,http://www.wikidata.org/entity/Q13371,Harvard University,education
http://www.wikidata.org/entity/Q155106,http://www.wikidata.org/entity/Q104581393,Colegio Marista La Sagrada Familia,education
http://www.wikidata.org/entity/Q155106,http://www.wikidata.org/entity/Q11993457,Royal Spanish Academy,membership
http://www.wikidata.org/entity/Q155106,http://www.wikidata.org/entity/Q219694,Complutense University of Madrid,education
http://www.wikidata.org/entity/Q155106,http://www.wikidata.org/entity/Q54829,RTVE,employment
http://www.wikidata.org/entity/Q155106,http://www.wikidata.org/entity/Q9064282,Pueblo,employment
http://www.wikidata.org/entity/Q155106,http://www.wikidata.org/entity/Q94395173,"IES Isaac Peral, Cartagena",education
http://www.wikidata.org/entity/Q15621755,http://www.wikidata.org/entity/Q130879,Reuters,employment
http://www.wikidata.org/entity/Q1566535,http://www.wikidata.org/entity/Q1135066,Corps Suevia Heidelberg,membership
http://www.wikidata.org/entity/Q1566535,http://www.wikidata.org/entity/Q151510,Heidelberg University,education
http://www.wikidata.org/entity/Q1566535,http://www.wikidata.org/entity/Q152087,Humboldt-Universität zu Berlin,education
http://www.wikidata.org/entity/Q1566535,http://www.wikidata.org/entity/Q152838,University of Göttingen,education
http://www.wikidata.org/entity/Q1566535,http://www.wikidata.org/entity/Q317010,Corps Hannovera Göttingen,membership
http://www.wikidata.org/entity/Q1567681,http://www.wikidata.org/entity/Q3542768,University of Belgrade Faculty of Philology,education
http://www.wikidata.org/entity/Q15963314,http://www.wikidata.org/entity/Q74707,Daily Chronicle,employment
http://www.wikidata.org/entity/Q15968007,http://www.wikidata.org/entity/Q2280221,Shrewsbury School,education
http://www.wikidata.org/entity/Q15968007,http://www.wikidata.org/entity/Q745967,Christ Church,education
http://www.wikidata.org/entity/Q15968900,http://www.wikidata.org/entity/Q7741168,The Hutchins School,education
http://www.wikidata.org/entity/Q15977771,http://www.wikidata.org/entity/Q1140775,Reed College,education
http://www.wikidata.org/entity/Q15977771,http://www.wikidata.org/entity/Q1530721,National Film Board of Canada,employment
http://www.wikidata.org/entity/Q15977771,http://www.wikidata.org/entity/Q5596258,Grant High School,education
http://www.wikidata.org/entity/Q15997458,http://www.wikidata.org/entity/Q1785291,Washington and Lee University,education
http://www.wikidata.org/entity/Q15997458,http://www.wikidata.org/entity/Q193755,United States Geological Survey,employment
http://www.wikidata.org/entity/Q16015140,http://www.wikidata.org/entity/Q1065,United Nations,employment
http://www.wikidata.org/entity/Q16015140,http://www.wikidata.org/entity/Q1210241,ITN,employment
http://www.wikidata.org/entity/Q16015140,http://www.wikidata.org/entity/Q1671795,Investors Overseas Service,employment
http://www.wikidata.org/entity/Q16015140,http://www.wikidata.org/entity/Q3520496,The Daily Mirror,employment
http://www.wikidata.org/entity/Q16015140,http://www.wikidata.org/entity/Q390216,The Sydney Morning Herald,employment
http://www.wikidata.org/entity/Q16015140,http://www.wikidata.org/entity/Q82151,Food and Agriculture Organization of the United Nations,employment
http://www.wikidata.org/entity/Q160375,http://www.wikidata.org/entity/Q262386,Österreichischer Rundfunk,employment
http://www.wikidata.org/entity/Q160375,http://www.wikidata.org/entity/Q48989,ZDF,employment
http://www.wikidata.org/entity/Q1605885,http://www.wikidata.org/entity/Q217406,French Navy,employment
http://www.wikidata.org/entity/Q1605885,http://www.wikidata.org/entity/Q40469,Associated Press,employment
http://www.wikidata.org/entity/Q1607516,http://www.wikidata.org/entity/Q270532,University of Aberdeen,education
http://www.wikidata.org/entity/Q1609233,http://www.wikidata.org/entity/Q43250,Gestapo,employment
http://www.wikidata.org/entity/Q1619108,http://www.wikidata.org/entity/Q1473677,University of Santiago de Compostela,education
http://www.wikidata.org/entity/Q16204565,http://www.wikidata.org/entity/Q1632007,OCAD University,education
http://www.wikidata.org/entity/Q16509496,http://www.wikidata.org/entity/Q13142918,Spiegel-Verlag,employment
http://www.wikidata.org/entity/Q16635505,http://www.wikidata.org/entity/Q1425328,USSR Union of Writers,membership
http://www.wikidata.org/entity/Q16663578,http://www.wikidata.org/entity/Q3226208,Le Quotidien de Paris,employment
http://www.wikidata.org/entity/Q16663578,http://www.wikidata.org/entity/Q525894,France 2,employment
http://www.wikidata.org/entity/Q16663578,http://www.wikidata.org/entity/Q859363,Sciences Po,education
http://www.wikidata.org/entity/Q16721278,http://www.wikidata.org/entity/Q4030708,Third Gymnasium of Moscow,education
http://www.wikidata.org/entity/Q16735213,http://www.wikidata.org/entity/Q1474105,Western Kentucky University,education
http://www.wikidata.org/entity/Q1678898,http://www.wikidata.org/entity/Q10496791,Höhere Mädchenschule,employment
http://www.wikidata.org/entity/Q1678898,http://www.wikidata.org/entity/Q11942,ETH Zurich,employment
http://www.wikidata.org/entity/Q1678898,http://www.wikidata.org/entity/Q151510,Heidelberg University,education
http://www.wikidata.org/entity/Q1678898,http://www.wikidata.org/entity/Q153978,University of Tübingen,education
http://www.wikidata.org/entity/Q1678898,http://www.wikidata.org/entity/Q1728130,Kantonsschule Solothurn,employment
http://www.wikidata.org/entity/Q1678898,http://www.wikidata.org/entity/Q206702,University of Zurich,employment
http://www.wikidata.org/entity/Q1678898,http://www.wikidata.org/entity/Q55044,Ludwig-Maximilians-Universität München,education
http://www.wikidata.org/entity/Q1678898,http://www.wikidata.org/entity/Q658945,Neue Zürcher Zeitung,employment
http://www.wikidata.org/entity/Q16832221,http://www.wikidata.org/entity/Q523926,Royal Academy of Dramatic Art,education
http://www.wikidata.org/entity/Q16873989,http://www.wikidata.org/entity/Q12461,Le Monde,employment
http://www.wikidata.org/entity/Q16873989,http://www.wikidata.org/entity/Q2065695,Southampton Solent University,education
http://www.wikidata.org/entity/Q16873989,http://www.wikidata.org/entity/Q4372693,HU University of Applied Sciences Utrecht,education
http://www.wikidata.org/entity/Q17012649,http://www.wikidata.org/entity/Q1887879,University of San Francisco,education
http://www.wikidata.org/entity/Q1708879,http://www.wikidata.org/entity/Q43452,Autonomous University of Barcelona,education
http://www.wikidata.org/entity/Q1708879,http://www.wikidata.org/entity/Q544560,Televisión Española,employment
http://www.wikidata.org/entity/Q17190080,http://www.wikidata.org/entity/Q22661578,Birmingham Institute of Art and Design,education
http://www.wikidata.org/entity/Q17338724,http://www.wikidata.org/entity/Q392904,Polytechnic University of Milan,education
http://www.wikidata.org/entity/Q17418894,http://www.wikidata.org/entity/Q9531,British Broadcasting Corporation,employment
http://www.wikidata.org/entity/Q17432488,http://www.wikidata.org/entity/Q6515975,Leeds Grammar School,education
http://www.wikidata.org/entity/Q17432488,http://www.wikidata.org/entity/Q9531,British Broadcasting Corporation,employment
http://www.wikidata.org/entity/Q1743447,http://www.wikidata.org/entity/Q2652164,Writers Union of Bulgaria,membership
http://www.wikidata.org/entity/Q1743447,http://www.wikidata.org/entity/Q31519,Charles University,employment
http://www.wikidata.org/entity/Q17537054,http://www.wikidata.org/entity/Q192775,University of Glasgow,employment
http://www.wikidata.org/entity/Q17537054,http://www.wikidata.org/entity/Q270532,University of Aberdeen,education
http://www.wikidata.org/entity/Q17537054,http://www.wikidata.org/entity/Q270532,University of Aberdeen,employment
http://www.wikidata.org/entity/Q17626890,http://www.wikidata.org/entity/Q40469,Associated Press,employment
http://www.wikidata.org/entity/Q17908455,http://www.wikidata.org/entity/Q1250779,Maxim Gorky Literature Institute,education
http://www.wikidata.org/entity/Q18004612,http://www.wikidata.org/entity/Q1450649,Presidential Council for Civil Society and Human Rights,membership
http://www.wikidata.org/entity/Q18011880,http://www.wikidata.org/entity/Q1470431,Catholic University of Paris,education
http://www.wikidata.org/entity/Q18011880,http://www.wikidata.org/entity/Q1470431,Catholic University of Paris,employment
http://www.wikidata.org/entity/Q18011880,http://www.wikidata.org/entity/Q216047,Le Figaro,employment
http://www.wikidata.org/entity/Q18011880,http://www.wikidata.org/entity/Q2297128,Société de Géographie,membership
http://www.wikidata.org/entity/Q18011880,http://www.wikidata.org/entity/Q24237057,École de guerre,employment
http://www.wikidata.org/entity/Q18011880,http://www.wikidata.org/entity/Q27956246,Institut historique de France,membership
http://www.wikidata.org/entity/Q18011880,http://www.wikidata.org/entity/Q3064325,Faculty of Arts of Paris,employment
http://www.wikidata.org/entity/Q18011880,http://www.wikidata.org/entity/Q3268922,Saint-Joseph of Reims,education
http://www.wikidata.org/entity/Q18011880,http://www.wikidata.org/entity/Q3269151,Lycée privé Sainte-Geneviève,employment
http://www.wikidata.org/entity/Q18021514,http://www.wikidata.org/entity/Q127790841,Rome Medien,employment
http://www.wikidata.org/entity/Q18021514,http://www.wikidata.org/entity/Q66004193,Gymnasium Othmarschen,education
http://www.wikidata.org/entity/Q18021514,http://www.wikidata.org/entity/Q791964,Axel Springer Academy,education
http://www.wikidata.org/entity/Q18236175,http://www.wikidata.org/entity/Q4271124,Lvov Military Political High School,education
http://www.wikidata.org/entity/Q18323289,http://www.wikidata.org/entity/Q1377,University of Ljubljana,education
http://www.wikidata.org/entity/Q18323289,http://www.wikidata.org/entity/Q266063,Slovenian Academy of Sciences and Arts,membership
http://www.wikidata.org/entity/Q18491533,http://www.wikidata.org/entity/Q188515,Los Angeles Times,employment
http://www.wikidata.org/entity/Q18491533,http://www.wikidata.org/entity/Q40469,Associated Press,employment
http://www.wikidata.org/entity/Q18491533,http://www.wikidata.org/entity/Q4304086,State University of Education,education
http://www.wikidata.org/entity/Q18491533,http://www.wikidata.org/entity/Q7672074,TV-am,employment
http://www.wikidata.org/entity/Q18540206,http://www.wikidata.org/entity/Q116698254,Vești Bune,employment
http://www.wikidata.org/entity/Q18540206,http://www.wikidata.org/entity/Q118434145,"National Theatre Bucharest ""Ion Luca Caragiale""",employment
http://www.wikidata.org/entity/Q18540206,http://www.wikidata.org/entity/Q2480744,Evenimentul Zilei,employment
http://www.wikidata.org/entity/Q18540206,http://www.wikidata.org/entity/Q3095013,Gamma,employment
http://www.wikidata.org/entity/Q18540206,http://www.wikidata.org/entity/Q97922597,Faculty of Letters of Babeș-Bolyai University,education
http://www.wikidata.org/entity/Q18608721,http://www.wikidata.org/entity/Q1377,University of Ljubljana,education
http://www.wikidata.org/entity/Q18637379,http://www.wikidata.org/entity/Q5290855,Dominican University of California,education
http://www.wikidata.org/entity/Q18819927,http://www.wikidata.org/entity/Q372899,Magnum Photos,membership
http://www.wikidata.org/entity/Q19205061,http://www.wikidata.org/entity/Q841581,Sofia University,education
http://www.wikidata.org/entity/Q19240850,http://www.wikidata.org/entity/Q214654,Sorbonne,education
http://www.wikidata.org/entity/Q19358207,http://www.wikidata.org/entity/Q256754,St Catharine's College,education
http://www.wikidata.org/entity/Q19361622,http://www.wikidata.org/entity/Q266063,Slovenian Academy of Sciences and Arts,membership
http://www.wikidata.org/entity/Q19369165,http://www.wikidata.org/entity/Q4315094,National Union of Journalists of Ukraine,membership
http://www.wikidata.org/entity/Q1950313,http://www.wikidata.org/entity/Q2215695,Pictura,membership
http://www.wikidata.org/entity/Q1963261,http://www.wikidata.org/entity/Q1425328,USSR Union of Writers,membership
http://www.wikidata.org/entity/Q1963261,http://www.wikidata.org/entity/Q4304155,"Moscow Institute of Philosophy, Literature, and History",education
http://www.wikidata.org/entity/Q1964719,http://www.wikidata.org/entity/Q13164,Lomonosov Moscow State University,education
http://www.wikidata.org/entity/Q1964719,http://www.wikidata.org/entity/Q1934911,Military Academy of the General Staff of the Armed Forces of Russia,employment
http://www.wikidata.org/entity/Q1964719,http://www.wikidata.org/entity/Q2367115,MSU Faculty of Mechanics and Mathematics,education
http://www.wikidata.org/entity/Q1964719,http://www.wikidata.org/entity/Q753932,Izvestia,employment
http://www.wikidata.org/entity/Q19667139,http://www.wikidata.org/entity/Q469482,American University of Beirut,education
http://www.wikidata.org/entity/Q19667139,http://www.wikidata.org/entity/Q498526,San Jose State University,education
http://www.wikidata.org/entity/Q19692677,http://www.wikidata.org/entity/Q215539,Moscow Conservatory,education
http://www.wikidata.org/entity/Q1976958,http://www.wikidata.org/entity/Q16634762,Second Moscow Cadet Corps,education
http://www.wikidata.org/entity/Q1977210,http://www.wikidata.org/entity/Q21156313,Brestský kadetský sbor,education
http://www.wikidata.org/entity/Q1977444,http://www.wikidata.org/entity/Q622664,"University of California, San Diego",education
http://www.wikidata.org/entity/Q19832950,http://www.wikidata.org/entity/Q1247373,Harrow School,education
http://www.wikidata.org/entity/Q19832950,http://www.wikidata.org/entity/Q21579788,Royal Academy Schools,education
http://www.wikidata.org/entity/Q19832950,http://www.wikidata.org/entity/Q337480,Académie Julian,education
http://www.wikidata.org/entity/Q19832950,http://www.wikidata.org/entity/Q5090041,Chelsea Arts Club,membership
http://www.wikidata.org/entity/Q19832950,http://www.wikidata.org/entity/Q7373851,Royal Society of Sculptors,membership
http://www.wikidata.org/entity/Q20127454,http://www.wikidata.org/entity/Q16166292,International Consortium of Investigative Journalists,membership
http://www.wikidata.org/entity/Q201589,http://www.wikidata.org/entity/Q111303099,Siglo 21 (Mexican newspaper),employment
http://www.wikidata.org/entity/Q201589,http://www.wikidata.org/entity/Q1274521,Agencia EFE,employment
http://www.wikidata.org/entity/Q201589,http://www.wikidata.org/entity/Q1337706,Vocento,employment
http://www.wikidata.org/entity/Q201589,http://www.wikidata.org/entity/Q1466106,Grupo PRISA,employment
http://www.wikidata.org/entity/Q201589,http://www.wikidata.org/entity/Q3394105,Academy of Television and Audiovisual Arts and Sciences of Spain,membership
http://www.wikidata.org/entity/Q201589,http://www.wikidata.org/entity/Q54829,RTVE,employment
http://www.wikidata.org/entity/Q201589,http://www.wikidata.org/entity/Q5709349,Asociación de la Prensa de Madrid,membership
http://www.wikidata.org/entity/Q201589,http://www.wikidata.org/entity/Q5854766,"Faculty of Information Sciences, Complutense University of Madrid",education
http://www.wikidata.org/entity/Q201589,http://www.wikidata.org/entity/Q5917694,Instituto Ramiro de Maeztu,education
http://www.wikidata.org/entity/Q201589,http://www.wikidata.org/entity/Q6426448,Prensa Ibérica,employment
http://www.wikidata.org/entity/Q20724971,http://www.wikidata.org/entity/Q155702,RTL,employment
http://www.wikidata.org/entity/Q20724971,http://www.wikidata.org/entity/Q48989,ZDF,employment
http://www.wikidata.org/entity/Q20724971,http://www.wikidata.org/entity/Q49653,Arbeitsgemeinschaft der öffentlich-rechtlichen Rundfunkanstalten der Bundesrepublik Deutschland,employment
http://www.wikidata.org/entity/Q208116,http://www.wikidata.org/entity/Q1425328,USSR Union of Writers,membership
http://www.wikidata.org/entity/Q20859063,http://www.wikidata.org/entity/Q216047,Le Figaro,employment
http://www.wikidata.org/entity/Q20864129,http://www.wikidata.org/entity/Q1145059,Hellenic Broadcasting Corporation,employment
http://www.wikidata.org/entity/Q20864129,http://www.wikidata.org/entity/Q2325066,Mega Channel,employment
http://www.wikidata.org/entity/Q20864129,http://www.wikidata.org/entity/Q2634425,Athens News Agency,employment
http://www.wikidata.org/entity/Q20864129,http://www.wikidata.org/entity/Q56760250,Sony Music,employment
http://www.wikidata.org/entity/Q20879819,http://www.wikidata.org/entity/Q1351317,Damascus University,education
http://www.wikidata.org/entity/Q2095810,http://www.wikidata.org/entity/Q691152,Royal Geographical Society,membership
http://www.wikidata.org/entity/Q21029733,http://www.wikidata.org/entity/Q567313,Deutsche Allgemeine Zeitung,employment
http://www.wikidata.org/entity/Q21074333,http://www.wikidata.org/entity/Q1507630,La Nación,employment
http://www.wikidata.org/entity/Q21074333,http://www.wikidata.org/entity/Q21189152,World Press Institute,membership
http://www.wikidata.org/entity/Q21074333,http://www.wikidata.org/entity/Q5655715,Academia Nacional de Periodismo,membership
http://www.wikidata.org/entity/Q21074333,http://www.wikidata.org/entity/Q973767,Pontifical Catholic University of Argentina,education
http://www.wikidata.org/entity/Q21079155,http://www.wikidata.org/entity/Q160302,University of Edinburgh,education
http://www.wikidata.org/entity/Q21079155,http://www.wikidata.org/entity/Q691152,Royal Geographical Society,membership
http://www.wikidata.org/entity/Q21096942,http://www.wikidata.org/entity/Q3577830,Nikolaevskaya Cavalry School,education
http://www.wikidata.org/entity/Q21140987,http://www.wikidata.org/entity/Q1044328,Le Nouvel Obs,employment
http://www.wikidata.org/entity/Q21140987,http://www.wikidata.org/entity/Q13717,Libération,employment
http://www.wikidata.org/entity/Q21140987,http://www.wikidata.org/entity/Q2945328,Centre de formation des journalistes,education
http://www.wikidata.org/entity/Q21140987,http://www.wikidata.org/entity/Q859363,Sciences Po,education
http://www.wikidata.org/entity/Q213957,http://www.wikidata.org/entity/Q1068752,Howard University,employment
http://www.wikidata.org/entity/Q213957,http://www.wikidata.org/entity/Q168000,American University,employment
http://www.wikidata.org/entity/Q21421315,http://www.wikidata.org/entity/Q12333820,Roskilde Cathedral School,education
http://www.wikidata.org/entity/Q21421315,http://www.wikidata.org/entity/Q55225037,Dagbladet,employment
http://www.wikidata.org/entity/Q21531390,http://www.wikidata.org/entity/Q15721039,La Esfera,employment
http://www.wikidata.org/entity/Q21531390,http://www.wikidata.org/entity/Q15966757,Nuevo Mundo,employment
http://www.wikidata.org/entity/Q21531390,http://www.wikidata.org/entity/Q287076,ABC,employment
http://www.wikidata.org/entity/Q21531390,http://www.wikidata.org/entity/Q8248654,Blanco y Negro,employment
http://www.wikidata.org/entity/Q21531390,http://www.wikidata.org/entity/Q966531,Mundo Gráfico,employment
http://www.wikidata.org/entity/Q21534370,http://www.wikidata.org/entity/Q12042069,Občanský institut,employment
http://www.wikidata.org/entity/Q21534370,http://www.wikidata.org/entity/Q5429072,"Faculty of Social Sciences, Charles University",education
http://www.wikidata.org/entity/Q21534370,http://www.wikidata.org/entity/Q62715025,CNN Prima News,employment
http://www.wikidata.org/entity/Q2153910,http://www.wikidata.org/entity/Q156598,Leiden University,education
http://www.wikidata.org/entity/Q2153910,http://www.wikidata.org/entity/Q209842,University of Paris,education
http://www.wikidata.org/entity/Q2153910,http://www.wikidata.org/entity/Q221653,Utrecht University,education
http://www.wikidata.org/entity/Q2153910,http://www.wikidata.org/entity/Q221653,Utrecht University,employment
http://www.wikidata.org/entity/Q2153910,http://www.wikidata.org/entity/Q901677,Romanian Academy,membership
http://www.wikidata.org/entity/Q22004182,http://www.wikidata.org/entity/Q5636542,Haaren High School,education
http://www.wikidata.org/entity/Q22249366,http://www.wikidata.org/entity/Q1139065,Sciences Po Aix-en-Provence,education
http://www.wikidata.org/entity/Q22249366,http://www.wikidata.org/entity/Q13342,Bordeaux Montaigne University,education
http://www.wikidata.org/entity/Q22249366,http://www.wikidata.org/entity/Q166180,France 24,employment
http://www.wikidata.org/entity/Q22249366,http://www.wikidata.org/entity/Q19912,Radio France Internationale,employment
http://www.wikidata.org/entity/Q22249366,http://www.wikidata.org/entity/Q2120364,Radio France,employment
http://www.wikidata.org/entity/Q22249366,http://www.wikidata.org/entity/Q22681427,Les Jours,employment
http://www.wikidata.org/entity/Q22683759,http://www.wikidata.org/entity/Q1044328,Le Nouvel Obs,employment
http://www.wikidata.org/entity/Q22683759,http://www.wikidata.org/entity/Q13717,Libération,employment
http://www.wikidata.org/entity/Q22683759,http://www.wikidata.org/entity/Q194445,Cairo University,employment
http://www.wikidata.org/entity/Q22683759,http://www.wikidata.org/entity/Q19905,France Inter,employment
http://www.wikidata.org/entity/Q22683759,http://www.wikidata.org/entity/Q19908,France Culture,employment
http://www.wikidata.org/entity/Q22683759,http://www.wikidata.org/entity/Q3578450,Lille school of journalism - École supérieure de journalisme de Lille,education
http://www.wikidata.org/entity/Q2272484,http://www.wikidata.org/entity/Q1979891,NOVA University Lisbon,employment
http://www.wikidata.org/entity/Q22919701,http://www.wikidata.org/entity/Q1458695,National University of Kharkiv,education
http://www.wikidata.org/entity/Q22919701,http://www.wikidata.org/entity/Q1458695,National University of Kharkiv,employment
http://www.wikidata.org/entity/Q230068,http://www.wikidata.org/entity/Q1065,United Nations,employment
http://www.wikidata.org/entity/Q230068,http://www.wikidata.org/entity/Q13363209,Free French Forces,membership
http://www.wikidata.org/entity/Q230068,http://www.wikidata.org/entity/Q5147634,Collège Sévigné,education
http://www.wikidata.org/entity/Q230068,http://www.wikidata.org/entity/Q532494,New York Herald Tribune,employment
http://www.wikidata.org/entity/Q23035828,http://www.wikidata.org/entity/Q194266,Ohio Wesleyan University,education
http://www.wikidata.org/entity/Q23434,http://www.wikidata.org/entity/Q6133604,James F. Byrnes High School,education
http://www.wikidata.org/entity/Q23434,http://www.wikidata.org/entity/Q7073679,Oak Park and River Forest High School,education
http://www.wikidata.org/entity/Q238364,http://www.wikidata.org/entity/Q1047060,Case Western Reserve University,education
http://www.wikidata.org/entity/Q238364,http://www.wikidata.org/entity/Q217741,Purdue University,education
http://www.wikidata.org/entity/Q238364,http://www.wikidata.org/entity/Q230492,University of Michigan,education
http://www.wikidata.org/entity/Q238364,http://www.wikidata.org/entity/Q49088,Columbia University,education
http://www.wikidata.org/entity/Q238364,http://www.wikidata.org/entity/Q49115,Cornell University,education
http://www.wikidata.org/entity/Q238364,http://www.wikidata.org/entity/Q7200691,Plainfield High School,education
http://www.wikidata.org/entity/Q238364,http://www.wikidata.org/entity/Q7587403,St. Catharine Academy,education
http://www.wikidata.org/entity/Q2389423,http://www.wikidata.org/entity/Q777403,Washington University in St. Louis,education
http://www.wikidata.org/entity/Q24005884,http://www.wikidata.org/entity/Q168751,Duke University,education
http://www.wikidata.org/entity/Q24005884,http://www.wikidata.org/entity/Q186068,Fox News,employment
http://www.wikidata.org/entity/Q24005884,http://www.wikidata.org/entity/Q2065666,University of the Arts London,education
http://www.wikidata.org/entity/Q24005884,http://www.wikidata.org/entity/Q4748473,Ampleforth College,education
http://www.wikidata.org/entity/Q24009876,http://www.wikidata.org/entity/Q4412511,Khetagurov North Ossetian State University,education
http://www.wikidata.org/entity/Q2401525,http://www.wikidata.org/entity/Q203853,Nice-Matin,employment
http://www.wikidata.org/entity/Q2405682,http://www.wikidata.org/entity/Q10444865,ITV Central,employment
http://www.wikidata.org/entity/Q2405682,http://www.wikidata.org/entity/Q1210241,ITN,employment
http://www.wikidata.org/entity/Q24352861,http://www.wikidata.org/entity/Q19909572,PSU Faculty of Philology,education
http://www.wikidata.org/entity/Q24398939,http://www.wikidata.org/entity/Q8033201,Ida B. Wells-Barnett High School,education
http://www.wikidata.org/entity/Q24398939,http://www.wikidata.org/entity/Q861888,Oregon State University,education
http://www.wikidata.org/entity/Q24954706,http://www.wikidata.org/entity/Q498526,San Jose State University,education
http://www.wikidata.org/entity/Q2519739,http://www.wikidata.org/entity/Q1425328,USSR Union of Writers,membership
http://www.wikidata.org/entity/Q2519739,http://www.wikidata.org/entity/Q85300,Odesa University,education
http://www.wikidata.org/entity/Q262660,http://www.wikidata.org/entity/Q137544,Bang-Bang Club,membership
http://www.wikidata.org/entity/Q2636873,http://www.wikidata.org/entity/Q5097250,Chigwell School,education
http://www.wikidata.org/entity/Q2646947,http://www.wikidata.org/entity/Q20850669,Verein der Schriftstellerinnen und Künstlerinnen Wien,membership
http://www.wikidata.org/entity/Q265131,http://www.wikidata.org/entity/Q273593,Beaux-Arts de Paris,education
http://www.wikidata.org/entity/Q265131,http://www.wikidata.org/entity/Q705737,Art Students League of New York,education
http://www.wikidata.org/entity/Q265131,http://www.wikidata.org/entity/Q7074307,Oakwood Friends School,education
http://www.wikidata.org/entity/Q265810,http://www.wikidata.org/entity/Q167733,Barnard College,education
http://www.wikidata.org/entity/Q265810,http://www.wikidata.org/entity/Q21578,Princeton University,education
http://www.wikidata.org/entity/Q265810,http://www.wikidata.org/entity/Q2349578,Princeton School of Public and International Affairs,education
http://www.wikidata.org/entity/Q265810,http://www.wikidata.org/entity/Q309331,Ohio State University,education
http://www.wikidata.org/entity/Q265810,http://www.wikidata.org/entity/Q49088,Columbia University,education
http://www.wikidata.org/entity/Q2674537,http://www.wikidata.org/entity/Q3578463,École Supérieure de Réalisation Audiovisuelle,education
http://www.wikidata.org/entity/Q26934893,http://www.wikidata.org/entity/Q158322,Stern,employment
http://www.wikidata.org/entity/Q26934893,http://www.wikidata.org/entity/Q40464,Agence France-Presse,employment
http://www.wikidata.org/entity/Q26934893,http://www.wikidata.org/entity/Q7809,UNESCO,employment
http://www.wikidata.org/entity/Q26934893,http://www.wikidata.org/entity/Q7817,World Health Organization,employment
http://www.wikidata.org/entity/Q26998284,http://www.wikidata.org/entity/Q7586850,St. Andrew's College,education
http://www.wikidata.org/entity/Q27074156,http://www.wikidata.org/entity/Q214341,University of Amsterdam,education
http://www.wikidata.org/entity/Q27074156,http://www.wikidata.org/entity/Q3258944,London College of Communication,education
http://www.wikidata.org/entity/Q27178338,http://www.wikidata.org/entity/Q742150,Mount Allison University,education
http://www.wikidata.org/entity/Q272847,http://www.wikidata.org/entity/Q2559074,Azerbaijan Medical University,education
http://www.wikidata.org/entity/Q27862277,http://www.wikidata.org/entity/Q817902,Bennington College,education
http://www.wikidata.org/entity/Q278806,http://www.wikidata.org/entity/Q49116,Dartmouth College,education
http://www.wikidata.org/entity/Q278806,http://www.wikidata.org/entity/Q844673,Columbia University Graduate School of Journalism,education
http://www.wikidata.org/entity/Q27924793,http://www.wikidata.org/entity/Q152564,Völkischer Beobachter,employment
http://www.wikidata.org/entity/Q27924793,http://www.wikidata.org/entity/Q622683,University of Graz,education
http://www.wikidata.org/entity/Q27924793,http://www.wikidata.org/entity/Q702228,Der Angriff,employment
http://www.wikidata.org/entity/Q2825193,http://www.wikidata.org/entity/Q216047,Le Figaro,employment
http://www.wikidata.org/entity/Q2825193,http://www.wikidata.org/entity/Q2253344,Institut d'études politiques de Lyon,education
http://www.wikidata.org/entity/Q2830047,http://www.wikidata.org/entity/Q770596,L'Express,employment
http://www.wikidata.org/entity/Q2851571,http://www.wikidata.org/entity/Q12461,Le Monde,employment
http://www.wikidata.org/entity/Q28658,http://www.wikidata.org/entity/Q201492,McGill University,education
http://www.wikidata.org/entity/Q287994,http://www.wikidata.org/entity/Q21579788,Royal Academy Schools,education
http://www.wikidata.org/entity/Q287994,http://www.wikidata.org/entity/Q64952,Hans Friedrich Gadow,employment
http://www.wikidata.org/entity/Q287994,http://www.wikidata.org/entity/Q813868,Bedford College,education
http://www.wikidata.org/entity/Q28828792,http://www.wikidata.org/entity/Q1075339,Ohio University,education
http://www.wikidata.org/entity/Q2889554,http://www.wikidata.org/entity/Q219694,Complutense University of Madrid,education
http://www.wikidata.org/entity/Q2889554,http://www.wikidata.org/entity/Q301129,Telecinco,employment
http://www.wikidata.org/entity/Q2902056,http://www.wikidata.org/entity/Q372899,Magnum Photos,membership
http://www.wikidata.org/entity/Q2902056,http://www.wikidata.org/entity/Q457281,University of Illinois Urbana-Champaign,education
http://www.wikidata.org/entity/Q2905536,http://www.wikidata.org/entity/Q463198,Life,employment
http://www.wikidata.org/entity/Q2920090,http://www.wikidata.org/entity/Q1247373,Harrow School,education
http://www.wikidata.org/entity/Q2920090,http://www.wikidata.org/entity/Q805285,Balliol College,education
http://www.wikidata.org/entity/Q2925424,http://www.wikidata.org/entity/Q157146,French Resistance,membership
http://www.wikidata.org/entity/Q2925424,http://www.wikidata.org/entity/Q3268851,Lycée Molière,education
http://www.wikidata.org/entity/Q29344,http://www.wikidata.org/entity/Q1182421,Deep Springs College,education
http://www.wikidata.org/entity/Q29344,http://www.wikidata.org/entity/Q49115,Cornell University,education
http://www.wikidata.org/entity/Q29865014,http://www.wikidata.org/entity/Q104834591,Colta.ru,employment
http://www.wikidata.org/entity/Q29865014,http://www.wikidata.org/entity/Q1126061,TV-3,employment
http://www.wikidata.org/entity/Q29865014,http://www.wikidata.org/entity/Q155172,TV Rain,employment
http://www.wikidata.org/entity/Q29865014,http://www.wikidata.org/entity/Q1726530,TV Center,employment
http://www.wikidata.org/entity/Q29865014,http://www.wikidata.org/entity/Q18340732,Meduza,employment
http://www.wikidata.org/entity/Q29865014,http://www.wikidata.org/entity/Q2386094,TV-6,employment
http://www.wikidata.org/entity/Q29865014,http://www.wikidata.org/entity/Q2386107,TVS,employment
http://www.wikidata.org/entity/Q29865014,http://www.wikidata.org/entity/Q3651046,Silver Rain Radio,employment
http://www.wikidata.org/entity/Q29865014,http://www.wikidata.org/entity/Q4101910,VID,employment
http://www.wikidata.org/entity/Q29865014,http://www.wikidata.org/entity/Q4144841,Город N (газета),employment
http://www.wikidata.org/entity/Q29865014,http://www.wikidata.org/entity/Q4376192,pravmir.ru,employment
http://www.wikidata.org/entity/Q29865014,http://www.wikidata.org/entity/Q4398500,Rostov State University,education
http://www.wikidata.org/entity/Q29865014,http://www.wikidata.org/entity/Q4400554,BBC News Russian,employment
http://www.wikidata.org/entity/Q29865014,http://www.wikidata.org/entity/Q4480746,MSU Faculty of Journalism,education
http://www.wikidata.org/entity/Q29865014,http://www.wikidata.org/entity/Q574625,NTV,employment
http://www.wikidata.org/entity/Q29865014,http://www.wikidata.org/entity/Q821172,RIA Novosti,employment
http://www.wikidata.org/entity/Q29877791,http://www.wikidata.org/entity/Q1966921,National American Woman Suffrage Association,membership
http://www.wikidata.org/entity/Q29877791,http://www.wikidata.org/entity/Q4775012,Antioch College,education
http://www.wikidata.org/entity/Q2991025,http://www.wikidata.org/entity/Q1425328,USSR Union of Writers,membership
http://www.wikidata.org/entity/Q2991025,http://www.wikidata.org/entity/Q4127432,Allrussische Assoziation proletarischer Schriftsteller,membership
http://www.wikidata.org/entity/Q3019247,http://www.wikidata.org/entity/Q16616882,Faculty of Polish Studies at the University of Warsaw,education
http://www.wikidata.org/entity/Q3048455,http://www.wikidata.org/entity/Q1227526,St Paul's School,education
http://www.wikidata.org/entity/Q3048455,http://www.wikidata.org/entity/Q130879,Reuters,employment
http://www.wikidata.org/entity/Q3048455,http://www.wikidata.org/entity/Q1431541,Lycée Janson-de-Sailly,education
http://www.wikidata.org/entity/Q3048455,http://www.wikidata.org/entity/Q161549,European Coal and Steel Community,employment
http://www.wikidata.org/entity/Q3048455,http://www.wikidata.org/entity/Q188413,Newsweek,employment
http://www.wikidata.org/entity/Q3048455,http://www.wikidata.org/entity/Q2302345,The Saturday Evening Post,employment
http://www.wikidata.org/entity/Q3048455,http://www.wikidata.org/entity/Q776807,Magdalene College,education
http://www.wikidata.org/entity/Q3048455,http://www.wikidata.org/entity/Q7806643,Time Life,employment
http://www.wikidata.org/entity/Q3080180,http://www.wikidata.org/entity/Q13371,Harvard University,education
http://www.wikidata.org/entity/Q310900,http://www.wikidata.org/entity/Q11149,The Independent,employment
http://www.wikidata.org/entity/Q310900,http://www.wikidata.org/entity/Q258464,"Trinity College, Dublin",education
http://www.wikidata.org/entity/Q310900,http://www.wikidata.org/entity/Q262854,University of Lancaster,education
http://www.wikidata.org/entity/Q310900,http://www.wikidata.org/entity/Q50008,The Times,employment
http://www.wikidata.org/entity/Q310900,http://www.wikidata.org/entity/Q610190,Daily Express,employment
http://www.wikidata.org/entity/Q310900,http://www.wikidata.org/entity/Q6674829,"Lonsdale College, Lancaster",membership
http://www.wikidata.org/entity/Q310900,http://www.wikidata.org/entity/Q7650336,Sutton Valence School,education
http://www.wikidata.org/entity/Q310900,http://www.wikidata.org/entity/Q8049286,Yardley Court,education
http://www.wikidata.org/entity/Q3116258,http://www.wikidata.org/entity/Q137544,Bang-Bang Club,membership
http://www.wikidata.org/entity/Q3116258,http://www.wikidata.org/entity/Q49110,Boston University,employment
http://www.wikidata.org/entity/Q3121101,http://www.wikidata.org/entity/Q110246110,Societat arqueològica de Bordeus,membership
http://www.wikidata.org/entity/Q312407,http://www.wikidata.org/entity/Q13371,Harvard University,education
http://www.wikidata.org/entity/Q312407,http://www.wikidata.org/entity/Q3439758,Sidwell Friends School,education
http://www.wikidata.org/entity/Q312407,http://www.wikidata.org/entity/Q463281,American Academy of Arts and Letters,membership
http://www.wikidata.org/entity/Q312407,http://www.wikidata.org/entity/Q463303,American Academy of Arts and Sciences,membership
http://www.wikidata.org/entity/Q312407,http://www.wikidata.org/entity/Q49123,Harvard College,education
http://www.wikidata.org/entity/Q312407,http://www.wikidata.org/entity/Q5103452,Choate Rosemary Hall,education
http://www.wikidata.org/entity/Q312637,http://www.wikidata.org/entity/Q209344,Sapienza University of Rome,education
http://www.wikidata.org/entity/Q312637,http://www.wikidata.org/entity/Q3689758,Convitto Nazionale Cicognini,education
http://www.wikidata.org/entity/Q3132687,http://www.wikidata.org/entity/Q174570,London School of Economics and Political Science,education
http://www.wikidata.org/entity/Q3134441,http://www.wikidata.org/entity/Q2945328,Centre de formation des journalistes,education
http://www.wikidata.org/entity/Q3134441,http://www.wikidata.org/entity/Q314407,Europe 1,employment
http://www.wikidata.org/entity/Q313767,http://www.wikidata.org/entity/Q13164,Lomonosov Moscow State University,education
http://www.wikidata.org/entity/Q313767,http://www.wikidata.org/entity/Q1425328,USSR Union of Writers,membership
http://www.wikidata.org/entity/Q313899,http://www.wikidata.org/entity/Q337480,Académie Julian,education
http://www.wikidata.org/entity/Q313899,http://www.wikidata.org/entity/Q540807,Photo-Secession,membership
http://www.wikidata.org/entity/Q3141534,http://www.wikidata.org/entity/Q25382816,Shinnecock Hills summer school,education
http://www.wikidata.org/entity/Q3141534,http://www.wikidata.org/entity/Q705737,Art Students League of New York,education
http://www.wikidata.org/entity/Q3142466,http://www.wikidata.org/entity/Q1440784,France Soir,employment
http://www.wikidata.org/entity/Q3142466,http://www.wikidata.org/entity/Q176746,École des Roches,education
http://www.wikidata.org/entity/Q3158494,http://www.wikidata.org/entity/Q19905,France Inter,employment
http://www.wikidata.org/entity/Q3158494,http://www.wikidata.org/entity/Q2852682,Antenne 2,employment
http://www.wikidata.org/entity/Q3161503,http://www.wikidata.org/entity/Q216047,Le Figaro,employment
http://www.wikidata.org/entity/Q3168550,http://www.wikidata.org/entity/Q3578450,Lille school of journalism - École supérieure de journalisme de Lille,education
http://www.wikidata.org/entity/Q3168550,http://www.wikidata.org/entity/Q87399213,Notre-Dame d'Orveau,education
http://www.wikidata.org/entity/Q3168596,http://www.wikidata.org/entity/Q1044328,Le Nouvel Obs,employment
http://www.wikidata.org/entity/Q3170750,http://www.wikidata.org/entity/Q1230298,La Croix,employment
http://www.wikidata.org/entity/Q3170750,http://www.wikidata.org/entity/Q12461,Le Monde,employment
http://www.wikidata.org/entity/Q3170750,http://www.wikidata.org/entity/Q214683,TF1,employment
http://www.wikidata.org/entity/Q3170750,http://www.wikidata.org/entity/Q216047,Le Figaro,employment
http://www.wikidata.org/entity/Q3170750,http://www.wikidata.org/entity/Q3246681,École supérieure de journalisme de Paris,education
http://www.wikidata.org/entity/Q3179715,http://www.wikidata.org/entity/Q137544,Bang-Bang Club,membership
http://www.wikidata.org/entity/Q3193984,http://www.wikidata.org/entity/Q319078,University of Melbourne,education
http://www.wikidata.org/entity/Q3195015,http://www.wikidata.org/entity/Q5061898,Central Technical School,education
http://www.wikidata.org/entity/Q3195075,http://www.wikidata.org/entity/Q137544,Bang-Bang Club,membership
http://www.wikidata.org/entity/Q3229253,http://www.wikidata.org/entity/Q40469,Associated Press,employment
http://www.wikidata.org/entity/Q3266155,http://www.wikidata.org/entity/Q1311350,L'Illustration,employment
http://www.wikidata.org/entity/Q3266155,http://www.wikidata.org/entity/Q3223697,Le Journal,employment
http://www.wikidata.org/entity/Q3266155,http://www.wikidata.org/entity/Q639137,Le Temps,employment
http://www.wikidata.org/entity/Q326766,http://www.wikidata.org/entity/Q112076879,Moscow Military-Political College named after V. I. Lenin,education
http://www.wikidata.org/entity/Q326766,http://www.wikidata.org/entity/Q4533069,MSU Faculty of Ethnology,education
http://www.wikidata.org/entity/Q327426,http://www.wikidata.org/entity/Q168751,Duke University,education
http://www.wikidata.org/entity/Q327426,http://www.wikidata.org/entity/Q43297,Time,employment
http://www.wikidata.org/entity/Q327426,http://www.wikidata.org/entity/Q678095,Paris Match,employment
http://www.wikidata.org/entity/Q3275723,http://www.wikidata.org/entity/Q1137404,L'Humanité,employment
http://www.wikidata.org/entity/Q3275723,http://www.wikidata.org/entity/Q15731766,Francs-tireurs et partisans,membership
http://www.wikidata.org/entity/Q3275723,http://www.wikidata.org/entity/Q186595,French Forces of the Interior,membership
http://www.wikidata.org/entity/Q3286755,http://www.wikidata.org/entity/Q1810082,Le Point,employment
http://www.wikidata.org/entity/Q3286755,http://www.wikidata.org/entity/Q3187102,Jours de France,employment
http://www.wikidata.org/entity/Q3286755,http://www.wikidata.org/entity/Q770596,L'Express,employment
http://www.wikidata.org/entity/Q3288148,http://www.wikidata.org/entity/Q3578287,École normale supérieure de Saint-Cloud,education
http://www.wikidata.org/entity/Q3296318,http://www.wikidata.org/entity/Q1322641,France 3,employment
http://www.wikidata.org/entity/Q3296318,http://www.wikidata.org/entity/Q2946096,Centre universitaire d’enseignement du journalisme,education
http://www.wikidata.org/entity/Q3296318,http://www.wikidata.org/entity/Q459026,University of Rennes 2 – Upper Brittany,education
http://www.wikidata.org/entity/Q3296318,http://www.wikidata.org/entity/Q525894,France 2,employment
http://www.wikidata.org/entity/Q3299130,http://www.wikidata.org/entity/Q1248780,Politika,employment
http://www.wikidata.org/entity/Q3299130,http://www.wikidata.org/entity/Q12759660,Start,employment
http://www.wikidata.org/entity/Q3299130,http://www.wikidata.org/entity/Q1564297,Faculty of Law of the University of Zagreb,education
http://www.wikidata.org/entity/Q3299130,http://www.wikidata.org/entity/Q366591,Radio Television of Republika Srpska,employment
http://www.wikidata.org/entity/Q3299130,http://www.wikidata.org/entity/Q574403,Vjesnik,employment
http://www.wikidata.org/entity/Q3299130,http://www.wikidata.org/entity/Q7225409,Politika AD,employment
http://www.wikidata.org/entity/Q3302258,http://www.wikidata.org/entity/Q216047,Le Figaro,employment
http://www.wikidata.org/entity/Q3302258,http://www.wikidata.org/entity/Q337512,Académie des sciences d'outre-mer,membership
http://www.wikidata.org/entity/Q3303778,http://www.wikidata.org/entity/Q4968912,Bristol Grammar School,education
http://www.wikidata.org/entity/Q3303778,http://www.wikidata.org/entity/Q9531,British Broadcasting Corporation,employment
http://www.wikidata.org/entity/Q3304570,http://www.wikidata.org/entity/Q130879,Reuters,employment
http://www.wikidata.org/entity/Q3310418,http://www.wikidata.org/entity/Q1664755,Institut d'études politiques de Toulouse,education
http://www.wikidata.org/entity/Q3310418,http://www.wikidata.org/entity/Q3578450,Lille school of journalism - École supérieure de journalisme de Lille,education
http://www.wikidata.org/entity/Q333873,http://www.wikidata.org/entity/Q1425328,USSR Union of Writers,membership
http://www.wikidata.org/entity/Q3351411,http://www.wikidata.org/entity/Q1044328,Le Nouvel Obs,employment
http://www.wikidata.org/entity/Q3351411,http://www.wikidata.org/entity/Q536282,Corpus Christi College,education
http://www.wikidata.org/entity/Q3351411,http://www.wikidata.org/entity/Q770596,L'Express,employment
http://www.wikidata.org/entity/Q3371766,http://www.wikidata.org/entity/Q3151959,Grenoble Institute of Political Studies,education
http://www.wikidata.org/entity/Q3379683,http://www.wikidata.org/entity/Q15731766,Francs-tireurs et partisans,membership
http://www.wikidata.org/entity/Q3379683,http://www.wikidata.org/entity/Q25067646,Franco-British Council,membership
http://www.wikidata.org/entity/Q3379683,http://www.wikidata.org/entity/Q273631,École pratique des hautes études,education
http://www.wikidata.org/entity/Q3379683,http://www.wikidata.org/entity/Q2983769,College of Juilly,education
http://www.wikidata.org/entity/Q3379683,http://www.wikidata.org/entity/Q3237900,Éditions Tallandier,employment
http://www.wikidata.org/entity/Q3379683,http://www.wikidata.org/entity/Q3392522,Plon,employment
http://www.wikidata.org/entity/Q3379683,http://www.wikidata.org/entity/Q40464,Agence France-Presse,employment
http://www.wikidata.org/entity/Q3380646,http://www.wikidata.org/entity/Q3578450,Lille school of journalism - École supérieure de journalisme de Lille,education
http://www.wikidata.org/entity/Q3395389,http://www.wikidata.org/entity/Q372899,Magnum Photos,membership
http://www.wikidata.org/entity/Q3425759,http://www.wikidata.org/entity/Q2275355,Abbaye de Créteil,membership
http://www.wikidata.org/entity/Q345336,http://www.wikidata.org/entity/Q1377,University of Ljubljana,education
http://www.wikidata.org/entity/Q345666,http://www.wikidata.org/entity/Q193196,University College London,education
http://www.wikidata.org/entity/Q345666,http://www.wikidata.org/entity/Q969196,Royal Photographic Society,membership
http://www.wikidata.org/entity/Q34743,http://www.wikidata.org/entity/Q1468277,Royal Society of Literature,membership
http://www.wikidata.org/entity/Q34743,http://www.wikidata.org/entity/Q16902315,United Services College,education
http://www.wikidata.org/entity/Q34743,http://www.wikidata.org/entity/Q216273,University of St Andrews,employment
http://www.wikidata.org/entity/Q34743,http://www.wikidata.org/entity/Q41726,freemasonry,membership
http://www.wikidata.org/entity/Q34743,http://www.wikidata.org/entity/Q463303,American Academy of Arts and Sciences,membership
http://www.wikidata.org/entity/Q3496830,http://www.wikidata.org/entity/Q1279835,School of Visual Arts,education
http://www.wikidata.org/entity/Q3496830,http://www.wikidata.org/entity/Q189150,Black Panther Party,membership
http://www.wikidata.org/entity/Q3511688,http://www.wikidata.org/entity/Q1063665,Prague University of Economics and Business,education
http://www.wikidata.org/entity/Q3511688,http://www.wikidata.org/entity/Q31519,Charles University,education
http://www.wikidata.org/entity/Q352870,http://www.wikidata.org/entity/Q121271034,Associated Press,employment
http://www.wikidata.org/entity/Q352870,http://www.wikidata.org/entity/Q1887879,University of San Francisco,education
http://www.wikidata.org/entity/Q352870,http://www.wikidata.org/entity/Q6801943,McKinley Technology High School,education
http://www.wikidata.org/entity/Q356537,http://www.wikidata.org/entity/Q1059546,Lycée Louis-le-Grand,education
http://www.wikidata.org/entity/Q356537,http://www.wikidata.org/entity/Q161806,Académie Française,membership
http://www.wikidata.org/entity/Q3574217,http://www.wikidata.org/entity/Q13363209,Free French Forces,membership
http://www.wikidata.org/entity/Q3574217,http://www.wikidata.org/entity/Q186595,French Forces of the Interior,membership
http://www.wikidata.org/entity/Q3574217,http://www.wikidata.org/entity/Q3355964,Organisation civile et militaire,membership
http://www.wikidata.org/entity/Q3574217,http://www.wikidata.org/entity/Q3456538,réseau Centurie,membership
http://www.wikidata.org/entity/Q3591222,http://www.wikidata.org/entity/Q168756,"University of California, Berkeley",education
http://www.wikidata.org/entity/Q3591222,http://www.wikidata.org/entity/Q19908,France Culture,employment
http://www.wikidata.org/entity/Q3591222,http://www.wikidata.org/entity/Q216047,Le Figaro,employment
http://www.wikidata.org/entity/Q3591222,http://www.wikidata.org/entity/Q3392522,Plon,employment
http://www.wikidata.org/entity/Q3595401,http://www.wikidata.org/entity/Q49115,Cornell University,education
http://www.wikidata.org/entity/Q361163,http://www.wikidata.org/entity/Q223799,TASS,employment
http://www.wikidata.org/entity/Q362337,http://www.wikidata.org/entity/Q40469,Associated Press,employment
http://www.wikidata.org/entity/Q3675375,http://www.wikidata.org/entity/Q12808513,Ankara University Faculty of Political Science,education
http://www.wikidata.org/entity/Q3675375,http://www.wikidata.org/entity/Q3515831,Tarsus American College,education
http://www.wikidata.org/entity/Q3675375,http://www.wikidata.org/entity/Q4702909,Al-Monitor,employment
http://www.wikidata.org/entity/Q3751279,http://www.wikidata.org/entity/Q19616,RAI,employment
http://www.wikidata.org/entity/Q3751279,http://www.wikidata.org/entity/Q691851,University of Naples Federico II,education
http://www.wikidata.org/entity/Q3751306,http://www.wikidata.org/entity/Q19616,RAI,employment
http://www.wikidata.org/entity/Q377314,http://www.wikidata.org/entity/Q205061,Tsuru University,education
http://www.wikidata.org/entity/Q377314,http://www.wikidata.org/entity/Q205061,Tsuru University,employment
http://www.wikidata.org/entity/Q377314,http://www.wikidata.org/entity/Q274486,Waseda University,employment
http://www.wikidata.org/entity/Q381369,http://www.wikidata.org/entity/Q848958,Tokyo Keizai University,education
http://www.wikidata.org/entity/Q3814766,http://www.wikidata.org/entity/Q13164,Lomonosov Moscow State University,education
http://www.wikidata.org/entity/Q383177,http://www.wikidata.org/entity/Q13709,Le Canard enchaîné,employment
http://www.wikidata.org/entity/Q383177,http://www.wikidata.org/entity/Q13717,Libération,employment
http://www.wikidata.org/entity/Q38415,http://www.wikidata.org/entity/Q6608367,Indiana University,education
http://www.wikidata.org/entity/Q3888622,http://www.wikidata.org/entity/Q15253416,Millfield,education
http://www.wikidata.org/entity/Q39212,http://www.wikidata.org/entity/Q41506,Stanford University,education
http://www.wikidata.org/entity/Q39212,http://www.wikidata.org/entity/Q463281,American Academy of Arts and Letters,membership
http://www.wikidata.org/entity/Q39212,http://www.wikidata.org/entity/Q7118978,PEN America,membership
http://www.wikidata.org/entity/Q39212,http://www.wikidata.org/entity/Q7404648,Salinas High School,education
http://www.wikidata.org/entity/Q3966492,http://www.wikidata.org/entity/Q1095773,Clark University,education
http://www.wikidata.org/entity/Q3980231,http://www.wikidata.org/entity/Q1326230,Nihon University,education
http://www.wikidata.org/entity/Q3980231,http://www.wikidata.org/entity/Q493845,United Press International,employment
http://www.wikidata.org/entity/Q4065947,http://www.wikidata.org/entity/Q1425328,USSR Union of Writers,membership
http://www.wikidata.org/entity/Q4069303,http://www.wikidata.org/entity/Q2004114,Plekhanov Russian Economic University,education
http://www.wikidata.org/entity/Q4069303,http://www.wikidata.org/entity/Q4061516,Alexandrov Military School,education
http://www.wikidata.org/entity/Q4069303,http://www.wikidata.org/entity/Q4128093,Second Moscow State University,employment
http://www.wikidata.org/entity/Q4069303,http://www.wikidata.org/entity/Q4204467,Faculty of History and Philology of Moscow University,education
http://www.wikidata.org/entity/Q4069303,http://www.wikidata.org/entity/Q4349732,The First Moscow Cadet Corps,education
http://www.wikidata.org/entity/Q4069303,http://www.wikidata.org/entity/Q4400730,Russky Arkhiv,employment
http://www.wikidata.org/entity/Q4071335,http://www.wikidata.org/entity/Q4480746,MSU Faculty of Journalism,education
http://www.wikidata.org/entity/Q4104509,http://www.wikidata.org/entity/Q322964,Moscow State Institute of International Relations,education
http://www.wikidata.org/entity/Q4104509,http://www.wikidata.org/entity/Q4201381,Institute for African Studies,employment
http://www.wikidata.org/entity/Q4104509,http://www.wikidata.org/entity/Q83172,Russian Academy of Sciences,membership
http://www.wikidata.org/entity/Q4104688,http://www.wikidata.org/entity/Q1250779,Maxim Gorky Literature Institute,education
http://www.wikidata.org/entity/Q4104688,http://www.wikidata.org/entity/Q1425328,USSR Union of Writers,membership
http://www.wikidata.org/entity/Q4121800,http://www.wikidata.org/entity/Q1314076,Tekhnika Molodezhi,employment
http://www.wikidata.org/entity/Q4121800,http://www.wikidata.org/entity/Q16679214,Na Smenu!,employment
http://www.wikidata.org/entity/Q4121800,http://www.wikidata.org/entity/Q16711718,Physical Education and Sport,employment
http://www.wikidata.org/entity/Q4121800,http://www.wikidata.org/entity/Q2912707,military flag,employment
http://www.wikidata.org/entity/Q4121800,http://www.wikidata.org/entity/Q3178120,Yunost,employment
http://www.wikidata.org/entity/Q4122755,http://www.wikidata.org/entity/Q183644,Pravda,employment
http://www.wikidata.org/entity/Q4122755,http://www.wikidata.org/entity/Q4424291,Smena,employment
http://www.wikidata.org/entity/Q4122755,http://www.wikidata.org/entity/Q4484266,Philological Faculty of Moscow State University,education
http://www.wikidata.org/entity/Q4139307,http://www.wikidata.org/entity/Q13164,Lomonosov Moscow State University,education
http://www.wikidata.org/entity/Q4140923,http://www.wikidata.org/entity/Q1130457,Gerasimov Institute of Cinematography,education
http://www.wikidata.org/entity/Q4140923,http://www.wikidata.org/entity/Q1450649,Presidential Council for Civil Society and Human Rights,membership
http://www.wikidata.org/entity/Q4154495,http://www.wikidata.org/entity/Q1425328,USSR Union of Writers,membership
http://www.wikidata.org/entity/Q4168436,http://www.wikidata.org/entity/Q1250779,Maxim Gorky Literature Institute,education
http://www.wikidata.org/entity/Q41692082,http://www.wikidata.org/entity/Q41726,freemasonry,membership
http://www.wikidata.org/entity/Q4191147,http://www.wikidata.org/entity/Q4408464,Saratov State Technical University,education
http://www.wikidata.org/entity/Q4194814,http://www.wikidata.org/entity/Q155172,TV Rain,employment
http://www.wikidata.org/entity/Q4194814,http://www.wikidata.org/entity/Q1780189,Kommersant,employment
http://www.wikidata.org/entity/Q4194814,http://www.wikidata.org/entity/Q2744209,University of Portsmouth,education
http://www.wikidata.org/entity/Q4194814,http://www.wikidata.org/entity/Q322964,Moscow State Institute of International Relations,education
http://www.wikidata.org/entity/Q4218911,http://www.wikidata.org/entity/Q1425328,USSR Union of Writers,membership
http://www.wikidata.org/entity/Q4223718,http://www.wikidata.org/entity/Q1130457,Gerasimov Institute of Cinematography,education
http://www.wikidata.org/entity/Q4223982,http://www.wikidata.org/entity/Q1067870,Charterhouse School,education
http://www.wikidata.org/entity/Q4223982,http://www.wikidata.org/entity/Q805285,Balliol College,education
http://www.wikidata.org/entity/Q4234152,http://www.wikidata.org/entity/Q4450887,Tambov Higher Military Aviation Engineering School,education
http://www.wikidata.org/entity/Q4235683,http://www.wikidata.org/entity/Q4304155,"Moscow Institute of Philosophy, Literature, and History",education
http://www.wikidata.org/entity/Q4260204,http://www.wikidata.org/entity/Q1193547,Tulane University of Louisiana,education
http://www.wikidata.org/entity/Q4260204,http://www.wikidata.org/entity/Q151510,Heidelberg University,education
http://www.wikidata.org/entity/Q4260204,http://www.wikidata.org/entity/Q16974913,Alcee Fortier High School,education
http://www.wikidata.org/entity/Q4260204,http://www.wikidata.org/entity/Q82513,Merton College,education
http://www.wikidata.org/entity/Q4276223,http://www.wikidata.org/entity/Q2379681,Naval Cadet Corps,education
http://www.wikidata.org/entity/Q4280007,http://www.wikidata.org/entity/Q2537294,VGTRK,employment
http://www.wikidata.org/entity/Q4280007,http://www.wikidata.org/entity/Q4480746,MSU Faculty of Journalism,education
http://www.wikidata.org/entity/Q430182,http://www.wikidata.org/entity/Q1264867,Dulwich College,education
http://www.wikidata.org/entity/Q430182,http://www.wikidata.org/entity/Q245247,King's College London,education
http://www.wikidata.org/entity/Q430182,http://www.wikidata.org/entity/Q4732213,Alleyn's School,education
http://www.wikidata.org/entity/Q4327562,http://www.wikidata.org/entity/Q1250779,Maxim Gorky Literature Institute,education
http://www.wikidata.org/entity/Q434578,http://www.wikidata.org/entity/Q14714602,Shorewood High School,education
http://www.wikidata.org/entity/Q4354075,http://www.wikidata.org/entity/Q1425328,USSR Union of Writers,membership
http://www.wikidata.org/entity/Q4354075,http://www.wikidata.org/entity/Q1935120,V. I. Lenin Military-Political Academy,education
http://www.wikidata.org/entity/Q4354891,http://www.wikidata.org/entity/Q1425328,USSR Union of Writers,membership
http://www.wikidata.org/entity/Q4354891,http://www.wikidata.org/entity/Q2379681,Naval Cadet Corps,education
http://www.wikidata.org/entity/Q4357901,http://www.wikidata.org/entity/Q1425328,USSR Union of Writers,membership
http://www.wikidata.org/entity/Q4357901,http://www.wikidata.org/entity/Q28006533,Магілёўскае рэальнае вучылішча,education
http://www.wikidata.org/entity/Q436699,http://www.wikidata.org/entity/Q7659951,Sydney Grammar School,education
http://www.wikidata.org/entity/Q4367499,http://www.wikidata.org/entity/Q2010483,Belgorod State University,education
http://www.wikidata.org/entity/Q4367499,http://www.wikidata.org/entity/Q4059250,Academy of Russian Television,membership
http://www.wikidata.org/entity/Q437013,http://www.wikidata.org/entity/Q49116,Dartmouth College,education
http://www.wikidata.org/entity/Q437013,http://www.wikidata.org/entity/Q6524447,Leominster High School,education
http://www.wikidata.org/entity/Q4380334,http://www.wikidata.org/entity/Q4166273,Donetsk High Military Political School of Engineering and Communication Forces,education
http://www.wikidata.org/entity/Q4380334,http://www.wikidata.org/entity/Q4453246,Tver Military College,education
http://www.wikidata.org/entity/Q438924,http://www.wikidata.org/entity/Q5142861,National School of Buenos Aires,education
http://www.wikidata.org/entity/Q439394,http://www.wikidata.org/entity/Q2274271,Stonyhurst College,education
http://www.wikidata.org/entity/Q439394,http://www.wikidata.org/entity/Q372899,Magnum Photos,membership
http://www.wikidata.org/entity/Q439394,http://www.wikidata.org/entity/Q951946,Lady Margaret Hall,education
http://www.wikidata.org/entity/Q4422452,http://www.wikidata.org/entity/Q3577716,École alsacienne,education
http://www.wikidata.org/entity/Q4422872,http://www.wikidata.org/entity/Q1425328,USSR Union of Writers,membership
http://www.wikidata.org/entity/Q4423120,http://www.wikidata.org/entity/Q4248098,Kurganskoe vysshee voenno-politicheskoe aviat͡sionnoe uchilishche,education
http://www.wikidata.org/entity/Q4441707,http://www.wikidata.org/entity/Q2782141,MSU The Institute of Asian and African Studies,education
http://www.wikidata.org/entity/Q44517,http://www.wikidata.org/entity/Q165980,University of Vienna,education
http://www.wikidata.org/entity/Q44517,http://www.wikidata.org/entity/Q695599,Austrian Federal Government,employment
http://www.wikidata.org/entity/Q446291,http://www.wikidata.org/entity/Q4778674,Aomori Prefectural Aomori High School,education
http://www.wikidata.org/entity/Q44695,http://www.wikidata.org/entity/Q1250779,Maxim Gorky Literature Institute,education
http://www.wikidata.org/entity/Q44695,http://www.wikidata.org/entity/Q1425328,USSR Union of Writers,membership
http://www.wikidata.org/entity/Q44695,http://www.wikidata.org/entity/Q1935120,V. I. Lenin Military-Political Academy,education
http://www.wikidata.org/entity/Q44695,http://www.wikidata.org/entity/Q4304155,"Moscow Institute of Philosophy, Literature, and History",education
http://www.wikidata.org/entity/Q44918180,http://www.wikidata.org/entity/Q114306,Wellington College,education
http://www.wikidata.org/entity/Q44918180,http://www.wikidata.org/entity/Q28695,University of Helsinki,education
http://www.wikidata.org/entity/Q4503108,http://www.wikidata.org/entity/Q161257,"1+1",employment
http://www.wikidata.org/entity/Q4503108,http://www.wikidata.org/entity/Q2914786,Inter,employment
http://www.wikidata.org/entity/Q4503108,http://www.wikidata.org/entity/Q4496334,Kharkiv National University of Arts,education
http://www.wikidata.org/entity/Q4503108,http://www.wikidata.org/entity/Q6450965,Kyiv International University,education
http://www.wikidata.org/entity/Q4511915,http://www.wikidata.org/entity/Q1425328,USSR Union of Writers,membership
http://www.wikidata.org/entity/Q4520770,http://www.wikidata.org/entity/Q322964,Moscow State Institute of International Relations,education
http://www.wikidata.org/entity/Q45315591,http://www.wikidata.org/entity/Q109743508,Writers' Union of the Donetsk People's Republic,membership
http://www.wikidata.org/entity/Q45315591,http://www.wikidata.org/entity/Q122616727,Союз добровольцев Донбасса,membership
http://www.wikidata.org/entity/Q45315591,http://www.wikidata.org/entity/Q4430491,Russian Union of Journalists,membership
http://www.wikidata.org/entity/Q45315591,http://www.wikidata.org/entity/Q80171,Vasyl' Stus Donetsk National University,education
http://www.wikidata.org/entity/Q4538196,http://www.wikidata.org/entity/Q4304155,"Moscow Institute of Philosophy, Literature, and History",education
http://www.wikidata.org/entity/Q45765,http://www.wikidata.org/entity/Q168756,"University of California, Berkeley",education
http://www.wikidata.org/entity/Q45765,http://www.wikidata.org/entity/Q7074010,Oakland High School,education
http://www.wikidata.org/entity/Q461010,http://www.wikidata.org/entity/Q273593,Beaux-Arts de Paris,education
http://www.wikidata.org/entity/Q461341,http://www.wikidata.org/entity/Q3134657,University of Benghazi,education
http://www.wikidata.org/entity/Q461341,http://www.wikidata.org/entity/Q6542812,Libya Alhurra TV,employment
http://www.wikidata.org/entity/Q4662041,http://www.wikidata.org/entity/Q168756,"University of California, Berkeley",education
http://www.wikidata.org/entity/Q4679035,http://www.wikidata.org/entity/Q1202292,Griffith University,education
http://www.wikidata.org/entity/Q4706622,http://www.wikidata.org/entity/Q1277357,Edinburgh Napier University,education
http://www.wikidata.org/entity/Q4706622,http://www.wikidata.org/entity/Q1333399,University of Leicester,education
http://www.wikidata.org/entity/Q4706622,http://www.wikidata.org/entity/Q5211808,Dalziel High School,education
http://www.wikidata.org/entity/Q471546,http://www.wikidata.org/entity/Q7659840,Sydney Boys High School,education
http://www.wikidata.org/entity/Q4718682,http://www.wikidata.org/entity/Q1079140,Indiana University Bloomington,education
http://www.wikidata.org/entity/Q4718682,http://www.wikidata.org/entity/Q188413,Newsweek,employment
http://www.wikidata.org/entity/Q4718682,http://www.wikidata.org/entity/Q6608367,Indiana University,education
http://www.wikidata.org/entity/Q4718682,http://www.wikidata.org/entity/Q7895753,"University of Michigan College of Literature, Science, and the Arts",education
http://www.wikidata.org/entity/Q4718682,http://www.wikidata.org/entity/Q7900207,Urbana High School,education
http://www.wikidata.org/entity/Q47199975,http://www.wikidata.org/entity/Q1558254,Gymnasium Ulricianum,education
http://www.wikidata.org/entity/Q47199975,http://www.wikidata.org/entity/Q156203,Bild,employment
http://www.wikidata.org/entity/Q47199975,http://www.wikidata.org/entity/Q791964,Axel Springer Academy,education
http://www.wikidata.org/entity/Q472783,http://www.wikidata.org/entity/Q1425328,USSR Union of Writers,membership
http://www.wikidata.org/entity/Q4734330,http://www.wikidata.org/entity/Q319239,Tel Aviv University,education
http://www.wikidata.org/entity/Q4734330,http://www.wikidata.org/entity/Q4483504,HaHadashot 13,employment
http://www.wikidata.org/entity/Q4734330,http://www.wikidata.org/entity/Q49127,John F. Kennedy School of Government,education
http://www.wikidata.org/entity/Q47450994,http://www.wikidata.org/entity/Q47451003,Photo service of the Dutch National Socialist Party,employment
http://www.wikidata.org/entity/Q4746095,http://www.wikidata.org/entity/Q738258,University of Miami,education
http://www.wikidata.org/entity/Q4768368,http://www.wikidata.org/entity/Q13371,Harvard University,education
http://www.wikidata.org/entity/Q4768368,http://www.wikidata.org/entity/Q1357891,Middlebury College,education
http://www.wikidata.org/entity/Q4768368,http://www.wikidata.org/entity/Q287171,ABC News,employment
http://www.wikidata.org/entity/Q4768368,http://www.wikidata.org/entity/Q49124,Radcliffe College,education
http://www.wikidata.org/entity/Q4768368,http://www.wikidata.org/entity/Q671510,NPR,employment
http://www.wikidata.org/entity/Q4861783,http://www.wikidata.org/entity/Q5482672,Francis W. Parker School,education
http://www.wikidata.org/entity/Q4886659,http://www.wikidata.org/entity/Q220144,"SOAS, University of London",education
http://www.wikidata.org/entity/Q4886659,http://www.wikidata.org/entity/Q49213,University of Texas at Austin,education
http://www.wikidata.org/entity/Q4893308,http://www.wikidata.org/entity/Q1093910,City College of New York,education
http://www.wikidata.org/entity/Q4893308,http://www.wikidata.org/entity/Q13371,Harvard University,education
http://www.wikidata.org/entity/Q49080,http://www.wikidata.org/entity/Q1482689,Kyiv National Economic University named after Vadym Hetman,education
http://www.wikidata.org/entity/Q493551,http://www.wikidata.org/entity/Q6522592,Northwestern Institute of Management,education
http://www.wikidata.org/entity/Q496027,http://www.wikidata.org/entity/Q40469,Associated Press,employment
http://www.wikidata.org/entity/Q4964822,http://www.wikidata.org/entity/Q2278254,Sherborne School,education
http://www.wikidata.org/entity/Q4964822,http://www.wikidata.org/entity/Q536282,Corpus Christi College,education
http://www.wikidata.org/entity/Q4967613,http://www.wikidata.org/entity/Q7842,University of Tokyo,education
http://www.wikidata.org/entity/Q4972273,http://www.wikidata.org/entity/Q1782926,Konstfack,education
http://www.wikidata.org/entity/Q4972273,http://www.wikidata.org/entity/Q1782926,Konstfack,employment
http://www.wikidata.org/entity/Q4972273,http://www.wikidata.org/entity/Q567743,Stockholms-Tidningen,employment
http://www.wikidata.org/entity/Q5004336,http://www.wikidata.org/entity/Q230492,University of Michigan,education
http://www.wikidata.org/entity/Q50060717,http://www.wikidata.org/entity/Q336197,The Observer,employment
http://www.wikidata.org/entity/Q50060717,http://www.wikidata.org/entity/Q6519777,Leighton Park School,education
http://www.wikidata.org/entity/Q5042832,http://www.wikidata.org/entity/Q1247589,Newnham College,education
http://www.wikidata.org/entity/Q5042832,http://www.wikidata.org/entity/Q9684,The New York Times,employment
http://www.wikidata.org/entity/Q5084065,http://www.wikidata.org/entity/Q17020147,"Royal Military College, Sandhurst",education
http://www.wikidata.org/entity/Q5084065,http://www.wikidata.org/entity/Q192088,Eton College,education
http://www.wikidata.org/entity/Q5093771,http://www.wikidata.org/entity/Q6811784,Melbourne Grammar School,education
http://www.wikidata.org/entity/Q5093771,http://www.wikidata.org/entity/Q7842696,Trinity College,education
http://www.wikidata.org/entity/Q5108247,http://www.wikidata.org/entity/Q458393,Durham University,education
http://www.wikidata.org/entity/Q5108247,http://www.wikidata.org/entity/Q539330,Brighton College,education
http://www.wikidata.org/entity/Q5110817,http://www.wikidata.org/entity/Q7049607,Nonsuch High School for Girls,education
http://www.wikidata.org/entity/Q5110817,http://www.wikidata.org/entity/Q81087,"University College, Oxford",education
http://www.wikidata.org/entity/Q5112000,http://www.wikidata.org/entity/Q34433,University of Oxford,education
http://www.wikidata.org/entity/Q5113407,http://www.wikidata.org/entity/Q2274271,Stonyhurst College,education
http://www.wikidata.org/entity/Q5113407,http://www.wikidata.org/entity/Q805285,Balliol College,education
http://www.wikidata.org/entity/Q516004,http://www.wikidata.org/entity/Q1140542,Mount Holyoke College,employment
http://www.wikidata.org/entity/Q516004,http://www.wikidata.org/entity/Q35794,University of Cambridge,education
http://www.wikidata.org/entity/Q516004,http://www.wikidata.org/entity/Q49122,Harvard Law School,education
http://www.wikidata.org/entity/Q516004,http://www.wikidata.org/entity/Q49165,Amherst College,employment
http://www.wikidata.org/entity/Q516004,http://www.wikidata.org/entity/Q49204,Smith College,employment
http://www.wikidata.org/entity/Q516004,http://www.wikidata.org/entity/Q714717,Christ's College,education
http://www.wikidata.org/entity/Q516004,http://www.wikidata.org/entity/Q7586849,St. Andrew's College,education
http://www.wikidata.org/entity/Q516004,http://www.wikidata.org/entity/Q9531,British Broadcasting Corporation,employment
http://www.wikidata.org/entity/Q5170787,http://www.wikidata.org/entity/Q1256981,San Francisco State University,education
http://www.wikidata.org/entity/Q517945,http://www.wikidata.org/entity/Q49210,New York University,education
http://www.wikidata.org/entity/Q5181586,http://www.wikidata.org/entity/Q166032,The Washington Post,employment
http://www.wikidata.org/entity/Q5181586,http://www.wikidata.org/entity/Q168751,Duke University,education
http://www.wikidata.org/entity/Q5181586,http://www.wikidata.org/entity/Q7886886,Unionville High School,education
http://www.wikidata.org/entity/Q51973534,http://www.wikidata.org/entity/Q44687,Schutzstaffel,membership
http://www.wikidata.org/entity/Q5214843,http://www.wikidata.org/entity/Q40469,Associated Press,employment
http://www.wikidata.org/entity/Q5214843,http://www.wikidata.org/entity/Q43380,CBS,employment
http://www.wikidata.org/entity/Q5214843,http://www.wikidata.org/entity/Q493845,United Press International,employment
http://www.wikidata.org/entity/Q5214843,http://www.wikidata.org/entity/Q6409777,Kimball Union Academy,education
http://www.wikidata.org/entity/Q52155633,http://www.wikidata.org/entity/Q1341516,Westminster School,education
http://www.wikidata.org/entity/Q52155633,http://www.wikidata.org/entity/Q745967,Christ Church,education
http://www.wikidata.org/entity/Q52170382,http://www.wikidata.org/entity/Q27621,Saint Petersburg State University,education
http://www.wikidata.org/entity/Q5236459,http://www.wikidata.org/entity/Q1805145,Abilene Christian University,education
http://www.wikidata.org/entity/Q5242712,http://www.wikidata.org/entity/Q1068752,Howard University,education
http://www.wikidata.org/entity/Q5248217,http://www.wikidata.org/entity/Q13371,Harvard University,education
http://www.wikidata.org/entity/Q5248217,http://www.wikidata.org/entity/Q8026061,Winston Churchill High School,education
http://www.wikidata.org/entity/Q52718733,http://www.wikidata.org/entity/Q13206016,Мәскәү дәүләт университеты,education
http://www.wikidata.org/entity/Q5280188,http://www.wikidata.org/entity/Q43297,Time,employment
http://www.wikidata.org/entity/Q5280188,http://www.wikidata.org/entity/Q493845,United Press International,employment
http://www.wikidata.org/entity/Q5289531,http://www.wikidata.org/entity/Q130879,Reuters,employment
http://www.wikidata.org/entity/Q529290,http://www.wikidata.org/entity/Q168756,"University of California, Berkeley",education
http://www.wikidata.org/entity/Q5294645,http://www.wikidata.org/entity/Q131252,University of Chicago,education
http://www.wikidata.org/entity/Q5294645,http://www.wikidata.org/entity/Q14692455,University of Maryland Global Campus,education
http://www.wikidata.org/entity/Q5294645,http://www.wikidata.org/entity/Q21578,Princeton University,education
http://www.wikidata.org/entity/Q5341389,http://www.wikidata.org/entity/Q136396702,Latvijas preses biedrība,membership
http://www.wikidata.org/entity/Q5341389,http://www.wikidata.org/entity/Q136626789,Latvijas Radiofons,employment
http://www.wikidata.org/entity/Q5341389,http://www.wikidata.org/entity/Q136652183,Tautas Balss,employment
http://www.wikidata.org/entity/Q5341389,http://www.wikidata.org/entity/Q16361561,Ministry of Education and Science,employment
http://www.wikidata.org/entity/Q5341389,http://www.wikidata.org/entity/Q1807077,Latvian Provisional National Council,membership
http://www.wikidata.org/entity/Q5341389,http://www.wikidata.org/entity/Q55285958,Brīvā Zeme,employment
http://www.wikidata.org/entity/Q5341389,http://www.wikidata.org/entity/Q6497507,Latvijas Kareivis,employment
http://www.wikidata.org/entity/Q5341389,http://www.wikidata.org/entity/Q86003135,Latvijas Sargs,employment
http://www.wikidata.org/entity/Q5341389,http://www.wikidata.org/entity/Q968871,Dailes Theatre,employment
http://www.wikidata.org/entity/Q5363503,http://www.wikidata.org/entity/Q8025997,Winsor School,education
http://www.wikidata.org/entity/Q5365836,http://www.wikidata.org/entity/Q1902016,Marlborough College,education
http://www.wikidata.org/entity/Q5386484,http://www.wikidata.org/entity/Q468865,American Legion,membership
http://www.wikidata.org/entity/Q5386484,http://www.wikidata.org/entity/Q49088,Columbia University,education
http://www.wikidata.org/entity/Q5386484,http://www.wikidata.org/entity/Q49112,Yale University,education
http://www.wikidata.org/entity/Q5386484,http://www.wikidata.org/entity/Q5149701,"Columbia Graduate School of Architecture, Planning and Preservation",education
http://www.wikidata.org/entity/Q5387483,http://www.wikidata.org/entity/Q238101,University of Minnesota,education
http://www.wikidata.org/entity/Q5387483,http://www.wikidata.org/entity/Q463303,American Academy of Arts and Sciences,membership
http://www.wikidata.org/entity/Q5387483,http://www.wikidata.org/entity/Q96374662,Central High School,education
http://www.wikidata.org/entity/Q5415579,http://www.wikidata.org/entity/Q193727,Johns Hopkins University,education
http://www.wikidata.org/entity/Q5415579,http://www.wikidata.org/entity/Q2093794,Vassar College,education
http://www.wikidata.org/entity/Q5415579,http://www.wikidata.org/entity/Q5684929,Hawken School,education
http://www.wikidata.org/entity/Q5486856,http://www.wikidata.org/entity/Q1414861,University of Exeter,education
http://www.wikidata.org/entity/Q5486856,http://www.wikidata.org/entity/Q7981486,Wellington School,education
http://www.wikidata.org/entity/Q5486856,http://www.wikidata.org/entity/Q9531,British Broadcasting Corporation,employment
http://www.wikidata.org/entity/Q5493411,http://www.wikidata.org/entity/Q13371,Harvard University,education
http://www.wikidata.org/entity/Q5493411,http://www.wikidata.org/entity/Q157146,French Resistance,membership
http://www.wikidata.org/entity/Q5493411,http://www.wikidata.org/entity/Q188413,Newsweek,employment
http://www.wikidata.org/entity/Q5493411,http://www.wikidata.org/entity/Q477986,French Armed Forces,employment
http://www.wikidata.org/entity/Q5493411,http://www.wikidata.org/entity/Q493845,United Press International,employment
http://www.wikidata.org/entity/Q55120392,http://www.wikidata.org/entity/Q49210,New York University,employment
http://www.wikidata.org/entity/Q55120392,http://www.wikidata.org/entity/Q838330,University of Wisconsin–Madison,education
http://www.wikidata.org/entity/Q551491,http://www.wikidata.org/entity/Q178848,University of Notre Dame,education
http://www.wikidata.org/entity/Q551491,http://www.wikidata.org/entity/Q372899,Magnum Photos,membership
http://www.wikidata.org/entity/Q551491,http://www.wikidata.org/entity/Q7998147,Wichita North High School,education
http://www.wikidata.org/entity/Q5525380,http://www.wikidata.org/entity/Q13371,Harvard University,education
http://www.wikidata.org/entity/Q5525380,http://www.wikidata.org/entity/Q4787934,Arden,education
http://www.wikidata.org/entity/Q5525380,http://www.wikidata.org/entity/Q7764578,"The Sixth Form College, Solihull",education
http://www.wikidata.org/entity/Q5531414,http://www.wikidata.org/entity/Q13371,Harvard University,education
http://www.wikidata.org/entity/Q5531414,http://www.wikidata.org/entity/Q192334,University of North Carolina at Chapel Hill,education
http://www.wikidata.org/entity/Q5531414,http://www.wikidata.org/entity/Q503415,University of Maryland,employment
http://www.wikidata.org/entity/Q5531414,http://www.wikidata.org/entity/Q6773136,Mars Hill University,education
http://www.wikidata.org/entity/Q5534419,http://www.wikidata.org/entity/Q3560910,Highgate School,education
http://www.wikidata.org/entity/Q5534546,http://www.wikidata.org/entity/Q81170,Oriel College,education
http://www.wikidata.org/entity/Q5541704,http://www.wikidata.org/entity/Q7413434,San Bernardino High School,education
http://www.wikidata.org/entity/Q5541704,http://www.wikidata.org/entity/Q913861,San Diego State University,education
http://www.wikidata.org/entity/Q55563652,http://www.wikidata.org/entity/Q219694,Complutense University of Madrid,education
http://www.wikidata.org/entity/Q55615144,http://www.wikidata.org/entity/Q7330875,Richmond Hill High School,education
http://www.wikidata.org/entity/Q5592398,http://www.wikidata.org/entity/Q7974200,Waterloo-Oxford District Secondary School,education
http://www.wikidata.org/entity/Q5596934,http://www.wikidata.org/entity/Q1115050,United States Army Command and General Staff College,education
http://www.wikidata.org/entity/Q5596934,http://www.wikidata.org/entity/Q2599077,Yale College,education
http://www.wikidata.org/entity/Q5610253,http://www.wikidata.org/entity/Q5568133,Glenalmond College,education
http://www.wikidata.org/entity/Q561342,http://www.wikidata.org/entity/Q12461,Le Monde,employment
http://www.wikidata.org/entity/Q561342,http://www.wikidata.org/entity/Q678095,Paris Match,employment
http://www.wikidata.org/entity/Q5644949,http://www.wikidata.org/entity/Q5445986,Fettes College,education
http://www.wikidata.org/entity/Q5662367,http://www.wikidata.org/entity/Q559549,United States Naval Academy,education
http://www.wikidata.org/entity/Q5702619,http://www.wikidata.org/entity/Q49204,Smith College,education
http://www.wikidata.org/entity/Q5702619,http://www.wikidata.org/entity/Q503473,University of Geneva,education
http://www.wikidata.org/entity/Q5702619,http://www.wikidata.org/entity/Q6785436,Masters School,education
http://www.wikidata.org/entity/Q573995,http://www.wikidata.org/entity/Q2529982,The New York Times Company,employment
http://www.wikidata.org/entity/Q573995,http://www.wikidata.org/entity/Q5738839,Heritage Hall School,education
http://www.wikidata.org/entity/Q573995,http://www.wikidata.org/entity/Q640652,University of Oklahoma,education
http://www.wikidata.org/entity/Q573995,http://www.wikidata.org/entity/Q838330,University of Wisconsin–Madison,education
http://www.wikidata.org/entity/Q57781270,http://www.wikidata.org/entity/Q7178,International Red Cross and Red Crescent Movement,employment
http://www.wikidata.org/entity/Q5875912,http://www.wikidata.org/entity/Q13477,Al Jazeera,employment
http://www.wikidata.org/entity/Q5920326,http://www.wikidata.org/entity/Q81170,Oriel College,education
http://www.wikidata.org/entity/Q5928039,http://www.wikidata.org/entity/Q219615,University of Barcelona,education
http://www.wikidata.org/entity/Q5928039,http://www.wikidata.org/entity/Q64821301,Ciudadanos Batzorde Exekutiboa,membership
http://www.wikidata.org/entity/Q59526793,http://www.wikidata.org/entity/Q9684,The New York Times,employment
http://www.wikidata.org/entity/Q597124,http://www.wikidata.org/entity/Q167273,Reial Acadèmia Catalana de Belles Arts de Sant Jordi,membership
http://www.wikidata.org/entity/Q59780819,http://www.wikidata.org/entity/Q12332727,Radio24syv,employment
http://www.wikidata.org/entity/Q59780819,http://www.wikidata.org/entity/Q1308139,The Daily Beast,employment
http://www.wikidata.org/entity/Q59780819,http://www.wikidata.org/entity/Q170027,University of London,education
http://www.wikidata.org/entity/Q59780819,http://www.wikidata.org/entity/Q18049522,HuffPost,employment
http://www.wikidata.org/entity/Q59780819,http://www.wikidata.org/entity/Q188413,Newsweek,employment
http://www.wikidata.org/entity/Q59780819,http://www.wikidata.org/entity/Q188515,Los Angeles Times,employment
http://www.wikidata.org/entity/Q59780819,http://www.wikidata.org/entity/Q221718,The Seattle Times,employment
http://www.wikidata.org/entity/Q59780819,http://www.wikidata.org/entity/Q3109740,Politico,employment
http://www.wikidata.org/entity/Q59780819,http://www.wikidata.org/entity/Q333886,Georgetown University,education
http://www.wikidata.org/entity/Q59780819,http://www.wikidata.org/entity/Q49088,Columbia University,education
http://www.wikidata.org/entity/Q59780819,http://www.wikidata.org/entity/Q619899,Mashable,employment
http://www.wikidata.org/entity/Q59780819,http://www.wikidata.org/entity/Q844673,Columbia University Graduate School of Journalism,education
http://www.wikidata.org/entity/Q60128,http://www.wikidata.org/entity/Q1425328,USSR Union of Writers,membership
http://www.wikidata.org/entity/Q60128,http://www.wikidata.org/entity/Q1971373,Central Committee of the Communist Party of the Soviet Union,membership
http://www.wikidata.org/entity/Q6066318,http://www.wikidata.org/entity/Q49088,Columbia University,education
http://www.wikidata.org/entity/Q6099790,http://www.wikidata.org/entity/Q219694,Complutense University of Madrid,education
http://www.wikidata.org/entity/Q6099790,http://www.wikidata.org/entity/Q50009,El País,employment
http://www.wikidata.org/entity/Q6099790,http://www.wikidata.org/entity/Q8774265,elDiario.es,employment
http://www.wikidata.org/entity/Q6108333,http://www.wikidata.org/entity/Q110798408,TelevisaUnivision,employment
http://www.wikidata.org/entity/Q6108333,http://www.wikidata.org/entity/Q1274521,Agencia EFE,employment
http://www.wikidata.org/entity/Q6108333,http://www.wikidata.org/entity/Q219694,Complutense University of Madrid,employment
http://www.wikidata.org/entity/Q6108333,http://www.wikidata.org/entity/Q2638120,Mediaset España,employment
http://www.wikidata.org/entity/Q6108333,http://www.wikidata.org/entity/Q4749622,América CV Network,employment
http://www.wikidata.org/entity/Q6108333,http://www.wikidata.org/entity/Q54829,RTVE,employment
http://www.wikidata.org/entity/Q6108333,http://www.wikidata.org/entity/Q5854766,"Faculty of Information Sciences, Complutense University of Madrid",education
http://www.wikidata.org/entity/Q6108333,http://www.wikidata.org/entity/Q6456761,Radio Televisión Madrid,employment
http://www.wikidata.org/entity/Q6108333,http://www.wikidata.org/entity/Q724759,NBCUniversal,employment
http://www.wikidata.org/entity/Q6108333,http://www.wikidata.org/entity/Q8350122,Consorcio Regional de Transportes de Madrid,employment
http://www.wikidata.org/entity/Q6109396,http://www.wikidata.org/entity/Q1052614,Utah State University,education
http://www.wikidata.org/entity/Q6109396,http://www.wikidata.org/entity/Q1727138,Los Angeles City College,education
http://www.wikidata.org/entity/Q6109396,http://www.wikidata.org/entity/Q7978750,Weber High School,education
http://www.wikidata.org/entity/Q6112214,http://www.wikidata.org/entity/Q1079140,Indiana University Bloomington,education
http://www.wikidata.org/entity/Q6112214,http://www.wikidata.org/entity/Q52811528,Faculty of Communication Sciences,education
http://www.wikidata.org/entity/Q6112214,http://www.wikidata.org/entity/Q54829,RTVE,employment
http://www.wikidata.org/entity/Q6112214,http://www.wikidata.org/entity/Q8350008,Catalan Audiovisual Council,employment
http://www.wikidata.org/entity/Q6112214,http://www.wikidata.org/entity/Q8350008,Catalan Audiovisual Council,membership
http://www.wikidata.org/entity/Q6114577,http://www.wikidata.org/entity/Q1047060,Case Western Reserve University,education
http://www.wikidata.org/entity/Q6133484,http://www.wikidata.org/entity/Q1902016,Marlborough College,education
http://www.wikidata.org/entity/Q6133484,http://www.wikidata.org/entity/Q34433,University of Oxford,education
http://www.wikidata.org/entity/Q6133484,http://www.wikidata.org/entity/Q458393,Durham University,education
http://www.wikidata.org/entity/Q6133484,http://www.wikidata.org/entity/Q4667847,Abingdon School,education
http://www.wikidata.org/entity/Q6136813,http://www.wikidata.org/entity/Q2713264,Daily Herald,employment
http://www.wikidata.org/entity/Q6136813,http://www.wikidata.org/entity/Q3012095,Daily Sketch,employment
http://www.wikidata.org/entity/Q6136813,http://www.wikidata.org/entity/Q3495346,St Olave's and St Saviour's Grammar School,education
http://www.wikidata.org/entity/Q6150576,http://www.wikidata.org/entity/Q5121453,Circle in the Square Theatre School,education
http://www.wikidata.org/entity/Q6150576,http://www.wikidata.org/entity/Q838330,University of Wisconsin–Madison,education
http://www.wikidata.org/entity/Q6154487,http://www.wikidata.org/entity/Q1126143,Society of Fighters for Freedom and Democracy,membership
http://www.wikidata.org/entity/Q6154487,http://www.wikidata.org/entity/Q2032666,Union of Belarusian Writers,membership
http://www.wikidata.org/entity/Q6154487,http://www.wikidata.org/entity/Q7210006,Polish Writers' Union,membership
http://www.wikidata.org/entity/Q61597,http://www.wikidata.org/entity/Q1215395,Die Pfeffermühle,membership
http://www.wikidata.org/entity/Q6173656,http://www.wikidata.org/entity/Q107074885,Warner Bros. Discovery,employment
http://www.wikidata.org/entity/Q6173656,http://www.wikidata.org/entity/Q28381743,El Independiente,employment
http://www.wikidata.org/entity/Q6173656,http://www.wikidata.org/entity/Q2841026,La Región,employment
http://www.wikidata.org/entity/Q6173656,http://www.wikidata.org/entity/Q3312427,La Voz de Galicia,employment
http://www.wikidata.org/entity/Q6173656,http://www.wikidata.org/entity/Q3832488,Limes magazine,employment
http://www.wikidata.org/entity/Q6173656,http://www.wikidata.org/entity/Q506978,Diario 16,employment
http://www.wikidata.org/entity/Q6173656,http://www.wikidata.org/entity/Q54829,RTVE,employment
http://www.wikidata.org/entity/Q6173656,http://www.wikidata.org/entity/Q5854766,"Faculty of Information Sciences, Complutense University of Madrid",education
http://www.wikidata.org/entity/Q6173656,http://www.wikidata.org/entity/Q605401,Condé Nast,employment
http://www.wikidata.org/entity/Q6173656,http://www.wikidata.org/entity/Q6426448,Prensa Ibérica,employment
http://www.wikidata.org/entity/Q6173656,http://www.wikidata.org/entity/Q778079,Marie Claire,employment
http://www.wikidata.org/entity/Q6173656,http://www.wikidata.org/entity/Q9531,British Broadcasting Corporation,employment
http://www.wikidata.org/entity/Q6194484,http://www.wikidata.org/entity/Q6806876,Medill School of Journalism,education
http://www.wikidata.org/entity/Q6210407,http://www.wikidata.org/entity/Q49211,Rensselaer Polytechnic Institute,education
http://www.wikidata.org/entity/Q63213321,http://www.wikidata.org/entity/Q219694,Complutense University of Madrid,education
http://www.wikidata.org/entity/Q639274,http://www.wikidata.org/entity/Q1341516,Westminster School,education
http://www.wikidata.org/entity/Q639274,http://www.wikidata.org/entity/Q863940,Gonville and Caius College,education
http://www.wikidata.org/entity/Q6409915,http://www.wikidata.org/entity/Q49205,Wellesley College,education
http://www.wikidata.org/entity/Q64502992,http://www.wikidata.org/entity/Q88769253,Conti-Press,employment
http://www.wikidata.org/entity/Q64685794,http://www.wikidata.org/entity/Q170027,University of London,education
http://www.wikidata.org/entity/Q64685858,http://www.wikidata.org/entity/Q50008,The Times,employment
http://www.wikidata.org/entity/Q6529033,http://www.wikidata.org/entity/Q168756,"University of California, Berkeley",education
http://www.wikidata.org/entity/Q6529033,http://www.wikidata.org/entity/Q21578,Princeton University,education
http://www.wikidata.org/entity/Q6540496,http://www.wikidata.org/entity/Q4026048,HaHadashot 12,employment
http://www.wikidata.org/entity/Q6558725,http://www.wikidata.org/entity/Q49260,Norwegian Association for Women's Rights,membership
http://www.wikidata.org/entity/Q66041141,http://www.wikidata.org/entity/Q278637,Bayerischer Rundfunk,employment
http://www.wikidata.org/entity/Q66487154,http://www.wikidata.org/entity/Q10379501,College of Military Culture at the PLA National Defense University,employment
http://www.wikidata.org/entity/Q66487154,http://www.wikidata.org/entity/Q10872932,August First Film Studio,employment
http://www.wikidata.org/entity/Q66487154,http://www.wikidata.org/entity/Q987846,People's Liberation Army Daily,employment
http://www.wikidata.org/entity/Q671985,http://www.wikidata.org/entity/Q1062623,Moskovskij Komsomolets,employment
http://www.wikidata.org/entity/Q671985,http://www.wikidata.org/entity/Q170135,Novaya Gazeta,employment
http://www.wikidata.org/entity/Q671985,http://www.wikidata.org/entity/Q4069579,Armeyskiy magazin,employment
http://www.wikidata.org/entity/Q671985,http://www.wikidata.org/entity/Q4374333,Postskriptum,employment
http://www.wikidata.org/entity/Q671985,http://www.wikidata.org/entity/Q4426595,Modern University for the Humanities,education
http://www.wikidata.org/entity/Q6722979,http://www.wikidata.org/entity/Q2274271,Stonyhurst College,education
http://www.wikidata.org/entity/Q6758045,http://www.wikidata.org/entity/Q4852575,Balshaw's Church of England High School,education
http://www.wikidata.org/entity/Q6767269,http://www.wikidata.org/entity/Q13371,Harvard University,education
http://www.wikidata.org/entity/Q6767269,http://www.wikidata.org/entity/Q168756,"University of California, Berkeley",employment
http://www.wikidata.org/entity/Q6767269,http://www.wikidata.org/entity/Q49123,Harvard College,education
http://www.wikidata.org/entity/Q6767269,http://www.wikidata.org/entity/Q7902789,Utica Free Academy,education
http://www.wikidata.org/entity/Q6774522,http://www.wikidata.org/entity/Q13563196,White House press corps,membership
http://www.wikidata.org/entity/Q6774522,http://www.wikidata.org/entity/Q168515,University of Utah,education
http://www.wikidata.org/entity/Q6779734,http://www.wikidata.org/entity/Q49204,Smith College,education
http://www.wikidata.org/entity/Q6791162,http://www.wikidata.org/entity/Q201492,McGill University,education
http://www.wikidata.org/entity/Q6791162,http://www.wikidata.org/entity/Q9684,The New York Times,employment
http://www.wikidata.org/entity/Q6793132,http://www.wikidata.org/entity/Q1191335,Colgate University,education
http://www.wikidata.org/entity/Q6793132,http://www.wikidata.org/entity/Q13371,Harvard University,education
http://www.wikidata.org/entity/Q6828648,http://www.wikidata.org/entity/Q35794,University of Cambridge,education
http://www.wikidata.org/entity/Q6828648,http://www.wikidata.org/entity/Q6519777,Leighton Park School,education
http://www.wikidata.org/entity/Q6829765,http://www.wikidata.org/entity/Q1524124,Morehouse College,education
http://www.wikidata.org/entity/Q6829765,http://www.wikidata.org/entity/Q49122,Harvard Law School,education
http://www.wikidata.org/entity/Q6829765,http://www.wikidata.org/entity/Q617433,Syracuse University,education
http://www.wikidata.org/entity/Q6830516,http://www.wikidata.org/entity/Q179036,The Catholic University of America,education
http://www.wikidata.org/entity/Q6830516,http://www.wikidata.org/entity/Q501758,University of Florida,education
http://www.wikidata.org/entity/Q6830516,http://www.wikidata.org/entity/Q501758,University of Florida,employment
http://www.wikidata.org/entity/Q6830516,http://www.wikidata.org/entity/Q644789,Catholic University of Leuven,education
http://www.wikidata.org/entity/Q6835217,http://www.wikidata.org/entity/Q4968573,Brisbane Grammar School,education
http://www.wikidata.org/entity/Q6835217,http://www.wikidata.org/entity/Q866012,University of Queensland,education
http://www.wikidata.org/entity/Q6860560,http://www.wikidata.org/entity/Q366507,Radio Television of Serbia,employment
http://www.wikidata.org/entity/Q6860560,http://www.wikidata.org/entity/Q6592266,"Faculty of Political Sciences, University of Belgrade",education
http://www.wikidata.org/entity/Q6939240,http://www.wikidata.org/entity/Q4614,University of Southern California,employment
http://www.wikidata.org/entity/Q6939240,http://www.wikidata.org/entity/Q4884367,Belmont High School,education
http://www.wikidata.org/entity/Q6939446,http://www.wikidata.org/entity/Q487556,University of Sydney,education
http://www.wikidata.org/entity/Q697096,http://www.wikidata.org/entity/Q1247373,Harrow School,education
http://www.wikidata.org/entity/Q697096,http://www.wikidata.org/entity/Q47509789,Bright Young Things,membership
http://www.wikidata.org/entity/Q697096,http://www.wikidata.org/entity/Q5693502,Heath Mount School,education
http://www.wikidata.org/entity/Q697096,http://www.wikidata.org/entity/Q691283,St John's College,education
http://www.wikidata.org/entity/Q697096,http://www.wikidata.org/entity/Q7592927,St Cyprian's School,education
http://www.wikidata.org/entity/Q69776,http://www.wikidata.org/entity/Q2324349,Staatliche Fachakademie für Fotodesign München,education
http://www.wikidata.org/entity/Q70016713,http://www.wikidata.org/entity/Q258464,"Trinity College, Dublin",education
http://www.wikidata.org/entity/Q700323,http://www.wikidata.org/entity/Q154804,Leipzig University,education
http://www.wikidata.org/entity/Q700323,http://www.wikidata.org/entity/Q928966,Corps Fraternitas Arctica,membership
http://www.wikidata.org/entity/Q702625,http://www.wikidata.org/entity/Q10177,École Centrale de Lyon,education
http://www.wikidata.org/entity/Q702625,http://www.wikidata.org/entity/Q372899,Magnum Photos,membership
http://www.wikidata.org/entity/Q702625,http://www.wikidata.org/entity/Q8625,Collège-lycée Ampère,education
http://www.wikidata.org/entity/Q705515,http://www.wikidata.org/entity/Q4480746,MSU Faculty of Journalism,education
http://www.wikidata.org/entity/Q706662,http://www.wikidata.org/entity/Q414052,"Academy of Fine Arts, Munich",education
http://www.wikidata.org/entity/Q706662,http://www.wikidata.org/entity/Q464752,Dresden Academy of Fine Arts,education
http://www.wikidata.org/entity/Q709579,http://www.wikidata.org/entity/Q54824116,Olympia-Film,employment
http://www.wikidata.org/entity/Q714739,http://www.wikidata.org/entity/Q44386053,Odesa Agrarian University main building,education
http://www.wikidata.org/entity/Q7154771,http://www.wikidata.org/entity/Q22868,RT,employment
http://www.wikidata.org/entity/Q7154771,http://www.wikidata.org/entity/Q534643,University of the Witwatersrand,education
http://www.wikidata.org/entity/Q7154771,http://www.wikidata.org/entity/Q7975420,Waverley Girls' High School,education
http://www.wikidata.org/entity/Q7177423,http://www.wikidata.org/entity/Q13371,Harvard University,education
http://www.wikidata.org/entity/Q7177423,http://www.wikidata.org/entity/Q209842,University of Paris,education
http://www.wikidata.org/entity/Q7177423,http://www.wikidata.org/entity/Q230492,University of Michigan,education
http://www.wikidata.org/entity/Q7177423,http://www.wikidata.org/entity/Q5366771,Elmhurst High School,education
http://www.wikidata.org/entity/Q7177423,http://www.wikidata.org/entity/Q859363,Sciences Po,education
http://www.wikidata.org/entity/Q724357,http://www.wikidata.org/entity/Q1250779,Maxim Gorky Literature Institute,employment
http://www.wikidata.org/entity/Q724357,http://www.wikidata.org/entity/Q13164,Lomonosov Moscow State University,education
http://www.wikidata.org/entity/Q7274096,http://www.wikidata.org/entity/Q2529982,The New York Times Company,employment
http://www.wikidata.org/entity/Q7274096,http://www.wikidata.org/entity/Q49088,Columbia University,education
http://www.wikidata.org/entity/Q7274096,http://www.wikidata.org/entity/Q5149901,Columbia University School of General Studies,education
http://www.wikidata.org/entity/Q7298605,http://www.wikidata.org/entity/Q6722050,MacMurray College,education
http://www.wikidata.org/entity/Q7298605,http://www.wikidata.org/entity/Q8012895,Stanford Law School,education
http://www.wikidata.org/entity/Q731139,http://www.wikidata.org/entity/Q11148,The Guardian,employment
http://www.wikidata.org/entity/Q731139,http://www.wikidata.org/entity/Q9531,British Broadcasting Corporation,employment
http://www.wikidata.org/entity/Q7326185,http://www.wikidata.org/entity/Q1426464,Phillips Exeter Academy,education
http://www.wikidata.org/entity/Q7326185,http://www.wikidata.org/entity/Q2599077,Yale College,education
http://www.wikidata.org/entity/Q7326185,http://www.wikidata.org/entity/Q911830,University of Michigan Law School,education
http://www.wikidata.org/entity/Q7329477,http://www.wikidata.org/entity/Q6806876,Medill School of Journalism,education
http://www.wikidata.org/entity/Q7329477,http://www.wikidata.org/entity/Q7335662,Ripon College,education
http://www.wikidata.org/entity/Q73503174,http://www.wikidata.org/entity/Q73478996,Sociedad Española de Dibujos Animados,membership
http://www.wikidata.org/entity/Q7364208,http://www.wikidata.org/entity/Q168000,American University,education
http://www.wikidata.org/entity/Q737545,http://www.wikidata.org/entity/Q774489,Somerville College,education
http://www.wikidata.org/entity/Q7384540,http://www.wikidata.org/entity/Q215279,freelancer,employment
http://www.wikidata.org/entity/Q7384540,http://www.wikidata.org/entity/Q2698482,Calvin University,education
http://www.wikidata.org/entity/Q7396436,http://www.wikidata.org/entity/Q167733,Barnard College,education
http://www.wikidata.org/entity/Q7405281,http://www.wikidata.org/entity/Q7161975,Pembroke School,education
http://www.wikidata.org/entity/Q7405281,http://www.wikidata.org/entity/Q7589923,St. Mark's College,education
http://www.wikidata.org/entity/Q7435888,http://www.wikidata.org/entity/Q5517253,Gainesville High School,education
http://www.wikidata.org/entity/Q74596,http://www.wikidata.org/entity/Q1697093,Johannes-Kepler-Gymnasium,education
http://www.wikidata.org/entity/Q75265,http://www.wikidata.org/entity/Q1202293,German Democratic Legion,membership
http://www.wikidata.org/entity/Q75835,http://www.wikidata.org/entity/Q152171,University of Bonn,education
http://www.wikidata.org/entity/Q75835,http://www.wikidata.org/entity/Q1878581,Lycée classique de Diekirch,education
http://www.wikidata.org/entity/Q7597533,http://www.wikidata.org/entity/Q41506,Stanford University,education
http://www.wikidata.org/entity/Q7597533,http://www.wikidata.org/entity/Q7141532,Pasadena City College,education
http://www.wikidata.org/entity/Q7609179,http://www.wikidata.org/entity/Q160302,University of Edinburgh,education
http://www.wikidata.org/entity/Q76632,http://www.wikidata.org/entity/Q15787840,Gewerbeschule,education
http://www.wikidata.org/entity/Q76632,http://www.wikidata.org/entity/Q212478,Kreuzzeitung,employment
http://www.wikidata.org/entity/Q76632,http://www.wikidata.org/entity/Q2460101,Tunnel über der Spree,membership
http://www.wikidata.org/entity/Q76632,http://www.wikidata.org/entity/Q42409359,Altes Gymnasium Neuruppin,education
http://www.wikidata.org/entity/Q76655843,http://www.wikidata.org/entity/Q9531,British Broadcasting Corporation,employment
http://www.wikidata.org/entity/Q766913,http://www.wikidata.org/entity/Q3445541,Cheyney University of Pennsylvania,education
http://www.wikidata.org/entity/Q766913,http://www.wikidata.org/entity/Q6923393,Mount Saint Charles Academy,education
http://www.wikidata.org/entity/Q766913,http://www.wikidata.org/entity/Q861764,CBS News,employment
http://www.wikidata.org/entity/Q7679021,http://www.wikidata.org/entity/Q14920443,Newington College,education
http://www.wikidata.org/entity/Q7679021,http://www.wikidata.org/entity/Q781365,Australian Broadcasting Corporation,employment
http://www.wikidata.org/entity/Q76935,http://www.wikidata.org/entity/Q40469,Associated Press,employment
http://www.wikidata.org/entity/Q769468,http://www.wikidata.org/entity/Q19969393,Colegio de Periodistas de Chile,membership
http://www.wikidata.org/entity/Q77347,http://www.wikidata.org/entity/Q2837982,Alliance-Photo,employment
http://www.wikidata.org/entity/Q77347,http://www.wikidata.org/entity/Q372899,Magnum Photos,employment
http://www.wikidata.org/entity/Q77475,http://www.wikidata.org/entity/Q154804,Leipzig University,education
http://www.wikidata.org/entity/Q77475,http://www.wikidata.org/entity/Q157808,Technical University of Munich,education
http://www.wikidata.org/entity/Q77713414,http://www.wikidata.org/entity/Q217623,Daily Mirror,employment
http://www.wikidata.org/entity/Q77713414,http://www.wikidata.org/entity/Q2915952,Canadian Expeditionary Force,employment
http://www.wikidata.org/entity/Q7788166,http://www.wikidata.org/entity/Q45128629,Edward Anthony & Co.,employment
http://www.wikidata.org/entity/Q7788166,http://www.wikidata.org/entity/Q5321681,E. & H. T. Anthony & Co.,employment
http://www.wikidata.org/entity/Q7789792,http://www.wikidata.org/entity/Q4380853,Missouri University of Science and Technology,education
http://www.wikidata.org/entity/Q7803896,http://www.wikidata.org/entity/Q7244065,"Prince Henry's Grammar School, Otley",education
http://www.wikidata.org/entity/Q7815948,http://www.wikidata.org/entity/Q238101,University of Minnesota,education
http://www.wikidata.org/entity/Q7815948,http://www.wikidata.org/entity/Q4775041,Antioch University New England,education
http://www.wikidata.org/entity/Q78185432,http://www.wikidata.org/entity/Q2031051,Perm State National Research University,education
http://www.wikidata.org/entity/Q7860035,http://www.wikidata.org/entity/Q49110,Boston University,education
http://www.wikidata.org/entity/Q7860035,http://www.wikidata.org/entity/Q4948171,Boston University College of Communication,education
http://www.wikidata.org/entity/Q7860035,http://www.wikidata.org/entity/Q7600472,Staples High School,education
http://www.wikidata.org/entity/Q79059219,http://www.wikidata.org/entity/Q15857340,Ukrainian Association of Professional Photographers,membership
http://www.wikidata.org/entity/Q79059219,http://www.wikidata.org/entity/Q1980701,Kharkiv National University of Radioelectronics,education
http://www.wikidata.org/entity/Q79059219,http://www.wikidata.org/entity/Q40469,Associated Press,employment
http://www.wikidata.org/entity/Q79059219,http://www.wikidata.org/entity/Q56376303,PEN Ukraine,membership
http://www.wikidata.org/entity/Q7926046,http://www.wikidata.org/entity/Q1140775,Reed College,education
http://www.wikidata.org/entity/Q7926046,http://www.wikidata.org/entity/Q766145,University of Oregon,education
http://www.wikidata.org/entity/Q7932728,http://www.wikidata.org/entity/Q2340211,Jamia Millia Islamia,education
http://www.wikidata.org/entity/Q7932728,http://www.wikidata.org/entity/Q4095278,Manipal Academy of Higher Education,education
http://www.wikidata.org/entity/Q7932728,http://www.wikidata.org/entity/Q844673,Columbia University Graduate School of Journalism,education
http://www.wikidata.org/entity/Q7964150,http://www.wikidata.org/entity/Q110587,Royal Irish Academy,membership
http://www.wikidata.org/entity/Q7964150,http://www.wikidata.org/entity/Q16933227,Historic Society of Lancashire and Cheshire,membership
http://www.wikidata.org/entity/Q7964150,http://www.wikidata.org/entity/Q609646,St John's College,education
http://www.wikidata.org/entity/Q7964150,http://www.wikidata.org/entity/Q82513,Merton College,education
http://www.wikidata.org/entity/Q7969034,http://www.wikidata.org/entity/Q188413,Newsweek,employment
http://www.wikidata.org/entity/Q7969034,http://www.wikidata.org/entity/Q463281,American Academy of Arts and Letters,membership
http://www.wikidata.org/entity/Q7969034,http://www.wikidata.org/entity/Q6475860,Lake Forest Academy,education
http://www.wikidata.org/entity/Q7969034,http://www.wikidata.org/entity/Q906437,Cranbrook Educational Community,education
http://www.wikidata.org/entity/Q7987177,http://www.wikidata.org/entity/Q283457,E. W. Scripps Company,employment
http://www.wikidata.org/entity/Q7987177,http://www.wikidata.org/entity/Q493845,United Press International,employment
http://www.wikidata.org/entity/Q7987177,http://www.wikidata.org/entity/Q6694532,Loyola Academy,education
http://www.wikidata.org/entity/Q8007849,http://www.wikidata.org/entity/Q3791290,Bureau of American Ethnology,employment
http://www.wikidata.org/entity/Q8007849,http://www.wikidata.org/entity/Q49088,Columbia University,education
http://www.wikidata.org/entity/Q8019109,http://www.wikidata.org/entity/Q6139908,James Monroe High School (California),education
http://www.wikidata.org/entity/Q8026045,http://www.wikidata.org/entity/Q13371,Harvard University,education
http://www.wikidata.org/entity/Q8026045,http://www.wikidata.org/entity/Q49088,Columbia University,education
http://www.wikidata.org/entity/Q8029120,http://www.wikidata.org/entity/Q1427385,Tygodnik Powszechny,employment
http://www.wikidata.org/entity/Q8029120,http://www.wikidata.org/entity/Q144488,University of Warsaw,education
http://www.wikidata.org/entity/Q8029120,http://www.wikidata.org/entity/Q1484980,Polish Press Agency,employment
http://www.wikidata.org/entity/Q8029120,http://www.wikidata.org/entity/Q741296,Gazeta Wyborcza,employment
http://www.wikidata.org/entity/Q8048898,http://www.wikidata.org/entity/Q130879,Reuters,employment
http://www.wikidata.org/entity/Q8048898,http://www.wikidata.org/entity/Q1760791,Middlesex University,education
http://www.wikidata.org/entity/Q81782603,http://www.wikidata.org/entity/Q875637,College of William & Mary,education
http://www.wikidata.org/entity/Q8198059,http://www.wikidata.org/entity/Q157146,French Resistance,membership
http://www.wikidata.org/entity/Q8198059,http://www.wikidata.org/entity/Q16888321,Crónica,employment
http://www.wikidata.org/entity/Q8198059,http://www.wikidata.org/entity/Q20103540,Lyceum Club de Barcelona,membership
http://www.wikidata.org/entity/Q8198059,http://www.wikidata.org/entity/Q20105001,Club Femení i d'Esports de Barcelona,membership
http://www.wikidata.org/entity/Q8198059,http://www.wikidata.org/entity/Q5401835,Lecturas,employment
http://www.wikidata.org/entity/Q8198059,http://www.wikidata.org/entity/Q5821801,El Día Gráfico,employment
http://www.wikidata.org/entity/Q8198059,http://www.wikidata.org/entity/Q7156,Fc Barcelona,employment
http://www.wikidata.org/entity/Q8201046,http://www.wikidata.org/entity/Q11481986,Agrupació Fotogràfica de Catalunya,membership
http://www.wikidata.org/entity/Q8201046,http://www.wikidata.org/entity/Q511533,La Vanguardia,employment
http://www.wikidata.org/entity/Q831101,http://www.wikidata.org/entity/Q153626,Waffen-SS,employment
http://www.wikidata.org/entity/Q84121088,http://www.wikidata.org/entity/Q93220158,Section photographique et cinématographique de l’armée,employment
http://www.wikidata.org/entity/Q84515001,http://www.wikidata.org/entity/Q24685998,Instituto Cardenal Cisneros,education
http://www.wikidata.org/entity/Q84593699,http://www.wikidata.org/entity/Q85821479,Photografisch Atelier Kurkdjian,employment
http://www.wikidata.org/entity/Q84714703,http://www.wikidata.org/entity/Q12124245,Molod Ukrayiny,employment
http://www.wikidata.org/entity/Q84714703,http://www.wikidata.org/entity/Q2030806,National Writers' Union of Ukraine,membership
http://www.wikidata.org/entity/Q84714703,http://www.wikidata.org/entity/Q65207663,Коммунист,employment
http://www.wikidata.org/entity/Q84720985,http://www.wikidata.org/entity/Q59421313,Higher Art School at the Imperial Academy of Arts,employment
http://www.wikidata.org/entity/Q84720985,http://www.wikidata.org/entity/Q628254,Imperial Academy of Arts,education
http://www.wikidata.org/entity/Q847345,http://www.wikidata.org/entity/Q12719874,Mircea cel Bătrân Naval Academy,education
http://www.wikidata.org/entity/Q847345,http://www.wikidata.org/entity/Q901677,Romanian Academy,membership
http://www.wikidata.org/entity/Q85870330,http://www.wikidata.org/entity/Q1484980,Polish Press Agency,employment
http://www.wikidata.org/entity/Q85870330,http://www.wikidata.org/entity/Q189441,Jagiellonian University,education
http://www.wikidata.org/entity/Q85870330,http://www.wikidata.org/entity/Q763652,Independent Students' Union,membership
http://www.wikidata.org/entity/Q862412,http://www.wikidata.org/entity/Q13164,Lomonosov Moscow State University,education
http://www.wikidata.org/entity/Q862412,http://www.wikidata.org/entity/Q1425328,USSR Union of Writers,membership
http://www.wikidata.org/entity/Q87082636,http://www.wikidata.org/entity/Q1536258,Southern Methodist University,education
http://www.wikidata.org/entity/Q87082636,http://www.wikidata.org/entity/Q49088,Columbia University,education
http://www.wikidata.org/entity/Q87082636,http://www.wikidata.org/entity/Q5642594,Hall High School,education
http://www.wikidata.org/entity/Q88645650,http://www.wikidata.org/entity/Q2847460,N.V. Drukkerij De Spaarnestad,employment
http://www.wikidata.org/entity/Q88645650,http://www.wikidata.org/entity/Q86475061,Dienst voor Legercontacten Indonesië,employment
http://www.wikidata.org/entity/Q888256,http://www.wikidata.org/entity/Q49119,Brandeis University,education
http://www.wikidata.org/entity/Q888256,http://www.wikidata.org/entity/Q8004049,William A. Shine Great Neck South High School,education
http://www.wikidata.org/entity/Q888334,http://www.wikidata.org/entity/Q1191335,Colgate University,education
http://www.wikidata.org/entity/Q888334,http://www.wikidata.org/entity/Q230492,University of Michigan,education
http://www.wikidata.org/entity/Q888334,http://www.wikidata.org/entity/Q906437,Cranbrook Educational Community,education
http://www.wikidata.org/entity/Q888334,http://www.wikidata.org/entity/Q911830,University of Michigan Law School,education
http://www.wikidata.org/entity/Q89017951,http://www.wikidata.org/entity/Q209804,Das Schwarze Korps,employment
http://www.wikidata.org/entity/Q893637,http://www.wikidata.org/entity/Q209842,University of Paris,education
http://www.wikidata.org/entity/Q89422711,http://www.wikidata.org/entity/Q16208343,Army Film and Photographic Unit,membership
http://www.wikidata.org/entity/Q89422711,http://www.wikidata.org/entity/Q2060703,British War Office,membership
http://www.wikidata.org/entity/Q89422711,http://www.wikidata.org/entity/Q222595,British Army,employment
http://www.wikidata.org/entity/Q89422711,http://www.wikidata.org/entity/Q2713264,Daily Herald,employment
http://www.wikidata.org/entity/Q89422711,http://www.wikidata.org/entity/Q7824861,Topical Press Agency,employment
http://www.wikidata.org/entity/Q89953827,http://www.wikidata.org/entity/Q168751,Duke University,education
http://www.wikidata.org/entity/Q9012555,http://www.wikidata.org/entity/Q1232428,University of the Basque Country,education
http://www.wikidata.org/entity/Q91417,http://www.wikidata.org/entity/Q1134853,Corps Franconia München,membership
http://www.wikidata.org/entity/Q91417,http://www.wikidata.org/entity/Q161976,University of Würzburg,education
http://www.wikidata.org/entity/Q91417,http://www.wikidata.org/entity/Q55044,Ludwig-Maximilians-Universität München,education
http://www.wikidata.org/entity/Q920364,http://www.wikidata.org/entity/Q372899,Magnum Photos,membership
http://www.wikidata.org/entity/Q920637,http://www.wikidata.org/entity/Q1144262,University of Western Ontario,education
http://www.wikidata.org/entity/Q920637,http://www.wikidata.org/entity/Q130879,Reuters,employment
http://www.wikidata.org/entity/Q920637,http://www.wikidata.org/entity/Q247869,"60 Minutes",employment
http://www.wikidata.org/entity/Q920637,http://www.wikidata.org/entity/Q3258959,The London Free Press,employment
http://www.wikidata.org/entity/Q920637,http://www.wikidata.org/entity/Q461761,Canadian Broadcasting Corporation,employment
http://www.wikidata.org/entity/Q920637,http://www.wikidata.org/entity/Q5654701,Harbord Collegiate Institute,education
http://www.wikidata.org/entity/Q920637,http://www.wikidata.org/entity/Q861764,CBS News,employment
http://www.wikidata.org/entity/Q922290,http://www.wikidata.org/entity/Q56837,National Research Nuclear University,education
http://www.wikidata.org/entity/Q922457,http://www.wikidata.org/entity/Q5383283,Episcopal Academy,education
http://www.wikidata.org/entity/Q922457,http://www.wikidata.org/entity/Q622137,Lehigh University,education
http://www.wikidata.org/entity/Q922484,http://www.wikidata.org/entity/Q319078,University of Melbourne,education
http://www.wikidata.org/entity/Q922552,http://www.wikidata.org/entity/Q4484266,Philological Faculty of Moscow State University,education
http://www.wikidata.org/entity/Q922552,http://www.wikidata.org/entity/Q485500,Radio Free Europe/Radio Liberty,employment
http://www.wikidata.org/entity/Q9255784,http://www.wikidata.org/entity/Q1454597,Masonic Lodge,membership
http://www.wikidata.org/entity/Q9255784,http://www.wikidata.org/entity/Q20266330,Frederick William University Berlin,education
http://www.wikidata.org/entity/Q9255784,http://www.wikidata.org/entity/Q206702,University of Zurich,education
http://www.wikidata.org/entity/Q9255784,http://www.wikidata.org/entity/Q41726,freemasonry,membership
http://www.wikidata.org/entity/Q934682,http://www.wikidata.org/entity/Q1044328,Le Nouvel Obs,employment
http://www.wikidata.org/entity/Q934682,http://www.wikidata.org/entity/Q1190852,University of Algiers 1,education
http://www.wikidata.org/entity/Q934682,http://www.wikidata.org/entity/Q770596,L'Express,employment
http://www.wikidata.org/entity/Q934820,http://www.wikidata.org/entity/Q503419,University of Arizona,education
http://www.wikidata.org/entity/Q934820,http://www.wikidata.org/entity/Q738258,University of Miami,education
http://www.wikidata.org/entity/Q9368884,http://www.wikidata.org/entity/Q113275604,Gem City Business College,education
http://www.wikidata.org/entity/Q9368884,http://www.wikidata.org/entity/Q173417,Joseph Pulitzer,employment
http://www.wikidata.org/entity/Q9368884,http://www.wikidata.org/entity/Q3495288,St. Louis Post-Dispatch,employment
http://www.wikidata.org/entity/Q9368884,http://www.wikidata.org/entity/Q470110,Ameerika Punane Rist,employment
http://www.wikidata.org/entity/Q9368884,http://www.wikidata.org/entity/Q5617088,Lindenwood University,education
http://www.wikidata.org/entity/Q9375652,http://www.wikidata.org/entity/Q189441,Jagiellonian University,education
http://www.wikidata.org/entity/Q9375652,http://www.wikidata.org/entity/Q763652,Independent Students' Union,membership
http://www.wikidata.org/entity/Q9375652,http://www.wikidata.org/entity/Q9346181,Stowarzyszenie Dziennikarzy Polskich,membership
http://www.wikidata.org/entity/Q937835,http://www.wikidata.org/entity/Q7063655,Nottingham High School,education
http://www.wikidata.org/entity/Q937835,http://www.wikidata.org/entity/Q762195,Esquire,employment
http://www.wikidata.org/entity/Q93862,http://www.wikidata.org/entity/Q691851,University of Naples Federico II,education
http://www.wikidata.org/entity/Q9391722,http://www.wikidata.org/entity/Q7210006,Polish Writers' Union,membership
http://www.wikidata.org/entity/Q959600,http://www.wikidata.org/entity/Q13717,Libération,employment
http://www.wikidata.org/entity/Q959600,http://www.wikidata.org/entity/Q166032,The Washington Post,employment
http://www.wikidata.org/entity/Q959600,http://www.wikidata.org/entity/Q1810082,Le Point,employment
http://www.wikidata.org/entity/Q959600,http://www.wikidata.org/entity/Q541548,University of Neuchâtel,employment
http://www.wikidata.org/entity/Q959600,http://www.wikidata.org/entity/Q859363,Sciences Po,education
http://www.wikidata.org/entity/Q959600,http://www.wikidata.org/entity/Q9684,The New York Times,employment
http://www.wikidata.org/entity/Q960196,http://www.wikidata.org/entity/Q1130457,Gerasimov Institute of Cinematography,education
http://www.wikidata.org/entity/Q960196,http://www.wikidata.org/entity/Q1130457,Gerasimov Institute of Cinematography,employment
http://www.wikidata.org/entity/Q960196,http://www.wikidata.org/entity/Q4430504,Association of Filmmakers of the USSR,membership
http://www.wikidata.org/entity/Q96743044,http://www.wikidata.org/entity/Q1274521,Agencia EFE,employment
http://www.wikidata.org/entity/Q96743044,http://www.wikidata.org/entity/Q16952,Peking University,education
http://www.wikidata.org/entity/Q96743044,http://www.wikidata.org/entity/Q219694,Complutense University of Madrid,education
http://www.wikidata.org/entity/Q96743044,http://www.wikidata.org/entity/Q3551375,Universidad Nebrija,employment
http://www.wikidata.org/entity/Q96743044,http://www.wikidata.org/entity/Q3918,university,employment
http://www.wikidata.org/entity/Q96743044,http://www.wikidata.org/entity/Q46862,Hubei,employment
http://www.wikidata.org/entity/Q96743044,http://www.wikidata.org/entity/Q50009,El País,employment
http://www.wikidata.org/entity/Q96773343,http://www.wikidata.org/entity/Q817902,Bennington College,education
http://www.wikidata.org/entity/Q976238,http://www.wikidata.org/entity/Q1100730,Academy of Sciences and Arts of the Republika Srpska,membership
http://www.wikidata.org/entity/Q976238,http://www.wikidata.org/entity/Q4671453,"Academy of Fine Arts, Belgrade",education
http://www.wikidata.org/entity/Q980296,http://www.wikidata.org/entity/Q6146207,University of Jamestown,education
http://www.wikidata.org/entity/Q980296,http://www.wikidata.org/entity/Q7327870,Richard Montgomery High School,education
http://www.wikidata.org/entity/Q980296,http://www.wikidata.org/entity/Q82513,Merton College,education
http://www.wikidata.org/entity/Q983434,http://www.wikidata.org/entity/Q49112,Yale University,education
http://www.wikidata.org/entity/Q983434,http://www.wikidata.org/entity/Q6675579,Loomis Chaffee School,education
http://www.wikidata.org/entity/Q98665900,http://www.wikidata.org/entity/Q13371,Harvard University,education
http://www.wikidata.org/entity/Q98665900,http://www.wikidata.org/entity/Q49117,University of Pennsylvania,education
http://www.wikidata.org/entity/Q98665900,http://www.wikidata.org/entity/Q5061195,Central High School,education
http://www.wikidata.org/entity/Q98756136,http://www.wikidata.org/entity/Q532494,New York Herald Tribune,employment
http://www.wikidata.org/entity/Q98756136,http://www.wikidata.org/entity/Q7895943,University of North Carolina at Chapel Hill School of Journalism and Mass Communication,education
http://www.wikidata.org/entity/Q99390539,http://www.wikidata.org/entity/Q34433,University of Oxford,education
http://www.wikidata.org/entity/Q99390539,http://www.wikidata.org/entity/Q7806643,Time Life,employment
http://www.wikidata.org/entity/Q99390539,http://www.wikidata.org/entity/Q824451,Boston Globe,employment
